[2026-07-20 05:33:47] [INFO] ================================================================================
[2026-07-20 05:33:47] [INFO] 🚀 ВОССТАНОВЛЕНИЕ БАЗЫ ДАННЫХ: TRBOnet_63_auto_script
[2026-07-20 05:33:47] [INFO] ================================================================================
[2026-07-20 05:33:47] [INFO] 📋 Параметры:
[2026-07-20 05:33:47] [INFO]    Источник: \\nsshare.trbonet.com\Share\Tester_common\bd_for_test\!bd_migration\bd_6.3.0
[2026-07-20 05:33:47] [INFO]    Архив: TRBOnet_6.3.0.bak.zip
[2026-07-20 05:33:47] [INFO]    Назначение: \\10.12.101.40\Database_backups
[2026-07-20 05:33:47] [INFO]    SQL Server: 10.12.101.40\SQLEXPRESS
[2026-07-20 05:33:47] [INFO]    Аутентификация: sql
[2026-07-20 05:33:47] [INFO]    База данных: TRBOnet_63_auto_script
[2026-07-20 05:33:47] [INFO] ================================================================================
[2026-07-20 05:33:47] [INFO] 
📌 ШАГ 1: Проверка архива
[2026-07-20 05:33:47] [INFO] ----------------------------------------
[2026-07-20 05:33:47] [ERROR] ❌ Архив не найден: \\nsshare.trbonet.com\Share\Tester_common\bd_for_test\!bd_migration\bd_6.3.0\TRBOnet_6.3.0.bak.zip
[2026-07-20 05:33:47] [ERROR] 
❌ Критическая ошибка: Архив не найден: \\nsshare.trbonet.com\Share\Tester_common\bd_for_test\!bd_migration\bd_6.3.0\TRBOnet_6.3.0.bak.zip
[2026-07-20 05:37:05] [INFO] ================================================================================
[2026-07-20 05:37:05] [INFO] 🚀 ВОССТАНОВЛЕНИЕ БАЗЫ ДАННЫХ: TRBOnet_63_auto_script
[2026-07-20 05:37:05] [INFO] ================================================================================
[2026-07-20 05:37:05] [INFO] 📋 Параметры:
[2026-07-20 05:37:05] [INFO]    Источник: \\nsshare.trbonet.com\Share\Tester_common\bd_for_test\!bd_migration\bd_6.3.0
[2026-07-20 05:37:05] [INFO]    Архив: TRBOnet_6.3.0.bak.zip
[2026-07-20 05:37:05] [INFO]    Назначение: \\10.12.101.40\Database_backups
[2026-07-20 05:37:05] [INFO]    SQL Server: 10.12.101.40\SQLEXPRESS
[2026-07-20 05:37:05] [INFO]    Аутентификация: sql
[2026-07-20 05:37:05] [INFO]    База данных: TRBOnet_63_auto_script
[2026-07-20 05:37:05] [INFO] ================================================================================
[2026-07-20 05:37:05] [INFO] 
📌 ШАГ 1: Проверка архива
[2026-07-20 05:37:05] [INFO] ----------------------------------------
[2026-07-20 05:37:05] [ERROR] ❌ Архив не найден: \\nsshare.trbonet.com\Share\Tester_common\bd_for_test\!bd_migration\bd_6.3.0\TRBOnet_6.3.0.bak.zip
[2026-07-20 05:37:05] [ERROR] 
❌ Критическая ошибка: Архив не найден: \\nsshare.trbonet.com\Share\Tester_common\bd_for_test\!bd_migration\bd_6.3.0\TRBOnet_6.3.0.bak.zip
[2026-07-20 05:41:04] [INFO] ================================================================================
[2026-07-20 05:41:04] [INFO] 🚀 ВОССТАНОВЛЕНИЕ БАЗЫ ДАННЫХ: TRBOnet_63_auto_script
[2026-07-20 05:41:04] [INFO] ================================================================================
[2026-07-20 05:41:04] [INFO] 📋 Параметры:
[2026-07-20 05:41:04] [INFO]    Источник: \\nsshare.trbonet.com\Share\Tester_common\bd_for_test\!bd_migration\bd_6.3.0
[2026-07-20 05:41:04] [INFO]    Архив: TRBOnet_6.3.0.bak.zip
[2026-07-20 05:41:04] [INFO]    Назначение: \\10.12.101.40\Database_backups
[2026-07-20 05:41:04] [INFO]    SQL Server: 10.12.101.40\SQLEXPRESS
[2026-07-20 05:41:04] [INFO]    Аутентификация: sql
[2026-07-20 05:41:04] [INFO]    База данных: TRBOnet_63_auto_script
[2026-07-20 05:41:04] [INFO] ================================================================================
[2026-07-20 05:41:04] [INFO] 
📌 ШАГ 1: Проверка архива
[2026-07-20 05:41:04] [INFO] ----------------------------------------
[2026-07-20 05:41:04] [INFO] ✅ Архив найден: \\nsshare.trbonet.com\Share\Tester_common\bd_for_test\!bd_migration\bd_6.3.0\TRBOnet_6.3.0.bak.zip
[2026-07-20 05:41:04] [INFO]    Размер: 785.22 МБ
[2026-07-20 05:41:04] [INFO] 
📌 ШАГ 2: Проверка свободного места
[2026-07-20 05:41:04] [INFO] ----------------------------------------
[2026-07-20 05:41:04] [WARNING] Не удалось определить свободное место
[2026-07-20 05:41:04] [INFO] 
📌 ШАГ 3: Копирование архива
[2026-07-20 05:41:04] [INFO] ----------------------------------------
[2026-07-20 05:41:04] [ERROR] 
❌ Критическая ошибка: [WinError 67] The network name cannot be found: '\\\\10.12.101.40\\Database_backups'
[2026-07-20 07:40:58] [INFO] ================================================================================
[2026-07-20 07:40:58] [INFO] 🚀 ВОССТАНОВЛЕНИЕ БАЗЫ ДАННЫХ: TRBOnet_63_auto_script
[2026-07-20 07:40:58] [INFO] ================================================================================
[2026-07-20 07:40:58] [INFO] 📋 Параметры:
[2026-07-20 07:40:58] [INFO]    Источник: \\nsshare.trbonet.com\Share\Tester_common\bd_for_test\!bd_migration\bd_6.3.0
[2026-07-20 07:40:58] [INFO]    Архив: TRBOnet_6.3.0.bak.zip
[2026-07-20 07:40:58] [INFO]    Назначение: \\10.12.101.40\Database_backups
[2026-07-20 07:40:58] [INFO]    SQL Server: 10.12.101.40\SQLEXPRESS
[2026-07-20 07:40:58] [INFO]    Аутентификация: sql
[2026-07-20 07:40:58] [INFO]    База данных: TRBOnet_63_auto_script
[2026-07-20 07:40:58] [INFO]    Сетевой пользователь: TRBONET\e.nikitina
[2026-07-20 07:40:58] [INFO] ================================================================================
[2026-07-20 07:40:58] [INFO] 
📌 ШАГ 0: Подготовка сетевого доступа
[2026-07-20 07:40:58] [INFO] ----------------------------------------
[2026-07-20 07:40:58] [INFO] 🔗 Подключение к сетевой папке: \\nsshare.trbonet.com\Share\Tester_common\bd_for_test\!bd_migration\bd_6.3.0
[2026-07-20 07:40:58] [INFO] ✅ Папка уже доступна
[2026-07-20 07:40:58] [INFO] 🔗 Подключение к сетевой папке: \\10.12.101.40\Database_backups
[2026-07-20 07:41:00] [ERROR] ❌ Ошибка подключения: System error 1219 has occurred.

Multiple connections to a server or shared resource by the same user, using more than one user name, are not allowed. Disconnect all previous connections to the server or shared resource and try again.
[2026-07-20 07:41:00] [WARNING] ⚠️ Папка назначения не доступна: \\10.12.101.40\Database_backups
[2026-07-20 07:41:00] [WARNING] ⚠️ Не удалось создать папку назначения: [WinError 67] The network name cannot be found: '\\\\10.12.101.40\\Database_backups'
[2026-07-20 07:41:00] [INFO] 
📌 ШАГ 1: Проверка архива
[2026-07-20 07:41:00] [INFO] ----------------------------------------
[2026-07-20 07:41:00] [INFO] ✅ Архив найден: \\nsshare.trbonet.com\Share\Tester_common\bd_for_test\!bd_migration\bd_6.3.0\TRBOnet_6.3.0.bak.zip
[2026-07-20 07:41:00] [INFO]    Размер: 785.22 МБ
[2026-07-20 07:41:00] [INFO] 
📌 ШАГ 2: Проверка свободного места
[2026-07-20 07:41:00] [INFO] ----------------------------------------
[2026-07-20 07:41:00] [WARNING] Не удалось определить свободное место
[2026-07-20 07:41:00] [INFO] 
📌 ШАГ 3: Копирование архива
[2026-07-20 07:41:00] [INFO] ----------------------------------------
[2026-07-20 07:41:00] [ERROR] 
❌ Критическая ошибка: [WinError 67] The network name cannot be found: '\\\\10.12.101.40\\Database_backups'
[2026-07-21 01:08:04] [INFO] ================================================================================
[2026-07-21 01:08:04] [INFO] 🚀 ВОССТАНОВЛЕНИЕ БАЗЫ ДАННЫХ: TRBOnet_63_auto_script
[2026-07-21 01:08:04] [INFO] ================================================================================
[2026-07-21 01:08:04] [INFO] 📋 Параметры:
[2026-07-21 01:08:04] [INFO]    Источник: \\nsshare.trbonet.com\Share\Tester_common\bd_for_test\!bd_migration\bd_6.3.0
[2026-07-21 01:08:04] [INFO]    Архив: TRBOnet_6.3.0.bak.zip
[2026-07-21 01:08:04] [INFO]    Назначение: \\10.12.101.40\Database_backups
[2026-07-21 01:08:04] [INFO]    SQL Server: 10.12.101.40\SQLEXPRESS
[2026-07-21 01:08:04] [INFO]    Аутентификация: sql
[2026-07-21 01:08:04] [INFO]    База данных: TRBOnet_63_auto_script
[2026-07-21 01:08:04] [INFO]    Сетевой пользователь: TRBONET\e.nikitina
[2026-07-21 01:08:04] [INFO] ================================================================================
[2026-07-21 01:08:04] [INFO] 
📌 ШАГ 0: Подготовка сетевого доступа
[2026-07-21 01:08:04] [INFO] ----------------------------------------
[2026-07-21 01:08:04] [INFO] 🔗 Подключение к сетевой папке: \\nsshare.trbonet.com\Share\Tester_common\bd_for_test\!bd_migration\bd_6.3.0
[2026-07-21 01:08:04] [INFO] ✅ Папка уже доступна
[2026-07-21 01:08:04] [INFO] 🔗 Подключение к сетевой папке: \\10.12.101.40\Database_backups
[2026-07-21 01:08:06] [ERROR] ❌ Ошибка подключения: System error 1219 has occurred.

Multiple connections to a server or shared resource by the same user, using more than one user name, are not allowed. Disconnect all previous connections to the server or shared resource and try again.
[2026-07-21 01:08:06] [WARNING] ⚠️ Папка назначения не доступна: \\10.12.101.40\Database_backups
[2026-07-21 01:08:06] [WARNING] ⚠️ Не удалось создать папку назначения: [WinError 67] The network name cannot be found: '\\\\10.12.101.40\\Database_backups'
[2026-07-21 01:08:06] [INFO] 
📌 ШАГ 1: Проверка архива
[2026-07-21 01:08:06] [INFO] ----------------------------------------
[2026-07-21 01:08:06] [INFO] ✅ Архив найден: \\nsshare.trbonet.com\Share\Tester_common\bd_for_test\!bd_migration\bd_6.3.0\TRBOnet_6.3.0.bak.zip
[2026-07-21 01:08:06] [INFO]    Размер: 785.22 МБ
[2026-07-21 01:08:06] [INFO] 
📌 ШАГ 2: Проверка свободного места
[2026-07-21 01:08:06] [INFO] ----------------------------------------
[2026-07-21 01:08:06] [WARNING] Не удалось определить свободное место
[2026-07-21 01:08:06] [INFO] 
📌 ШАГ 3: Копирование архива
[2026-07-21 01:08:06] [INFO] ----------------------------------------
[2026-07-21 01:08:06] [ERROR] 
❌ Критическая ошибка: [WinError 67] The network name cannot be found: '\\\\10.12.101.40\\Database_backups'
[2026-07-21 01:10:37] [INFO] ================================================================================
[2026-07-21 01:10:37] [INFO] 🚀 ВОССТАНОВЛЕНИЕ БАЗЫ ДАННЫХ: TRBOnet_63_auto_script
[2026-07-21 01:10:37] [INFO] ================================================================================
[2026-07-21 01:10:37] [INFO] 📋 Параметры:
[2026-07-21 01:10:37] [INFO]    Источник: \\nsshare.trbonet.com\Share\Tester_common\bd_for_test\!bd_migration\bd_6.3.0
[2026-07-21 01:10:37] [INFO]    Архив: TRBOnet_6.3.0.bak.zip
[2026-07-21 01:10:37] [INFO]    Назначение: \\10.12.101.40\Database_backups
[2026-07-21 01:10:37] [INFO]    SQL Server: 10.12.101.40\SQLEXPRESS
[2026-07-21 01:10:37] [INFO]    Аутентификация: sql
[2026-07-21 01:10:37] [INFO]    База данных: TRBOnet_63_auto_script
[2026-07-21 01:10:37] [INFO]    Сетевой пользователь: TRBONET\e.nikitina
[2026-07-21 01:10:37] [INFO] ================================================================================
[2026-07-21 01:10:37] [INFO] 
📌 ШАГ 0: Подготовка сетевого доступа
[2026-07-21 01:10:37] [INFO] ----------------------------------------
[2026-07-21 01:10:37] [INFO] 🔗 Подключение к сетевой папке: \\nsshare.trbonet.com\Share\Tester_common\bd_for_test\!bd_migration\bd_6.3.0
[2026-07-21 01:10:37] [INFO] ✅ Папка уже доступна
[2026-07-21 01:10:37] [INFO] 🔗 Подключение к сетевой папке: \\10.12.101.40\Database_backups
[2026-07-21 01:10:39] [ERROR] ❌ Ошибка подключения: System error 1219 has occurred.

Multiple connections to a server or shared resource by the same user, using more than one user name, are not allowed. Disconnect all previous connections to the server or shared resource and try again.
[2026-07-21 01:10:39] [WARNING] ⚠️ Папка назначения не доступна: \\10.12.101.40\Database_backups
[2026-07-21 01:10:39] [WARNING] ⚠️ Не удалось создать папку назначения: [WinError 67] The network name cannot be found: '\\\\10.12.101.40\\Database_backups'
[2026-07-21 01:10:39] [INFO] 
📌 ШАГ 1: Проверка архива
[2026-07-21 01:10:39] [INFO] ----------------------------------------
[2026-07-21 01:10:39] [INFO] ✅ Архив найден: \\nsshare.trbonet.com\Share\Tester_common\bd_for_test\!bd_migration\bd_6.3.0\TRBOnet_6.3.0.bak.zip
[2026-07-21 01:10:39] [INFO]    Размер: 785.22 МБ
[2026-07-21 01:10:39] [INFO] 
📌 ШАГ 2: Проверка свободного места
[2026-07-21 01:10:39] [INFO] ----------------------------------------
[2026-07-21 01:10:39] [WARNING] Не удалось определить свободное место
[2026-07-21 01:10:39] [INFO] 
📌 ШАГ 3: Копирование архива
[2026-07-21 01:10:39] [INFO] ----------------------------------------
[2026-07-21 01:10:39] [INFO] 🔗 Подключение к папке назначения: \\10.12.101.40\Database_backups
[2026-07-21 01:10:39] [INFO] 🔗 Подключение к сетевой папке: \\10.12.101.40\Database_backups
[2026-07-21 01:10:41] [ERROR] ❌ Ошибка подключения: System error 1219 has occurred.

Multiple connections to a server or shared resource by the same user, using more than one user name, are not allowed. Disconnect all previous connections to the server or shared resource and try again.
[2026-07-21 01:10:41] [WARNING] ⚠️ Папка назначения не найдена: \\10.12.101.40\Database_backups
[2026-07-21 01:10:41] [INFO]    Попытка создать папку...
[2026-07-21 01:10:41] [ERROR] ❌ Не удалось создать папку назначения: \\10.12.101.40\Database_backups ([WinError 67] The network name cannot be found: '\\\\10.12.101.40\\Database_backups')
[2026-07-21 01:10:41] [ERROR] 
❌ Критическая ошибка: Не удалось создать папку назначения: \\10.12.101.40\Database_backups ([WinError 67] The network name cannot be found: '\\\\10.12.101.40\\Database_backups')
[2026-07-21 01:13:05] [INFO] ================================================================================
[2026-07-21 01:13:05] [INFO] 🚀 ВОССТАНОВЛЕНИЕ БАЗЫ ДАННЫХ: TRBOnet_63_auto_script
[2026-07-21 01:13:05] [INFO] ================================================================================
[2026-07-21 01:13:05] [INFO] 📋 Параметры:
[2026-07-21 01:13:05] [INFO]    Источник: \\nsshare.trbonet.com\Share\Tester_common\bd_for_test\!bd_migration\bd_6.3.0
[2026-07-21 01:13:05] [INFO]    Архив: TRBOnet_6.3.0.bak.zip
[2026-07-21 01:13:05] [INFO]    Назначение: D:\Database_Backups
[2026-07-21 01:13:05] [INFO]    SQL Server: 10.12.101.40\SQLEXPRESS
[2026-07-21 01:13:05] [INFO]    Аутентификация: sql
[2026-07-21 01:13:05] [INFO]    База данных: TRBOnet_63_auto_script
[2026-07-21 01:13:05] [INFO]    Сетевой пользователь: TRBONET\e.nikitina
[2026-07-21 01:13:05] [INFO] ================================================================================
[2026-07-21 01:13:05] [INFO] 
📌 ШАГ 0: Подготовка сетевого доступа
[2026-07-21 01:13:05] [INFO] ----------------------------------------
[2026-07-21 01:13:05] [INFO] 🔗 Подключение к сетевой папке: \\nsshare.trbonet.com\Share\Tester_common\bd_for_test\!bd_migration\bd_6.3.0
[2026-07-21 01:13:05] [INFO] ✅ Папка уже доступна
[2026-07-21 01:13:05] [WARNING] ⚠️ Папка назначения не доступна: D:\Database_Backups
[2026-07-21 01:13:05] [WARNING] ⚠️ Не удалось создать папку назначения: [WinError 5] Access is denied: 'D:\\Database_Backups'
[2026-07-21 01:13:05] [INFO] 
📌 ШАГ 1: Проверка архива
[2026-07-21 01:13:05] [INFO] ----------------------------------------
[2026-07-21 01:13:05] [INFO] ✅ Архив найден: \\nsshare.trbonet.com\Share\Tester_common\bd_for_test\!bd_migration\bd_6.3.0\TRBOnet_6.3.0.bak.zip
[2026-07-21 01:13:05] [INFO]    Размер: 785.22 МБ
[2026-07-21 01:13:05] [INFO] 
📌 ШАГ 2: Проверка свободного места
[2026-07-21 01:13:05] [INFO] ----------------------------------------
[2026-07-21 01:13:05] [WARNING] Не удалось определить свободное место
[2026-07-21 01:13:05] [INFO] 
📌 ШАГ 3: Копирование архива
[2026-07-21 01:13:05] [INFO] ----------------------------------------
[2026-07-21 01:13:05] [WARNING] ⚠️ Папка назначения не найдена: D:\Database_Backups
[2026-07-21 01:13:05] [INFO]    Попытка создать папку...
[2026-07-21 01:13:05] [ERROR] ❌ Не удалось создать папку назначения: D:\Database_Backups ([WinError 5] Access is denied: 'D:\\Database_Backups')
[2026-07-21 01:13:05] [ERROR] 
❌ Критическая ошибка: Не удалось создать папку назначения: D:\Database_Backups ([WinError 5] Access is denied: 'D:\\Database_Backups')
[2026-07-21 01:19:18] [INFO] ================================================================================
[2026-07-21 01:19:18] [INFO] 🚀 ВОССТАНОВЛЕНИЕ БАЗЫ ДАННЫХ: TRBOnet_63_auto_script
[2026-07-21 01:19:18] [INFO] ================================================================================
[2026-07-21 01:19:18] [INFO] 📋 Параметры:
[2026-07-21 01:19:18] [INFO]    Источник: \\nsshare.trbonet.com\Share\Tester_common\bd_for_test\!bd_migration\bd_6.3.0
[2026-07-21 01:19:18] [INFO]    Архив: TRBOnet_6.3.0.bak.zip
[2026-07-21 01:19:18] [INFO]    Назначение: \\10.12.101.40\Databases backups
[2026-07-21 01:19:18] [INFO]    SQL Server: 10.12.101.40\SQLEXPRESS
[2026-07-21 01:19:18] [INFO]    Аутентификация: sql
[2026-07-21 01:19:18] [INFO]    База данных: TRBOnet_63_auto_script
[2026-07-21 01:19:18] [INFO]    Сетевой пользователь: TRBONET\e.nikitina
[2026-07-21 01:19:18] [INFO] ================================================================================
[2026-07-21 01:19:18] [INFO] 
📌 ШАГ 0: Подготовка сетевого доступа
[2026-07-21 01:19:18] [INFO] ----------------------------------------
[2026-07-21 01:19:18] [INFO] 🔗 Подключение к сетевой папке: \\nsshare.trbonet.com\Share\Tester_common\bd_for_test\!bd_migration\bd_6.3.0
[2026-07-21 01:19:18] [INFO] ✅ Папка уже доступна
[2026-07-21 01:19:18] [INFO] 🔗 Подключение к сетевой папке: \\10.12.101.40\Databases backups
[2026-07-21 01:19:18] [INFO] ✅ Папка уже доступна
[2026-07-21 01:19:18] [INFO] 
📌 ШАГ 1: Проверка архива
[2026-07-21 01:19:18] [INFO] ----------------------------------------
[2026-07-21 01:19:18] [INFO] ✅ Архив найден: \\nsshare.trbonet.com\Share\Tester_common\bd_for_test\!bd_migration\bd_6.3.0\TRBOnet_6.3.0.bak.zip
[2026-07-21 01:19:18] [INFO]    Размер: 785.22 МБ
[2026-07-21 01:19:18] [INFO] 
📌 ШАГ 2: Проверка свободного места
[2026-07-21 01:19:18] [INFO] ----------------------------------------
[2026-07-21 01:19:18] [INFO] ✅ Свободного места достаточно: 172.60 ГБ
[2026-07-21 01:19:18] [INFO] 
📌 ШАГ 3: Копирование архива
[2026-07-21 01:19:18] [INFO] ----------------------------------------
[2026-07-21 01:19:18] [INFO] 🔗 Подключение к папке назначения: \\10.12.101.40\Databases backups
[2026-07-21 01:19:18] [INFO] 🔗 Подключение к сетевой папке: \\10.12.101.40\Databases backups
[2026-07-21 01:19:18] [INFO] ✅ Папка уже доступна
[2026-07-21 01:19:18] [INFO] ✅ Папка назначения существует: \\10.12.101.40\Databases backups
[2026-07-21 01:19:18] [INFO] 📦 Копирование файла:
[2026-07-21 01:19:18] [INFO]    Источник: \\nsshare.trbonet.com\Share\Tester_common\bd_for_test\!bd_migration\bd_6.3.0\TRBOnet_6.3.0.bak.zip
[2026-07-21 01:19:18] [INFO]    Назначение: \\10.12.101.40\Databases backups\TRBOnet_6.3.0.bak.zip
[2026-07-21 01:19:18] [INFO]    Размер: 785.22 МБ
[2026-07-21 01:19:18] [INFO]    Попытка 1/3...
[2026-07-21 01:19:24] [INFO]   32.00 МБ / 785.22 МБ (4.1%) | Скорость: 5.33 МБ/с | Осталось: 2 мин 21 сек
[2026-07-21 01:19:30] [INFO]   64.00 МБ / 785.22 МБ (8.2%) | Скорость: 5.41 МБ/с | Осталось: 2 мин 13 сек
[2026-07-21 01:19:36] [INFO]   96.00 МБ / 785.22 МБ (12.2%) | Скорость: 5.44 МБ/с | Осталось: 2 мин 7 сек
[2026-07-21 01:19:42] [INFO]   128.00 МБ / 785.22 МБ (16.3%) | Скорость: 5.46 МБ/с | Осталось: 2 мин 0 сек
[2026-07-21 01:19:48] [INFO]   160.00 МБ / 785.22 МБ (20.4%) | Скорость: 5.47 МБ/с | Осталось: 1 мин 54 сек
[2026-07-21 01:19:54] [INFO]   192.00 МБ / 785.22 МБ (24.5%) | Скорость: 5.48 МБ/с | Осталось: 1 мин 48 сек
[2026-07-21 01:19:59] [INFO]   224.00 МБ / 785.22 МБ (28.5%) | Скорость: 5.49 МБ/с | Осталось: 1 мин 42 сек
[2026-07-21 01:20:05] [INFO]   256.00 МБ / 785.22 МБ (32.6%) | Скорость: 5.49 МБ/с | Осталось: 1 мин 36 сек
[2026-07-21 01:20:11] [INFO]   288.00 МБ / 785.22 МБ (36.7%) | Скорость: 5.49 МБ/с | Осталось: 1 мин 31 сек
[2026-07-21 01:20:17] [INFO]   320.00 МБ / 785.22 МБ (40.8%) | Скорость: 5.49 МБ/с | Осталось: 1 мин 25 сек
[2026-07-21 01:20:23] [INFO]   352.00 МБ / 785.22 МБ (44.8%) | Скорость: 5.50 МБ/с | Осталось: 1 мин 19 сек
[2026-07-21 01:20:28] [INFO]   384.00 МБ / 785.22 МБ (48.9%) | Скорость: 5.50 МБ/с | Осталось: 1 мин 13 сек
[2026-07-21 01:20:34] [INFO]   416.00 МБ / 785.22 МБ (53.0%) | Скорость: 5.50 МБ/с | Осталось: 1 мин 7 сек
[2026-07-21 01:20:40] [INFO]   448.00 МБ / 785.22 МБ (57.1%) | Скорость: 5.50 МБ/с | Осталось: 1 мин 1 сек
[2026-07-21 01:20:46] [INFO]   480.00 МБ / 785.22 МБ (61.1%) | Скорость: 5.50 МБ/с | Осталось: 55 сек
[2026-07-21 01:20:51] [INFO]   512.00 МБ / 785.22 МБ (65.2%) | Скорость: 5.50 МБ/с | Осталось: 50 сек
[2026-07-21 01:20:57] [INFO]   544.00 МБ / 785.22 МБ (69.3%) | Скорость: 5.50 МБ/с | Осталось: 44 сек
[2026-07-21 01:21:03] [INFO]   576.00 МБ / 785.22 МБ (73.4%) | Скорость: 5.51 МБ/с | Осталось: 38 сек
[2026-07-21 01:21:09] [INFO]   608.00 МБ / 785.22 МБ (77.4%) | Скорость: 5.51 МБ/с | Осталось: 32 сек
[2026-07-21 01:21:15] [INFO]   640.00 МБ / 785.22 МБ (81.5%) | Скорость: 5.51 МБ/с | Осталось: 26 сек
[2026-07-21 01:21:21] [INFO]   672.00 МБ / 785.22 МБ (85.6%) | Скорость: 5.51 МБ/с | Осталось: 21 сек
[2026-07-21 01:21:26] [INFO]   704.00 МБ / 785.22 МБ (89.7%) | Скорость: 5.51 МБ/с | Осталось: 15 сек
[2026-07-21 01:21:32] [INFO]   736.00 МБ / 785.22 МБ (93.7%) | Скорость: 5.51 МБ/с | Осталось: 9 сек
[2026-07-21 01:21:38] [INFO]   768.00 МБ / 785.22 МБ (97.8%) | Скорость: 5.51 МБ/с | Осталось: 3 сек
[2026-07-21 01:21:40] [INFO]   785.22 МБ / 785.22 МБ (100.0%) | Скорость: 5.54 МБ/с | Осталось: 0 сек
[2026-07-21 01:21:40] [INFO] ✅ Файл скопирован за 2 мин 22 сек (средняя скорость: 5.53 МБ/с)
[2026-07-21 01:21:40] [INFO] 
📌 ШАГ 4: Разархивация
[2026-07-21 01:21:40] [INFO] ----------------------------------------
[2026-07-21 01:21:40] [INFO] 📦 Разархивация: \\10.12.101.40\Databases backups\TRBOnet_6.3.0.bak.zip
[2026-07-21 01:21:40] [INFO]    Назначение: \\10.12.101.40\Databases backups
[2026-07-21 01:22:57] [INFO]    Файлов в архиве: 1
[2026-07-21 01:30:40] [INFO]   Разархивация: 100.0% завершено
[2026-07-21 01:30:40] [INFO] ✅ Архив распакован за 7 мин 43 сек
[2026-07-21 01:30:40] [INFO]    Найден .bak-файл: TRBOnet_6.3.0.bak (4.69 ГБ)
[2026-07-21 01:30:40] [INFO] 
📌 ШАГ 5: Подключение к SQL Server
[2026-07-21 01:30:40] [INFO] ----------------------------------------
[2026-07-21 01:30:40] [INFO] 🔌 Подключение к SQL Server: 10.12.101.40\SQLEXPRESS
[2026-07-21 01:30:40] [INFO] ✅ Подключено к SQL Server
[2026-07-21 01:30:40] [INFO]    Версия: Microsoft SQL Server 2025
[2026-07-21 01:30:40] [INFO] 
📌 ШАГ 6: Восстановление базы данных
[2026-07-21 01:30:40] [INFO] ----------------------------------------
[2026-07-21 01:30:40] [INFO] 🔄 Восстановление базы данных TRBOnet_63_auto_script из TRBOnet_6.3.0.bak
[2026-07-21 01:30:40] [INFO]    Размер файла: 4.69 ГБ
[2026-07-21 01:30:40] [INFO]    Получение информации о файлах из бэкапа...
[2026-07-21 01:30:41] [INFO]    Файл данных: TRBOnet → \\10.12.101.40\Databases backups\TRBOnet_63_auto_script.mdf
[2026-07-21 01:30:41] [INFO]    Файл лога: TRBOnet_log → \\10.12.101.40\Databases backups\TRBOnet_63_auto_script_log.ldf
[2026-07-21 01:30:41] [INFO]    Выполнение восстановления (это может занять длительное время)...
[2026-07-21 01:30:41] [ERROR] ❌ Ошибка SQL: ('42000', '[42000] [Microsoft][ODBC Driver 17 for SQL Server][SQL Server]Cannot perform a backup or restore operation within a transaction. (3021) (SQLExecDirectW); [42000] [Microsoft][ODBC Driver 17 for SQL Server][SQL Server]RESTORE DATABASE is terminating abnormally. (3013)')
[2026-07-21 01:30:41] [ERROR] ❌ Ошибка при восстановлении базы данных
[2026-07-21 01:30:41] [ERROR] ❌ Ошибка при восстановлении: Ошибка при восстановлении базы данных
[2026-07-21 01:30:41] [INFO] 🗑️ Удалён файл: TRBOnet_6.3.0.bak.zip
[2026-07-21 01:30:41] [INFO] 🗑️ Удалён файл: TRBOnet_6.3.0.bak
[2026-07-21 01:30:41] [ERROR] 
❌ Критическая ошибка: Ошибка при восстановлении базы данных
[2026-07-21 01:37:38] [INFO] ================================================================================
[2026-07-21 01:37:38] [INFO] 🚀 ВОССТАНОВЛЕНИЕ БАЗЫ ДАННЫХ: TRBOnet_63_auto_script
[2026-07-21 01:37:38] [INFO] ================================================================================
[2026-07-21 01:37:38] [INFO] 📋 Параметры:
[2026-07-21 01:37:38] [INFO]    Источник: \\nsshare.trbonet.com\Share\Tester_common\bd_for_test\!bd_migration\bd_6.3.0
[2026-07-21 01:37:38] [INFO]    Архив: TRBOnet_6.3.0.bak.zip
[2026-07-21 01:37:38] [INFO]    Назначение: \\10.12.101.40\Databases backups
[2026-07-21 01:37:38] [INFO]    SQL Server: 10.12.101.40\SQLEXPRESS
[2026-07-21 01:37:38] [INFO]    Аутентификация: sql
[2026-07-21 01:37:38] [INFO]    База данных: TRBOnet_63_auto_script
[2026-07-21 01:37:38] [INFO]    Сетевой пользователь: TRBONET\e.nikitina
[2026-07-21 01:37:38] [INFO] ================================================================================
[2026-07-21 01:37:38] [INFO] 
📌 ШАГ 0: Подготовка сетевого доступа
[2026-07-21 01:37:38] [INFO] ----------------------------------------
[2026-07-21 01:37:38] [INFO] 🔗 Подключение к сетевой папке: \\nsshare.trbonet.com\Share\Tester_common\bd_for_test\!bd_migration\bd_6.3.0
[2026-07-21 01:37:38] [INFO] ✅ Папка уже доступна
[2026-07-21 01:37:38] [INFO] 🔗 Подключение к сетевой папке: \\10.12.101.40\Databases backups
[2026-07-21 01:37:38] [INFO] ✅ Папка уже доступна
[2026-07-21 01:37:38] [INFO] 
📌 ШАГ 1: Проверка архива
[2026-07-21 01:37:38] [INFO] ----------------------------------------
[2026-07-21 01:37:38] [INFO] ✅ Архив найден: \\nsshare.trbonet.com\Share\Tester_common\bd_for_test\!bd_migration\bd_6.3.0\TRBOnet_6.3.0.bak.zip
[2026-07-21 01:37:38] [INFO]    Размер: 785.22 МБ
[2026-07-21 01:37:38] [INFO] 
📌 ШАГ 2: Проверка свободного места
[2026-07-21 01:37:38] [INFO] ----------------------------------------
[2026-07-21 01:37:38] [INFO] ✅ Свободного места достаточно: 177.29 ГБ
[2026-07-21 01:37:38] [INFO] 
📌 ШАГ 3: Копирование архива
[2026-07-21 01:37:38] [INFO] ----------------------------------------
[2026-07-21 01:37:38] [INFO] 🔗 Подключение к папке назначения: \\10.12.101.40\Databases backups
[2026-07-21 01:37:38] [INFO] 🔗 Подключение к сетевой папке: \\10.12.101.40\Databases backups
[2026-07-21 01:37:38] [INFO] ✅ Папка уже доступна
[2026-07-21 01:37:38] [INFO] ✅ Папка назначения существует: \\10.12.101.40\Databases backups
[2026-07-21 01:37:38] [INFO] 📦 Копирование файла:
[2026-07-21 01:37:38] [INFO]    Источник: \\nsshare.trbonet.com\Share\Tester_common\bd_for_test\!bd_migration\bd_6.3.0\TRBOnet_6.3.0.bak.zip
[2026-07-21 01:37:38] [INFO]    Назначение: \\10.12.101.40\Databases backups\TRBOnet_6.3.0.bak.zip
[2026-07-21 01:37:38] [INFO]    Размер: 785.22 МБ
[2026-07-21 01:37:38] [INFO]    Попытка 1/3...
[2026-07-21 01:37:44] [INFO]   32.00 МБ / 785.22 МБ (4.1%) | Скорость: 5.16 МБ/с | Осталось: 2 мин 26 сек
[2026-07-21 01:37:50] [INFO]   64.00 МБ / 785.22 МБ (8.2%) | Скорость: 5.32 МБ/с | Осталось: 2 мин 16 сек
[2026-07-21 01:37:56] [INFO]   96.00 МБ / 785.22 МБ (12.2%) | Скорость: 5.38 МБ/с | Осталось: 2 мин 8 сек
[2026-07-21 01:38:02] [INFO]   128.00 МБ / 785.22 МБ (16.3%) | Скорость: 5.42 МБ/с | Осталось: 2 мин 1 сек
[2026-07-21 01:38:08] [INFO]   160.00 МБ / 785.22 МБ (20.4%) | Скорость: 5.44 МБ/с | Осталось: 1 мин 55 сек
[2026-07-21 01:38:13] [INFO]   192.00 МБ / 785.22 МБ (24.5%) | Скорость: 5.46 МБ/с | Осталось: 1 мин 49 сек
[2026-07-21 01:38:19] [INFO]   224.00 МБ / 785.22 МБ (28.5%) | Скорость: 5.46 МБ/с | Осталось: 1 мин 43 сек
[2026-07-21 01:38:25] [INFO]   256.00 МБ / 785.22 МБ (32.6%) | Скорость: 5.47 МБ/с | Осталось: 1 мин 37 сек
[2026-07-21 01:38:31] [INFO]   288.00 МБ / 785.22 МБ (36.7%) | Скорость: 5.47 МБ/с | Осталось: 1 мин 31 сек
[2026-07-21 01:38:37] [INFO]   320.00 МБ / 785.22 МБ (40.8%) | Скорость: 5.48 МБ/с | Осталось: 1 мин 25 сек
[2026-07-21 01:38:42] [INFO]   352.00 МБ / 785.22 МБ (44.8%) | Скорость: 5.48 МБ/с | Осталось: 1 мин 19 сек
[2026-07-21 01:38:48] [INFO]   384.00 МБ / 785.22 МБ (48.9%) | Скорость: 5.48 МБ/с | Осталось: 1 мин 13 сек
[2026-07-21 01:38:54] [INFO]   416.00 МБ / 785.22 МБ (53.0%) | Скорость: 5.48 МБ/с | Осталось: 1 мин 7 сек
[2026-07-21 01:39:00] [INFO]   448.00 МБ / 785.22 МБ (57.1%) | Скорость: 5.49 МБ/с | Осталось: 1 мин 1 сек
[2026-07-21 01:39:06] [INFO]   480.00 МБ / 785.22 МБ (61.1%) | Скорость: 5.49 МБ/с | Осталось: 56 сек
[2026-07-21 01:39:11] [INFO]   512.00 МБ / 785.22 МБ (65.2%) | Скорость: 5.49 МБ/с | Осталось: 50 сек
[2026-07-21 01:39:17] [INFO]   544.00 МБ / 785.22 МБ (69.3%) | Скорость: 5.49 МБ/с | Осталось: 44 сек
[2026-07-21 01:39:23] [INFO]   576.00 МБ / 785.22 МБ (73.4%) | Скорость: 5.49 МБ/с | Осталось: 38 сек
[2026-07-21 01:39:29] [INFO]   608.00 МБ / 785.22 МБ (77.4%) | Скорость: 5.49 МБ/с | Осталось: 32 сек
[2026-07-21 01:39:35] [INFO]   640.00 МБ / 785.22 МБ (81.5%) | Скорость: 5.49 МБ/с | Осталось: 26 сек
[2026-07-21 01:39:41] [INFO]   672.00 МБ / 785.22 МБ (85.6%) | Скорость: 5.49 МБ/с | Осталось: 21 сек
[2026-07-21 01:39:46] [INFO]   704.00 МБ / 785.22 МБ (89.7%) | Скорость: 5.49 МБ/с | Осталось: 15 сек
[2026-07-21 01:39:52] [INFO]   736.00 МБ / 785.22 МБ (93.7%) | Скорость: 5.49 МБ/с | Осталось: 9 сек
[2026-07-21 01:39:58] [INFO]   768.00 МБ / 785.22 МБ (97.8%) | Скорость: 5.49 МБ/с | Осталось: 3 сек
[2026-07-21 01:40:00] [INFO]   785.22 МБ / 785.22 МБ (100.0%) | Скорость: 5.52 МБ/с | Осталось: 0 сек
[2026-07-21 01:40:00] [INFO] ✅ Файл скопирован за 2 мин 22 сек (средняя скорость: 5.52 МБ/с)
[2026-07-21 01:40:00] [INFO] 
📌 ШАГ 4: Разархивация
[2026-07-21 01:40:00] [INFO] ----------------------------------------
[2026-07-21 01:40:00] [INFO] 📦 Разархивация: \\10.12.101.40\Databases backups\TRBOnet_6.3.0.bak.zip
[2026-07-21 01:40:00] [INFO]    Назначение: \\10.12.101.40\Databases backups
[2026-07-21 01:41:17] [INFO]    Файлов в архиве: 1
[2026-07-21 01:49:01] [INFO]   Разархивация: 100.0% завершено
[2026-07-21 01:49:01] [INFO] ✅ Архив распакован за 7 мин 44 сек
[2026-07-21 01:49:01] [INFO]    Найден .bak-файл: TRBOnet_6.3.0.bak (4.69 ГБ)
[2026-07-21 01:49:01] [INFO] 
📌 ШАГ 5: Подключение к SQL Server
[2026-07-21 01:49:01] [INFO] ----------------------------------------
[2026-07-21 01:49:01] [INFO] 🔌 Подключение к SQL Server: 10.12.101.40\SQLEXPRESS
[2026-07-21 01:49:02] [INFO] ✅ Подключено к SQL Server
[2026-07-21 01:49:02] [INFO]    Версия: Microsoft SQL Server 2025
[2026-07-21 01:49:02] [INFO] 
📌 ШАГ 6: Восстановление базы данных
[2026-07-21 01:49:02] [INFO] ----------------------------------------
[2026-07-21 01:49:02] [INFO] 🔄 Восстановление базы данных TRBOnet_63_auto_script из TRBOnet_6.3.0.bak
[2026-07-21 01:49:02] [INFO]    Размер файла: 4.69 ГБ
[2026-07-21 01:49:02] [INFO]    Получение информации о файлах из бэкапа...
[2026-07-21 01:49:02] [INFO]    Файл данных: TRBOnet → \\10.12.101.40\Databases backups\TRBOnet_63_auto_script.mdf
[2026-07-21 01:49:02] [INFO]    Файл лога: TRBOnet_log → \\10.12.101.40\Databases backups\TRBOnet_63_auto_script_log.ldf
[2026-07-21 01:49:02] [INFO]    Выполнение восстановления (это может занять длительное время)...
[2026-07-21 01:49:03] [ERROR] База данных не восстановлена или находится в неправильном состоянии
[2026-07-21 01:49:03] [ERROR] ❌ Ошибка при восстановлении базы данных
[2026-07-21 01:49:03] [ERROR] ❌ Ошибка при восстановлении: Ошибка при восстановлении базы данных
[2026-07-21 01:49:03] [INFO] 🗑️ Удалён файл: TRBOnet_6.3.0.bak.zip
[2026-07-21 01:49:03] [INFO] 🗑️ Удалён файл: TRBOnet_6.3.0.bak
[2026-07-21 01:49:03] [ERROR] 
❌ Критическая ошибка: Ошибка при восстановлении базы данных
[2026-07-21 02:04:23] [INFO] ================================================================================
[2026-07-21 02:04:23] [INFO] 🚀 ВОССТАНОВЛЕНИЕ БАЗЫ ДАННЫХ: TRBOnet_63_auto_script
[2026-07-21 02:04:23] [INFO] ================================================================================
[2026-07-21 02:04:23] [INFO] 📋 Параметры:
[2026-07-21 02:04:23] [INFO]    Источник: \\nsshare.trbonet.com\Share\Tester_common\bd_for_test\!bd_migration\bd_6.3.0
[2026-07-21 02:04:23] [INFO]    Архив: TRBOnet_6.3.0.bak.zip
[2026-07-21 02:04:23] [INFO]    Назначение (скрипт): \\10.12.101.40\Databases backups
[2026-07-21 02:04:23] [INFO]    Назначение (SQL): D:\Databases backups
[2026-07-21 02:04:23] [INFO]    SQL Server: 10.12.101.40\SQLEXPRESS
[2026-07-21 02:04:23] [INFO]    Аутентификация: sql
[2026-07-21 02:04:23] [INFO]    База данных: TRBOnet_63_auto_script
[2026-07-21 02:04:23] [INFO]    Сетевой пользователь: TRBONET\e.nikitina
[2026-07-21 02:04:23] [INFO] ================================================================================
[2026-07-21 02:04:23] [INFO] 
📌 ШАГ 0: Подготовка сетевого доступа
[2026-07-21 02:04:23] [INFO] ----------------------------------------
[2026-07-21 02:04:23] [INFO] 🔗 Подключение к сетевой папке: \\nsshare.trbonet.com\Share\Tester_common\bd_for_test\!bd_migration\bd_6.3.0
[2026-07-21 02:04:23] [INFO] ✅ Папка уже доступна
[2026-07-21 02:04:23] [INFO] 🔗 Подключение к сетевой папке: \\10.12.101.40\Databases backups
[2026-07-21 02:04:23] [INFO] ✅ Папка уже доступна
[2026-07-21 02:04:23] [INFO] 
📌 ШАГ 1: Проверка архива
[2026-07-21 02:04:23] [INFO] ----------------------------------------
[2026-07-21 02:04:23] [INFO] ✅ Архив найден: \\nsshare.trbonet.com\Share\Tester_common\bd_for_test\!bd_migration\bd_6.3.0\TRBOnet_6.3.0.bak.zip
[2026-07-21 02:04:23] [INFO]    Размер: 785.22 МБ
[2026-07-21 02:04:23] [INFO] 
📌 ШАГ 2: Проверка свободного места
[2026-07-21 02:04:23] [INFO] ----------------------------------------
[2026-07-21 02:04:23] [INFO] ✅ Свободного места достаточно: 172.60 ГБ
[2026-07-21 02:04:23] [INFO] 
📌 ШАГ 3: Копирование архива
[2026-07-21 02:04:23] [INFO] ----------------------------------------
[2026-07-21 02:04:23] [INFO] 📦 Копирование файла:
[2026-07-21 02:04:23] [INFO]    Источник: \\nsshare.trbonet.com\Share\Tester_common\bd_for_test\!bd_migration\bd_6.3.0\TRBOnet_6.3.0.bak.zip
[2026-07-21 02:04:23] [INFO]    Назначение: \\10.12.101.40\Databases backups\TRBOnet_6.3.0.bak.zip
[2026-07-21 02:04:23] [INFO]    Размер: 785.22 МБ
[2026-07-21 02:04:23] [INFO]    Попытка 1/3...
[2026-07-21 02:04:30] [INFO]   32.00 МБ / 785.22 МБ (4.1%) | Скорость: 5.14 МБ/с | Осталось: 2 мин 27 сек
[2026-07-21 02:04:35] [INFO]   64.00 МБ / 785.22 МБ (8.2%) | Скорость: 5.31 МБ/с | Осталось: 2 мин 16 сек
[2026-07-21 02:04:41] [INFO]   96.00 МБ / 785.22 МБ (12.2%) | Скорость: 5.38 МБ/с | Осталось: 2 мин 8 сек
[2026-07-21 02:04:47] [INFO]   128.00 МБ / 785.22 МБ (16.3%) | Скорость: 5.40 МБ/с | Осталось: 2 мин 2 сек
[2026-07-21 02:04:53] [INFO]   160.00 МБ / 785.22 МБ (20.4%) | Скорость: 5.43 МБ/с | Осталось: 1 мин 55 сек
[2026-07-21 02:04:59] [INFO]   192.00 МБ / 785.22 МБ (24.5%) | Скорость: 5.45 МБ/с | Осталось: 1 мин 49 сек
[2026-07-21 02:05:04] [INFO]   224.00 МБ / 785.22 МБ (28.5%) | Скорость: 5.46 МБ/с | Осталось: 1 мин 43 сек
[2026-07-21 02:05:10] [INFO]   256.00 МБ / 785.22 МБ (32.6%) | Скорость: 5.46 МБ/с | Осталось: 1 мин 37 сек
[2026-07-21 02:05:16] [INFO]   288.00 МБ / 785.22 МБ (36.7%) | Скорость: 5.47 МБ/с | Осталось: 1 мин 31 сек
[2026-07-21 02:05:22] [INFO]   320.00 МБ / 785.22 МБ (40.8%) | Скорость: 5.47 МБ/с | Осталось: 1 мин 25 сек
[2026-07-21 02:05:28] [INFO]   352.00 МБ / 785.22 МБ (44.8%) | Скорость: 5.47 МБ/с | Осталось: 1 мин 19 сек
[2026-07-21 02:05:33] [INFO]   384.00 МБ / 785.22 МБ (48.9%) | Скорость: 5.47 МБ/с | Осталось: 1 мин 13 сек
[2026-07-21 02:05:39] [INFO]   416.00 МБ / 785.22 МБ (53.0%) | Скорость: 5.48 МБ/с | Осталось: 1 мин 7 сек
[2026-07-21 02:05:45] [INFO]   448.00 МБ / 785.22 МБ (57.1%) | Скорость: 5.48 МБ/с | Осталось: 1 мин 2 сек
[2026-07-21 02:05:51] [INFO]   480.00 МБ / 785.22 МБ (61.1%) | Скорость: 5.49 МБ/с | Осталось: 56 сек
[2026-07-21 02:05:57] [INFO]   512.00 МБ / 785.22 МБ (65.2%) | Скорость: 5.49 МБ/с | Осталось: 50 сек
[2026-07-21 02:06:02] [INFO]   544.00 МБ / 785.22 МБ (69.3%) | Скорость: 5.49 МБ/с | Осталось: 44 сек
[2026-07-21 02:06:08] [INFO]   576.00 МБ / 785.22 МБ (73.4%) | Скорость: 5.49 МБ/с | Осталось: 38 сек
[2026-07-21 02:06:14] [INFO]   608.00 МБ / 785.22 МБ (77.4%) | Скорость: 5.49 МБ/с | Осталось: 32 сек
[2026-07-21 02:06:20] [INFO]   640.00 МБ / 785.22 МБ (81.5%) | Скорость: 5.49 МБ/с | Осталось: 26 сек
[2026-07-21 02:06:26] [INFO]   672.00 МБ / 785.22 МБ (85.6%) | Скорость: 5.49 МБ/с | Осталось: 21 сек
[2026-07-21 02:06:31] [INFO]   704.00 МБ / 785.22 МБ (89.7%) | Скорость: 5.49 МБ/с | Осталось: 15 сек
[2026-07-21 02:06:37] [INFO]   736.00 МБ / 785.22 МБ (93.7%) | Скорость: 5.50 МБ/с | Осталось: 9 сек
[2026-07-21 02:06:43] [INFO]   768.00 МБ / 785.22 МБ (97.8%) | Скорость: 5.50 МБ/с | Осталось: 3 сек
[2026-07-21 02:06:45] [INFO]   785.22 МБ / 785.22 МБ (100.0%) | Скорость: 5.53 МБ/с | Осталось: 0 сек
[2026-07-21 02:06:45] [INFO] ✅ Файл скопирован за 2 мин 22 сек (средняя скорость: 5.52 МБ/с)
[2026-07-21 02:06:45] [INFO] 
📌 ШАГ 4: Разархивация
[2026-07-21 02:06:45] [INFO] ----------------------------------------
[2026-07-21 02:06:45] [INFO] ✅ .bak-файл уже существует: \\10.12.101.40\Databases backups\KH_bigBD_5_7_0.bak
[2026-07-21 02:06:45] [INFO]    Размер: 7.78 ГБ
[2026-07-21 02:06:45] [INFO] 
📌 ШАГ 5: Подключение к SQL Server
[2026-07-21 02:06:45] [INFO] ----------------------------------------
[2026-07-21 02:06:45] [INFO] 🔌 Подключение к SQL Server: 10.12.101.40\SQLEXPRESS
[2026-07-21 02:06:46] [INFO] ✅ Подключено к SQL Server
[2026-07-21 02:06:46] [INFO]    Версия: Microsoft SQL Server 2025
[2026-07-21 02:06:46] [INFO] 
📌 ШАГ 6: Восстановление базы данных
[2026-07-21 02:06:46] [INFO] ----------------------------------------
[2026-07-21 02:06:46] [INFO] 🔄 Восстановление базы данных TRBOnet_63_auto_script из KH_bigBD_5_7_0.bak
[2026-07-21 02:06:46] [INFO]    Размер файла: 7.78 ГБ
[2026-07-21 02:06:46] [INFO]    Получение информации о файлах из бэкапа...
[2026-07-21 02:06:46] [INFO]    Путь для SQL Server: D:\Databases backups
[2026-07-21 02:06:46] [INFO]    Файл данных: TRBOnet → D:\Databases backups\TRBOnet_63_auto_script.mdf
[2026-07-21 02:06:46] [INFO]    Файл лога: TRBOnet_log → D:\Databases backups\TRBOnet_63_auto_script_log.ldf
[2026-07-21 02:06:46] [INFO]    .bak-файл для SQL Server: D:\Databases backups\KH_bigBD_5_7_0.bak
[2026-07-21 02:06:46] [INFO]    База данных TRBOnet_63_auto_script уже существует
[2026-07-21 02:06:46] [INFO]    Завершение подключений к TRBOnet_63_auto_script...
[2026-07-21 02:06:46] [WARNING]    Не удалось завершить подключения: ('42000', '[42000] [Microsoft][ODBC Driver 17 for SQL Server][SQL Server]ALTER DATABASE is not permitted while a database is in the Restoring state. (5052) (SQLExecDirectW); [42000] [Microsoft][ODBC Driver 17 for SQL Server][SQL Server]ALTER DATABASE statement failed. (5069)')
[2026-07-21 02:06:46] [INFO]    Выполнение восстановления (это может занять длительное время)...
[2026-07-21 02:06:46] [ERROR] ❌ Ошибка SQL: ('42000', "[42000] [Microsoft][ODBC Driver 17 for SQL Server][SQL Server]The operating system returned the error '32(The process cannot access the file because it is being used by another process.)' while attempting 'RestoreContainer::ValidateTargetForCreation' on 'D:\\Databases backups\\TRBOnet_63_auto_script.mdf'. (3634) (SQLExecDirectW); [42000] [Microsoft][ODBC Driver 17 for SQL Server][SQL Server]File 'TRBOnet' cannot be restored to 'D:\\Databases backups\\TRBOnet_63_auto_script.mdf'. Use WITH MOVE to identify a valid location for the file. (3156); [42000] [Microsoft][ODBC Driver 17 for SQL Server][SQL Server]The operating system returned the error '32(The process cannot access the file because it is being used by another process.)' while attempting 'RestoreContainer::ValidateTargetForCreation' on 'D:\\Databases backups\\TRBOnet_63_auto_script_log.ldf'. (3634); [42000] [Microsoft][ODBC Driver 17 for SQL Server][SQL Server]File 'TRBOnet_log' cannot be restored to 'D:\\Databases backups\\TRBOnet_63_auto_script_log.ldf'. Use WITH MOVE to identify a valid location for the file. (3156); [42000] [Microsoft][ODBC Driver 17 for SQL Server][SQL Server]Problems were identified while planning for the RESTORE statement. Previous messages provide details. (3119); [42000] [Microsoft][ODBC Driver 17 for SQL Server][SQL Server]RESTORE DATABASE is terminating abnormally. (3013)")
[2026-07-21 02:06:46] [ERROR] ❌ Ошибка при восстановлении базы данных
[2026-07-21 02:06:46] [ERROR] ❌ Ошибка при восстановлении: Ошибка при восстановлении базы данных
[2026-07-21 02:06:46] [INFO] 🗑️ Удалён файл: TRBOnet_6.3.0.bak.zip
[2026-07-21 02:06:46] [INFO] 🗑️ Удалён файл: KH_bigBD_5_7_0.bak
[2026-07-21 02:06:46] [ERROR] 
❌ Критическая ошибка: Ошибка при восстановлении базы данных
[2026-07-21 02:17:37] [INFO] ================================================================================
[2026-07-21 02:17:37] [INFO] 🚀 ВОССТАНОВЛЕНИЕ БАЗЫ ДАННЫХ: TRBOnet_63_auto_script
[2026-07-21 02:17:37] [INFO] ================================================================================
[2026-07-21 02:17:37] [INFO] 📋 Параметры:
[2026-07-21 02:17:37] [INFO]    Источник: \\nsshare.trbonet.com\Share\Tester_common\bd_for_test\!bd_migration\bd_6.3.0
[2026-07-21 02:17:37] [INFO]    Архив: TRBOnet_6.3.0.bak.zip
[2026-07-21 02:17:37] [INFO]    Назначение (скрипт): \\10.12.101.40\Databases backups
[2026-07-21 02:17:37] [INFO]    Назначение (SQL): D:\Databases backups
[2026-07-21 02:17:37] [INFO]    SQL Server: 10.12.101.40\SQLEXPRESS
[2026-07-21 02:17:37] [INFO]    Аутентификация: sql
[2026-07-21 02:17:37] [INFO]    База данных: TRBOnet_63_auto_script
[2026-07-21 02:17:37] [INFO]    Сетевой пользователь: TRBONET\e.nikitina
[2026-07-21 02:17:37] [INFO] ================================================================================
[2026-07-21 02:17:37] [INFO] 
📌 ШАГ 0: Подготовка сетевого доступа
[2026-07-21 02:17:37] [INFO] ----------------------------------------
[2026-07-21 02:17:37] [INFO] 🔗 Подключение к сетевой папке: \\nsshare.trbonet.com\Share\Tester_common\bd_for_test\!bd_migration\bd_6.3.0
[2026-07-21 02:17:37] [INFO] ✅ Папка уже доступна
[2026-07-21 02:17:37] [INFO] 🔗 Подключение к сетевой папке: \\10.12.101.40\Databases backups
[2026-07-21 02:17:37] [INFO] ✅ Папка уже доступна
[2026-07-21 02:17:37] [INFO] 
📌 ШАГ 1: Проверка архива
[2026-07-21 02:17:37] [INFO] ----------------------------------------
[2026-07-21 02:17:37] [INFO] ✅ Архив найден: \\nsshare.trbonet.com\Share\Tester_common\bd_for_test\!bd_migration\bd_6.3.0\TRBOnet_6.3.0.bak.zip
[2026-07-21 02:17:37] [INFO]    Размер: 785.22 МБ
[2026-07-21 02:17:37] [INFO] 
📌 ШАГ 2: Проверка свободного места
[2026-07-21 02:17:37] [INFO] ----------------------------------------
[2026-07-21 02:17:37] [INFO] ✅ Свободного места достаточно: 180.38 ГБ
[2026-07-21 02:17:37] [INFO] 
📌 ШАГ 3: Копирование архива
[2026-07-21 02:17:37] [INFO] ----------------------------------------
[2026-07-21 02:17:37] [INFO]    🧹 Очистка старых .bak-файлов...
[2026-07-21 02:17:37] [INFO]       Удалён старый .bak: TRBOnet Plus.bak
[2026-07-21 02:17:37] [INFO] 📦 Копирование файла:
[2026-07-21 02:17:37] [INFO]    Источник: \\nsshare.trbonet.com\Share\Tester_common\bd_for_test\!bd_migration\bd_6.3.0\TRBOnet_6.3.0.bak.zip
[2026-07-21 02:17:37] [INFO]    Назначение: \\10.12.101.40\Databases backups\TRBOnet_6.3.0.bak.zip
[2026-07-21 02:17:37] [INFO]    Размер: 785.22 МБ
[2026-07-21 02:17:37] [INFO]    Попытка 1/3...
[2026-07-21 02:17:43] [INFO]   32.00 МБ / 785.22 МБ (4.1%) | Скорость: 5.44 МБ/с | Осталось: 2 мин 18 сек
[2026-07-21 02:17:49] [INFO]   64.00 МБ / 785.22 МБ (8.2%) | Скорость: 5.45 МБ/с | Осталось: 2 мин 12 сек
[2026-07-21 02:17:54] [INFO]   96.00 МБ / 785.22 МБ (12.2%) | Скорость: 5.60 МБ/с | Осталось: 2 мин 3 сек
[2026-07-21 02:18:00] [INFO]   128.00 МБ / 785.22 МБ (16.3%) | Скорость: 5.57 МБ/с | Осталось: 1 мин 58 сек
[2026-07-21 02:18:06] [INFO]   160.00 МБ / 785.22 МБ (20.4%) | Скорость: 5.56 МБ/с | Осталось: 1 мин 53 сек
[2026-07-21 02:18:12] [INFO]   192.00 МБ / 785.22 МБ (24.5%) | Скорость: 5.54 МБ/с | Осталось: 1 мин 47 сек
[2026-07-21 02:18:18] [INFO]   224.00 МБ / 785.22 МБ (28.5%) | Скорость: 5.54 МБ/с | Осталось: 1 мин 41 сек
[2026-07-21 02:18:24] [INFO]   256.00 МБ / 785.22 МБ (32.6%) | Скорость: 5.54 МБ/с | Осталось: 1 мин 36 сек
[2026-07-21 02:18:29] [INFO]   288.00 МБ / 785.22 МБ (36.7%) | Скорость: 5.54 МБ/с | Осталось: 1 мин 30 сек
[2026-07-21 02:18:35] [INFO]   320.00 МБ / 785.22 МБ (40.8%) | Скорость: 5.53 МБ/с | Осталось: 1 мин 24 сек
[2026-07-21 02:18:41] [INFO]   352.00 МБ / 785.22 МБ (44.8%) | Скорость: 5.53 МБ/с | Осталось: 1 мин 18 сек
[2026-07-21 02:18:47] [INFO]   384.00 МБ / 785.22 МБ (48.9%) | Скорость: 5.53 МБ/с | Осталось: 1 мин 13 сек
[2026-07-21 02:18:53] [INFO]   416.00 МБ / 785.22 МБ (53.0%) | Скорость: 5.53 МБ/с | Осталось: 1 мин 7 сек
[2026-07-21 02:18:58] [INFO]   448.00 МБ / 785.22 МБ (57.1%) | Скорость: 5.53 МБ/с | Осталось: 1 мин 1 сек
[2026-07-21 02:19:04] [INFO]   480.00 МБ / 785.22 МБ (61.1%) | Скорость: 5.53 МБ/с | Осталось: 55 сек
[2026-07-21 02:19:10] [INFO]   512.00 МБ / 785.22 МБ (65.2%) | Скорость: 5.53 МБ/с | Осталось: 49 сек
[2026-07-21 02:19:16] [INFO]   544.00 МБ / 785.22 МБ (69.3%) | Скорость: 5.53 МБ/с | Осталось: 44 сек
[2026-07-21 02:19:22] [INFO]   576.00 МБ / 785.22 МБ (73.4%) | Скорость: 5.52 МБ/с | Осталось: 38 сек
[2026-07-21 02:19:27] [INFO]   608.00 МБ / 785.22 МБ (77.4%) | Скорость: 5.52 МБ/с | Осталось: 32 сек
[2026-07-21 02:19:33] [INFO]   640.00 МБ / 785.22 МБ (81.5%) | Скорость: 5.52 МБ/с | Осталось: 26 сек
[2026-07-21 02:19:39] [INFO]   672.00 МБ / 785.22 МБ (85.6%) | Скорость: 5.52 МБ/с | Осталось: 21 сек
[2026-07-21 02:19:45] [INFO]   704.00 МБ / 785.22 МБ (89.7%) | Скорость: 5.52 МБ/с | Осталось: 15 сек
[2026-07-21 02:19:51] [INFO]   736.00 МБ / 785.22 МБ (93.7%) | Скорость: 5.52 МБ/с | Осталось: 9 сек
[2026-07-21 02:19:56] [INFO]   768.00 МБ / 785.22 МБ (97.8%) | Скорость: 5.52 МБ/с | Осталось: 3 сек
[2026-07-21 02:19:59] [INFO]   785.22 МБ / 785.22 МБ (100.0%) | Скорость: 5.55 МБ/с | Осталось: 0 сек
[2026-07-21 02:19:59] [INFO] ✅ Файл скопирован за 2 мин 22 сек (средняя скорость: 5.55 МБ/с)
[2026-07-21 02:19:59] [INFO] 
📌 ШАГ 4: Разархивация
[2026-07-21 02:19:59] [INFO] ----------------------------------------
[2026-07-21 02:19:59] [INFO] 📦 Разархивация: \\10.12.101.40\Databases backups\TRBOnet_6.3.0.bak.zip
[2026-07-21 02:19:59] [INFO]    Назначение: \\10.12.101.40\Databases backups
[2026-07-21 02:21:15] [INFO]    Файлов в архиве: 1
[2026-07-21 02:21:15] [INFO]    Размер .bak-файла: 4.69 ГБ
[2026-07-21 02:21:15] [INFO]    Начало распаковки...
[2026-07-21 02:21:20] [INFO]   Прогресс: 1.1% | Скорость: 10.33 МБ/с | Осталось: 7 мин 39 сек
[2026-07-21 02:21:25] [INFO]   Прогресс: 2.2% | Скорость: 10.35 МБ/с | Осталось: 7 мин 34 сек
[2026-07-21 02:21:30] [INFO]   Прогресс: 3.3% | Скорость: 10.35 МБ/с | Осталось: 7 мин 29 сек
[2026-07-21 02:21:35] [INFO]   Прогресс: 4.3% | Скорость: 10.35 МБ/с | Осталось: 7 мин 24 сек
[2026-07-21 02:21:40] [INFO]   Прогресс: 5.4% | Скорость: 10.35 МБ/с | Осталось: 7 мин 18 сек
[2026-07-21 02:21:45] [INFO]   Прогресс: 6.5% | Скорость: 10.35 МБ/с | Осталось: 7 мин 13 сек
[2026-07-21 02:21:50] [INFO]   Прогресс: 7.6% | Скорость: 10.36 МБ/с | Осталось: 7 мин 8 сек
[2026-07-21 02:21:55] [INFO]   Прогресс: 8.7% | Скорость: 10.36 МБ/с | Осталось: 7 мин 3 сек
[2026-07-21 02:22:01] [INFO]   Прогресс: 9.8% | Скорость: 10.36 МБ/с | Осталось: 6 мин 58 сек
[2026-07-21 02:22:06] [INFO]   Прогресс: 10.8% | Скорость: 10.36 МБ/с | Осталось: 6 мин 53 сек
[2026-07-21 02:22:11] [INFO]   Прогресс: 11.9% | Скорость: 10.36 МБ/с | Осталось: 6 мин 48 сек
[2026-07-21 02:22:16] [INFO]   Прогресс: 13.0% | Скорость: 10.36 МБ/с | Осталось: 6 мин 43 сек
[2026-07-21 02:22:21] [INFO]   Прогресс: 14.1% | Скорость: 10.35 МБ/с | Осталось: 6 мин 38 сек
[2026-07-21 02:22:26] [INFO]   Прогресс: 15.2% | Скорость: 10.35 МБ/с | Осталось: 6 мин 33 сек
[2026-07-21 02:22:31] [INFO]   Прогресс: 16.3% | Скорость: 10.35 МБ/с | Осталось: 6 мин 28 сек
[2026-07-21 02:22:36] [INFO]   Прогресс: 17.3% | Скорость: 10.34 МБ/с | Осталось: 6 мин 24 сек
[2026-07-21 02:22:41] [INFO]   Прогресс: 18.4% | Скорость: 10.35 МБ/с | Осталось: 6 мин 18 сек
[2026-07-21 02:22:46] [INFO]   Прогресс: 19.5% | Скорость: 10.35 МБ/с | Осталось: 6 мин 13 сек
[2026-07-21 02:22:51] [INFO]   Прогресс: 20.6% | Скорость: 10.35 МБ/с | Осталось: 6 мин 8 сек
[2026-07-21 02:22:56] [INFO]   Прогресс: 21.7% | Скорость: 10.35 МБ/с | Осталось: 6 мин 3 сек
[2026-07-21 02:23:01] [INFO]   Прогресс: 22.8% | Скорость: 10.35 МБ/с | Осталось: 5 мин 58 сек
[2026-07-21 02:23:06] [INFO]   Прогресс: 23.8% | Скорость: 10.35 МБ/с | Осталось: 5 мин 53 сек
[2026-07-21 02:23:11] [INFO]   Прогресс: 24.9% | Скорость: 10.34 МБ/с | Осталось: 5 мин 48 сек
[2026-07-21 02:23:16] [INFO]   Прогресс: 26.0% | Скорость: 10.34 МБ/с | Осталось: 5 мин 43 сек
[2026-07-21 02:23:21] [INFO]   Прогресс: 27.1% | Скорость: 10.35 МБ/с | Осталось: 5 мин 38 сек
[2026-07-21 02:23:26] [INFO]   Прогресс: 28.2% | Скорость: 10.35 МБ/с | Осталось: 5 мин 33 сек
[2026-07-21 02:23:31] [INFO]   Прогресс: 29.3% | Скорость: 10.34 МБ/с | Осталось: 5 мин 28 сек
[2026-07-21 02:23:36] [INFO]   Прогресс: 30.3% | Скорость: 10.35 МБ/с | Осталось: 5 мин 23 сек
[2026-07-21 02:23:41] [INFO]   Прогресс: 31.4% | Скорость: 10.35 МБ/с | Осталось: 5 мин 18 сек
[2026-07-21 02:23:46] [INFO]   Прогресс: 32.5% | Скорость: 10.35 МБ/с | Осталось: 5 мин 13 сек
[2026-07-21 02:23:51] [INFO]   Прогресс: 33.6% | Скорость: 10.35 МБ/с | Осталось: 5 мин 8 сек
[2026-07-21 02:23:56] [INFO]   Прогресс: 34.7% | Скорость: 10.35 МБ/с | Осталось: 5 мин 3 сек
[2026-07-21 02:24:01] [INFO]   Прогресс: 35.8% | Скорость: 10.35 МБ/с | Осталось: 4 мин 58 сек
[2026-07-21 02:24:06] [INFO]   Прогресс: 36.8% | Скорость: 10.35 МБ/с | Осталось: 4 мин 53 сек
[2026-07-21 02:24:11] [INFO]   Прогресс: 37.9% | Скорость: 10.35 МБ/с | Осталось: 4 мин 48 сек
[2026-07-21 02:24:16] [INFO]   Прогресс: 39.0% | Скорость: 10.35 МБ/с | Осталось: 4 мин 43 сек
[2026-07-21 02:24:21] [INFO]   Прогресс: 40.1% | Скорость: 10.35 МБ/с | Осталось: 4 мин 38 сек
[2026-07-21 02:24:26] [INFO]   Прогресс: 41.2% | Скорость: 10.35 МБ/с | Осталось: 4 мин 33 сек
[2026-07-21 02:24:31] [INFO]   Прогресс: 42.3% | Скорость: 10.35 МБ/с | Осталось: 4 мин 28 сек
[2026-07-21 02:24:36] [INFO]   Прогресс: 43.3% | Скорость: 10.35 МБ/с | Осталось: 4 мин 23 сек
[2026-07-21 02:24:41] [INFO]   Прогресс: 44.4% | Скорость: 10.35 МБ/с | Осталось: 4 мин 18 сек
[2026-07-21 02:24:46] [INFO]   Прогресс: 45.5% | Скорость: 10.35 МБ/с | Осталось: 4 мин 13 сек
[2026-07-21 02:24:51] [INFO]   Прогресс: 46.6% | Скорость: 10.35 МБ/с | Осталось: 4 мин 8 сек
[2026-07-21 02:24:56] [INFO]   Прогресс: 47.7% | Скорость: 10.35 МБ/с | Осталось: 4 мин 3 сек
[2026-07-21 02:25:01] [INFO]   Прогресс: 48.8% | Скорость: 10.35 МБ/с | Осталось: 3 мин 58 сек
[2026-07-21 02:25:06] [INFO]   Прогресс: 49.8% | Скорость: 10.35 МБ/с | Осталось: 3 мин 53 сек
[2026-07-21 02:25:11] [INFO]   Прогресс: 50.9% | Скорость: 10.35 МБ/с | Осталось: 3 мин 48 сек
[2026-07-21 02:25:17] [INFO]   Прогресс: 52.0% | Скорость: 10.35 МБ/с | Осталось: 3 мин 43 сек
[2026-07-21 02:25:22] [INFO]   Прогресс: 53.1% | Скорость: 10.35 МБ/с | Осталось: 3 мин 38 сек
[2026-07-21 02:25:27] [INFO]   Прогресс: 54.2% | Скорость: 10.35 МБ/с | Осталось: 3 мин 33 сек
[2026-07-21 02:25:32] [INFO]   Прогресс: 55.3% | Скорость: 10.35 МБ/с | Осталось: 3 мин 27 сек
[2026-07-21 02:25:37] [INFO]   Прогресс: 56.3% | Скорость: 10.35 МБ/с | Осталось: 3 мин 22 сек
[2026-07-21 02:25:42] [INFO]   Прогресс: 57.4% | Скорость: 10.35 МБ/с | Осталось: 3 мин 17 сек
[2026-07-21 02:25:47] [INFO]   Прогресс: 58.5% | Скорость: 10.35 МБ/с | Осталось: 3 мин 12 сек
[2026-07-21 02:25:52] [INFO]   Прогресс: 59.6% | Скорость: 10.35 МБ/с | Осталось: 3 мин 7 сек
[2026-07-21 02:25:57] [INFO]   Прогресс: 60.7% | Скорость: 10.35 МБ/с | Осталось: 3 мин 2 сек
[2026-07-21 02:26:02] [INFO]   Прогресс: 61.8% | Скорость: 10.35 МБ/с | Осталось: 2 мин 57 сек
[2026-07-21 02:26:07] [INFO]   Прогресс: 62.8% | Скорость: 10.35 МБ/с | Осталось: 2 мин 52 сек
[2026-07-21 02:26:12] [INFO]   Прогресс: 63.9% | Скорость: 10.35 МБ/с | Осталось: 2 мин 47 сек
[2026-07-21 02:26:17] [INFO]   Прогресс: 65.0% | Скорость: 10.35 МБ/с | Осталось: 2 мин 42 сек
[2026-07-21 02:26:22] [INFO]   Прогресс: 66.1% | Скорость: 10.35 МБ/с | Осталось: 2 мин 37 сек
[2026-07-21 02:26:27] [INFO]   Прогресс: 67.2% | Скорость: 10.35 МБ/с | Осталось: 2 мин 32 сек
[2026-07-21 02:26:32] [INFO]   Прогресс: 68.3% | Скорость: 10.35 МБ/с | Осталось: 2 мин 27 сек
[2026-07-21 02:26:37] [INFO]   Прогресс: 69.3% | Скорость: 10.35 МБ/с | Осталось: 2 мин 22 сек
[2026-07-21 02:26:42] [INFO]   Прогресс: 70.4% | Скорость: 10.35 МБ/с | Осталось: 2 мин 17 сек
[2026-07-21 02:26:47] [INFO]   Прогресс: 71.5% | Скорость: 10.35 МБ/с | Осталось: 2 мин 12 сек
[2026-07-21 02:26:52] [INFO]   Прогресс: 72.6% | Скорость: 10.35 МБ/с | Осталось: 2 мин 7 сек
[2026-07-21 02:26:57] [INFO]   Прогресс: 73.7% | Скорость: 10.35 МБ/с | Осталось: 2 мин 2 сек
[2026-07-21 02:27:02] [INFO]   Прогресс: 74.8% | Скорость: 10.35 МБ/с | Осталось: 1 мин 57 сек
[2026-07-21 02:27:07] [INFO]   Прогресс: 75.8% | Скорость: 10.35 МБ/с | Осталось: 1 мин 52 сек
[2026-07-21 02:27:12] [INFO]   Прогресс: 76.9% | Скорость: 10.35 МБ/с | Осталось: 1 мин 47 сек
[2026-07-21 02:27:17] [INFO]   Прогресс: 78.0% | Скорость: 10.35 МБ/с | Осталось: 1 мин 42 сек
[2026-07-21 02:27:22] [INFO]   Прогресс: 79.1% | Скорость: 10.35 МБ/с | Осталось: 1 мин 37 сек
[2026-07-21 02:27:27] [INFO]   Прогресс: 80.2% | Скорость: 10.35 МБ/с | Осталось: 1 мин 32 сек
[2026-07-21 02:27:32] [INFO]   Прогресс: 81.3% | Скорость: 10.35 МБ/с | Осталось: 1 мин 27 сек
[2026-07-21 02:27:37] [INFO]   Прогресс: 82.3% | Скорость: 10.35 МБ/с | Осталось: 1 мин 22 сек
[2026-07-21 02:27:42] [INFO]   Прогресс: 83.4% | Скорость: 10.35 МБ/с | Осталось: 1 мин 17 сек
[2026-07-21 02:27:47] [INFO]   Прогресс: 84.5% | Скорость: 10.35 МБ/с | Осталось: 1 мин 12 сек
[2026-07-21 02:27:52] [INFO]   Прогресс: 85.6% | Скорость: 10.35 МБ/с | Осталось: 1 мин 7 сек
[2026-07-21 02:27:57] [INFO]   Прогресс: 86.7% | Скорость: 10.35 МБ/с | Осталось: 1 мин 2 сек
[2026-07-21 02:28:02] [INFO]   Прогресс: 87.8% | Скорость: 10.35 МБ/с | Осталось: 57 сек
[2026-07-21 02:28:08] [INFO]   Прогресс: 88.8% | Скорость: 10.34 МБ/с | Осталось: 52 сек
[2026-07-21 02:28:13] [INFO]   Прогресс: 89.9% | Скорость: 10.34 МБ/с | Осталось: 47 сек
[2026-07-21 02:28:18] [INFO]   Прогресс: 91.0% | Скорость: 10.34 МБ/с | Осталось: 42 сек
[2026-07-21 02:28:23] [INFO]   Прогресс: 92.1% | Скорость: 10.34 МБ/с | Осталось: 37 сек
[2026-07-21 02:28:28] [INFO]   Прогресс: 93.2% | Скорость: 10.34 МБ/с | Осталось: 32 сек
[2026-07-21 02:28:33] [INFO]   Прогресс: 94.3% | Скорость: 10.34 МБ/с | Осталось: 27 сек
[2026-07-21 02:28:38] [INFO]   Прогресс: 95.3% | Скорость: 10.34 МБ/с | Осталось: 22 сек
[2026-07-21 02:28:43] [INFO]   Прогресс: 96.4% | Скорость: 10.34 МБ/с | Осталось: 17 сек
[2026-07-21 02:28:48] [INFO]   Прогресс: 97.5% | Скорость: 10.34 МБ/с | Осталось: 12 сек
[2026-07-21 02:28:53] [INFO]   Прогресс: 98.6% | Скорость: 10.34 МБ/с | Осталось: 6 сек
[2026-07-21 02:28:58] [INFO]   Прогресс: 99.7% | Скорость: 10.34 МБ/с | Осталось: 1 сек
[2026-07-21 02:28:59] [INFO] ✅ Архив распакован за 7 мин 44 сек (средняя скорость: 10.34 МБ/с)
[2026-07-21 02:28:59] [INFO]    Найден .bak-файл: TRBOnet_6.3.0.bak (4.69 ГБ)
[2026-07-21 02:28:59] [INFO] 
📌 ШАГ 5: Подключение к SQL Server
[2026-07-21 02:28:59] [INFO] ----------------------------------------
[2026-07-21 02:28:59] [INFO] 🔌 Подключение к SQL Server: 10.12.101.40\SQLEXPRESS
[2026-07-21 02:28:59] [INFO] ✅ Подключено к SQL Server
[2026-07-21 02:28:59] [INFO]    Версия: Microsoft SQL Server 2025
[2026-07-21 02:28:59] [INFO] 
📌 ШАГ 6: Восстановление базы данных
[2026-07-21 02:28:59] [INFO] ----------------------------------------
[2026-07-21 02:28:59] [INFO]    База данных TRBOnet_63_auto_script уже существует (state=1)
[2026-07-21 02:28:59] [INFO]    БД в состоянии Restoring, выполняем RESTORE WITH RECOVERY...
[2026-07-21 02:28:59] [WARNING]    Не удалось восстановить БД из Restoring: ('42000', '[42000] [Microsoft][ODBC Driver 17 for SQL Server][SQL Server]The database cannot be recovered because the log was not restored. (4333) (SQLExecDirectW); [42000] [Microsoft][ODBC Driver 17 for SQL Server][SQL Server]RESTORE DATABASE is terminating abnormally. (3013)')
[2026-07-21 02:28:59] [INFO]    Попытка удалить БД...
[2026-07-21 02:28:59] [INFO]    ✅ БД TRBOnet_63_auto_script удалена
[2026-07-21 02:28:59] [INFO] 🔄 Восстановление базы данных TRBOnet_63_auto_script из TRBOnet_6.3.0.bak
[2026-07-21 02:28:59] [INFO]    Размер файла: 4.69 ГБ
[2026-07-21 02:28:59] [INFO]    Получение информации о файлах из бэкапа...
[2026-07-21 02:29:00] [INFO]    Путь для SQL Server: D:\Databases backups
[2026-07-21 02:29:00] [INFO]    Файл данных: TRBOnet → D:\Databases backups\TRBOnet_63_auto_script.mdf
[2026-07-21 02:29:00] [INFO]    Файл лога: TRBOnet_log → D:\Databases backups\TRBOnet_63_auto_script_log.ldf
[2026-07-21 02:29:00] [INFO]    .bak-файл для SQL Server: D:\Databases backups\TRBOnet_6.3.0.bak
[2026-07-21 02:29:00] [INFO]    Выполнение восстановления (это может занять длительное время)...
[2026-07-21 02:29:01] [ERROR] База данных не восстановлена или находится в неправильном состоянии
[2026-07-21 02:29:01] [ERROR] ❌ Ошибка при восстановлении базы данных
[2026-07-21 02:29:01] [ERROR] ❌ Ошибка при восстановлении: Ошибка при восстановлении базы данных
[2026-07-21 02:29:01] [INFO] 🗑️ Удалён файл: TRBOnet_6.3.0.bak.zip
[2026-07-21 02:29:01] [INFO] 🗑️ Удалён файл: TRBOnet_6.3.0.bak
[2026-07-21 02:29:01] [ERROR] 
❌ Критическая ошибка: Ошибка при восстановлении базы данных
[2026-07-21 02:42:16] [INFO] ================================================================================
[2026-07-21 02:42:16] [INFO] 🚀 ВОССТАНОВЛЕНИЕ БАЗЫ ДАННЫХ: TRBOnet_63_auto_script
[2026-07-21 02:42:16] [INFO] ================================================================================
[2026-07-21 02:42:16] [INFO] 📋 Параметры:
[2026-07-21 02:42:16] [INFO]    Источник: \\nsshare.trbonet.com\Share\Tester_common\bd_for_test\!bd_migration\bd_6.3.0
[2026-07-21 02:42:16] [INFO]    Архив: TRBOnet_6.3.0.bak.zip
[2026-07-21 02:42:16] [INFO]    Назначение (скрипт): \\10.12.101.40\Database_Backups
[2026-07-21 02:42:16] [INFO]    Назначение (SQL): D:\Database_Backups
[2026-07-21 02:42:16] [INFO]    SQL Server: 10.12.101.40\SQLEXPRESS
[2026-07-21 02:42:16] [INFO]    Аутентификация: sql
[2026-07-21 02:42:16] [INFO]    База данных: TRBOnet_63_auto_script
[2026-07-21 02:42:16] [INFO]    Сетевой пользователь: TRBONET\e.nikitina
[2026-07-21 02:42:16] [INFO] ================================================================================
[2026-07-21 02:42:16] [INFO] 
📌 ШАГ 0: Подготовка сетевого доступа
[2026-07-21 02:42:16] [INFO] ----------------------------------------
[2026-07-21 02:42:16] [INFO] 🔗 Подключение к сетевой папке: \\nsshare.trbonet.com\Share\Tester_common\bd_for_test\!bd_migration\bd_6.3.0
[2026-07-21 02:42:16] [INFO] ✅ Папка уже доступна
[2026-07-21 02:42:16] [INFO] 🔗 Подключение к сетевой папке: \\10.12.101.40\Database_Backups
[2026-07-21 02:42:16] [INFO] ✅ Папка уже доступна
[2026-07-21 02:42:16] [INFO] 
📌 ШАГ 1: Проверка архива
[2026-07-21 02:42:16] [INFO] ----------------------------------------
[2026-07-21 02:42:16] [INFO] ✅ Архив найден: \\nsshare.trbonet.com\Share\Tester_common\bd_for_test\!bd_migration\bd_6.3.0\TRBOnet_6.3.0.bak.zip
[2026-07-21 02:42:16] [INFO]    Размер: 785.22 МБ
[2026-07-21 02:42:16] [INFO] 
📌 ШАГ 2: Проверка свободного места
[2026-07-21 02:42:16] [INFO] ----------------------------------------
[2026-07-21 02:42:16] [INFO] ✅ Свободного места достаточно: 185.30 ГБ
[2026-07-21 02:42:16] [INFO] 
📌 ШАГ 3: Копирование архива
[2026-07-21 02:42:16] [INFO] ----------------------------------------
[2026-07-21 02:42:16] [INFO]    🧹 Очистка старых .bak-файлов...
[2026-07-21 02:42:16] [INFO] 📦 Копирование файла:
[2026-07-21 02:42:16] [INFO]    Источник: \\nsshare.trbonet.com\Share\Tester_common\bd_for_test\!bd_migration\bd_6.3.0\TRBOnet_6.3.0.bak.zip
[2026-07-21 02:42:16] [INFO]    Назначение: \\10.12.101.40\Database_Backups\TRBOnet_6.3.0.bak.zip
[2026-07-21 02:42:16] [INFO]    Размер: 785.22 МБ
[2026-07-21 02:42:16] [INFO]    Попытка 1/3...
[2026-07-21 02:42:16] [WARNING] Ошибка (попытка 1/3): [Errno 13] Permission denied: '\\\\10.12.101.40\\Database_Backups\\TRBOnet_6.3.0.bak.zip.tmp'
[2026-07-21 02:42:16] [INFO]    Ожидание 5 сек...
[2026-07-21 02:42:21] [INFO]    Попытка 2/3...
[2026-07-21 02:42:21] [WARNING] Ошибка (попытка 2/3): [Errno 13] Permission denied: '\\\\10.12.101.40\\Database_Backups\\TRBOnet_6.3.0.bak.zip.tmp'
[2026-07-21 02:42:21] [INFO]    Ожидание 5 сек...
[2026-07-21 02:42:26] [INFO]    Попытка 3/3...
[2026-07-21 02:42:26] [WARNING] Ошибка (попытка 3/3): [Errno 13] Permission denied: '\\\\10.12.101.40\\Database_Backups\\TRBOnet_6.3.0.bak.zip.tmp'
[2026-07-21 02:42:26] [ERROR] ❌ Не удалось скопировать файл после 3 попыток
[2026-07-21 02:42:26] [ERROR] ❌ Ошибка при копировании архива
[2026-07-21 02:42:26] [ERROR] 
❌ Критическая ошибка: Ошибка при копировании архива
[2026-07-21 02:48:07] [INFO] ================================================================================
[2026-07-21 02:48:07] [INFO] 🚀 ВОССТАНОВЛЕНИЕ БАЗЫ ДАННЫХ: TRBOnet_63_auto_script
[2026-07-21 02:48:07] [INFO] ================================================================================
[2026-07-21 02:48:07] [INFO] 📋 Параметры:
[2026-07-21 02:48:07] [INFO]    Источник: \\nsshare.trbonet.com\Share\Tester_common\bd_for_test\!bd_migration\bd_6.3.0
[2026-07-21 02:48:07] [INFO]    Архив: TRBOnet_6.3.0.bak.zip
[2026-07-21 02:48:07] [INFO]    Назначение (скрипт): \\10.12.101.40\Database_Backups
[2026-07-21 02:48:07] [INFO]    Назначение (SQL): D:\Database_Backups
[2026-07-21 02:48:07] [INFO]    SQL Server: 10.12.101.40\SQLEXPRESS
[2026-07-21 02:48:07] [INFO]    Аутентификация: sql
[2026-07-21 02:48:07] [INFO]    База данных: TRBOnet_63_auto_script
[2026-07-21 02:48:07] [INFO]    Сетевой пользователь: TRBONET\e.nikitina
[2026-07-21 02:48:07] [INFO] ================================================================================
[2026-07-21 02:48:07] [INFO] 
📌 ШАГ 0: Подготовка сетевого доступа
[2026-07-21 02:48:07] [INFO] ----------------------------------------
[2026-07-21 02:48:07] [INFO] 🔗 Подключение к сетевой папке: \\nsshare.trbonet.com\Share\Tester_common\bd_for_test\!bd_migration\bd_6.3.0
[2026-07-21 02:48:07] [INFO] ✅ Папка уже доступна
[2026-07-21 02:48:07] [INFO] 🔗 Подключение к сетевой папке: \\10.12.101.40\Database_Backups
[2026-07-21 02:48:07] [INFO] ✅ Папка уже доступна
[2026-07-21 02:48:07] [INFO] 
📌 ШАГ 1: Проверка архива
[2026-07-21 02:48:07] [INFO] ----------------------------------------
[2026-07-21 02:48:07] [INFO] ✅ Архив найден: \\nsshare.trbonet.com\Share\Tester_common\bd_for_test\!bd_migration\bd_6.3.0\TRBOnet_6.3.0.bak.zip
[2026-07-21 02:48:07] [INFO]    Размер: 785.22 МБ
[2026-07-21 02:48:07] [INFO] 
📌 ШАГ 2: Проверка свободного места
[2026-07-21 02:48:07] [INFO] ----------------------------------------
[2026-07-21 02:48:07] [INFO] ✅ Свободного места достаточно: 185.30 ГБ
[2026-07-21 02:48:07] [INFO] 
📌 ШАГ 3: Копирование архива
[2026-07-21 02:48:07] [INFO] ----------------------------------------
[2026-07-21 02:48:07] [INFO]    🧹 Очистка старых .bak-файлов...
[2026-07-21 02:48:07] [INFO] 📦 Копирование файла:
[2026-07-21 02:48:07] [INFO]    Источник: \\nsshare.trbonet.com\Share\Tester_common\bd_for_test\!bd_migration\bd_6.3.0\TRBOnet_6.3.0.bak.zip
[2026-07-21 02:48:07] [INFO]    Назначение: \\10.12.101.40\Database_Backups\TRBOnet_6.3.0.bak.zip
[2026-07-21 02:48:07] [INFO]    Размер: 785.22 МБ
[2026-07-21 02:48:07] [INFO]    Попытка 1/3...
[2026-07-21 02:48:13] [INFO]   32.00 МБ / 785.22 МБ (4.1%) | Скорость: 5.16 МБ/с | Осталось: 2 мин 26 сек
[2026-07-21 02:48:19] [INFO]   64.00 МБ / 785.22 МБ (8.2%) | Скорость: 5.32 МБ/с | Осталось: 2 мин 16 сек
[2026-07-21 02:48:25] [INFO]   96.00 МБ / 785.22 МБ (12.2%) | Скорость: 5.39 МБ/с | Осталось: 2 мин 8 сек
[2026-07-21 02:48:31] [INFO]   128.00 МБ / 785.22 МБ (16.3%) | Скорость: 5.44 МБ/с | Осталось: 2 мин 1 сек
[2026-07-21 02:48:36] [INFO]   160.00 МБ / 785.22 МБ (20.4%) | Скорость: 5.46 МБ/с | Осталось: 1 мин 54 сек
[2026-07-21 02:48:42] [INFO]   192.00 МБ / 785.22 МБ (24.5%) | Скорость: 5.47 МБ/с | Осталось: 1 мин 48 сек
[2026-07-21 02:48:48] [INFO]   224.00 МБ / 785.22 МБ (28.5%) | Скорость: 5.48 МБ/с | Осталось: 1 мин 42 сек
[2026-07-21 02:48:54] [INFO]   256.00 МБ / 785.22 МБ (32.6%) | Скорость: 5.49 МБ/с | Осталось: 1 мин 36 сек
[2026-07-21 02:49:00] [INFO]   288.00 МБ / 785.22 МБ (36.7%) | Скорость: 5.49 МБ/с | Осталось: 1 мин 31 сек
[2026-07-21 02:49:05] [INFO]   320.00 МБ / 785.22 МБ (40.8%) | Скорость: 5.49 МБ/с | Осталось: 1 мин 25 сек
[2026-07-21 02:49:11] [INFO]   352.00 МБ / 785.22 МБ (44.8%) | Скорость: 5.49 МБ/с | Осталось: 1 мин 19 сек
[2026-07-21 02:49:17] [INFO]   384.00 МБ / 785.22 МБ (48.9%) | Скорость: 5.49 МБ/с | Осталось: 1 мин 13 сек
[2026-07-21 02:49:23] [INFO]   416.00 МБ / 785.22 МБ (53.0%) | Скорость: 5.49 МБ/с | Осталось: 1 мин 7 сек
[2026-07-21 02:49:29] [INFO]   448.00 МБ / 785.22 МБ (57.1%) | Скорость: 5.50 МБ/с | Осталось: 1 мин 1 сек
[2026-07-21 02:49:34] [INFO]   480.00 МБ / 785.22 МБ (61.1%) | Скорость: 5.50 МБ/с | Осталось: 56 сек
[2026-07-21 02:49:40] [INFO]   512.00 МБ / 785.22 МБ (65.2%) | Скорость: 5.50 МБ/с | Осталось: 50 сек
[2026-07-21 02:49:46] [INFO]   544.00 МБ / 785.22 МБ (69.3%) | Скорость: 5.50 МБ/с | Осталось: 44 сек
[2026-07-21 02:49:52] [INFO]   576.00 МБ / 785.22 МБ (73.4%) | Скорость: 5.50 МБ/с | Осталось: 38 сек
[2026-07-21 02:49:58] [INFO]   608.00 МБ / 785.22 МБ (77.4%) | Скорость: 5.50 МБ/с | Осталось: 32 сек
[2026-07-21 02:50:04] [INFO]   640.00 МБ / 785.22 МБ (81.5%) | Скорость: 5.50 МБ/с | Осталось: 26 сек
[2026-07-21 02:50:09] [INFO]   672.00 МБ / 785.22 МБ (85.6%) | Скорость: 5.50 МБ/с | Осталось: 21 сек
[2026-07-21 02:50:15] [INFO]   704.00 МБ / 785.22 МБ (89.7%) | Скорость: 5.50 МБ/с | Осталось: 15 сек
[2026-07-21 02:50:21] [INFO]   736.00 МБ / 785.22 МБ (93.7%) | Скорость: 5.50 МБ/с | Осталось: 9 сек
[2026-07-21 02:50:27] [INFO]   768.00 МБ / 785.22 МБ (97.8%) | Скорость: 5.50 МБ/с | Осталось: 3 сек
[2026-07-21 02:50:29] [INFO]   785.22 МБ / 785.22 МБ (100.0%) | Скорость: 5.53 МБ/с | Осталось: 0 сек
[2026-07-21 02:50:29] [INFO] ✅ Файл скопирован за 2 мин 22 сек (средняя скорость: 5.53 МБ/с)
[2026-07-21 02:50:29] [INFO] 
📌 ШАГ 4: Разархивация
[2026-07-21 02:50:29] [INFO] ----------------------------------------
[2026-07-21 02:50:29] [INFO] 📦 Разархивация: \\10.12.101.40\Database_Backups\TRBOnet_6.3.0.bak.zip
[2026-07-21 02:50:29] [INFO]    Назначение: \\10.12.101.40\Database_Backups
[2026-07-21 02:51:47] [INFO]    Файлов в архиве: 1
[2026-07-21 02:51:47] [INFO]    Размер .bak-файла: 4.69 ГБ
[2026-07-21 02:51:47] [INFO]    Начало распаковки...
[2026-07-21 02:51:52] [INFO]   Прогресс: 1.1% | Скорость: 10.34 МБ/с | Осталось: 7 мин 39 сек
[2026-07-21 02:51:57] [INFO]   Прогресс: 2.2% | Скорость: 10.36 МБ/с | Осталось: 7 мин 33 сек
[2026-07-21 02:52:02] [INFO]   Прогресс: 3.3% | Скорость: 10.36 МБ/с | Осталось: 7 мин 28 сек
[2026-07-21 02:52:07] [INFO]   Прогресс: 4.3% | Скорость: 10.35 МБ/с | Осталось: 7 мин 24 сек
[2026-07-21 02:52:12] [INFO]   Прогресс: 5.4% | Скорость: 10.35 МБ/с | Осталось: 7 мин 19 сек
[2026-07-21 02:52:17] [INFO]   Прогресс: 6.5% | Скорость: 10.34 МБ/с | Осталось: 7 мин 14 сек
[2026-07-21 02:52:22] [INFO]   Прогресс: 7.6% | Скорость: 10.34 МБ/с | Осталось: 7 мин 9 сек
[2026-07-21 02:52:27] [INFO]   Прогресс: 8.7% | Скорость: 10.34 МБ/с | Осталось: 7 мин 4 сек
[2026-07-21 02:52:32] [INFO]   Прогресс: 9.8% | Скорость: 10.34 МБ/с | Осталось: 6 мин 59 сек
[2026-07-21 02:52:37] [INFO]   Прогресс: 10.8% | Скорость: 10.34 МБ/с | Осталось: 6 мин 54 сек
[2026-07-21 02:52:42] [INFO]   Прогресс: 11.9% | Скорость: 10.34 МБ/с | Осталось: 6 мин 49 сек
[2026-07-21 02:52:47] [INFO]   Прогресс: 13.0% | Скорость: 10.34 МБ/с | Осталось: 6 мин 44 сек
[2026-07-21 02:52:52] [INFO]   Прогресс: 14.1% | Скорость: 10.33 МБ/с | Осталось: 6 мин 39 сек
[2026-07-21 02:52:57] [INFO]   Прогресс: 15.2% | Скорость: 10.33 МБ/с | Осталось: 6 мин 34 сек
[2026-07-21 02:53:02] [INFO]   Прогресс: 16.3% | Скорость: 10.33 МБ/с | Осталось: 6 мин 29 сек
[2026-07-21 02:53:07] [INFO]   Прогресс: 17.3% | Скорость: 10.33 МБ/с | Осталось: 6 мин 24 сек
[2026-07-21 02:53:12] [INFO]   Прогресс: 18.4% | Скорость: 10.33 МБ/с | Осталось: 6 мин 19 сек
[2026-07-21 02:53:17] [INFO]   Прогресс: 19.5% | Скорость: 10.33 МБ/с | Осталось: 6 мин 14 сек
[2026-07-21 02:53:22] [INFO]   Прогресс: 20.6% | Скорость: 10.33 МБ/с | Осталось: 6 мин 9 сек
[2026-07-21 02:53:27] [INFO]   Прогресс: 21.7% | Скорость: 10.33 МБ/с | Осталось: 6 мин 4 сек
[2026-07-21 02:53:32] [INFO]   Прогресс: 22.8% | Скорость: 10.33 МБ/с | Осталось: 5 мин 59 сек
[2026-07-21 02:53:37] [INFO]   Прогресс: 23.8% | Скорость: 10.33 МБ/с | Осталось: 5 мин 54 сек
[2026-07-21 02:53:42] [INFO]   Прогресс: 24.9% | Скорость: 10.33 МБ/с | Осталось: 5 мин 49 сек
[2026-07-21 02:53:47] [INFO]   Прогресс: 26.0% | Скорость: 10.33 МБ/с | Осталось: 5 мин 44 сек
[2026-07-21 02:53:52] [INFO]   Прогресс: 27.1% | Скорость: 10.33 МБ/с | Осталось: 5 мин 39 сек
[2026-07-21 02:53:57] [INFO]   Прогресс: 28.2% | Скорость: 10.33 МБ/с | Осталось: 5 мин 34 сек
[2026-07-21 02:54:02] [INFO]   Прогресс: 29.3% | Скорость: 10.33 МБ/с | Осталось: 5 мин 29 сек
[2026-07-21 02:54:07] [INFO]   Прогресс: 30.3% | Скорость: 10.33 МБ/с | Осталось: 5 мин 24 сек
[2026-07-21 02:54:13] [INFO]   Прогресс: 31.4% | Скорость: 10.33 МБ/с | Осталось: 5 мин 19 сек
[2026-07-21 02:54:18] [INFO]   Прогресс: 32.5% | Скорость: 10.33 МБ/с | Осталось: 5 мин 14 сек
[2026-07-21 02:54:23] [INFO]   Прогресс: 33.6% | Скорость: 10.33 МБ/с | Осталось: 5 мин 9 сек
[2026-07-21 02:54:28] [INFO]   Прогресс: 34.7% | Скорость: 10.33 МБ/с | Осталось: 5 мин 4 сек
[2026-07-21 02:54:33] [INFO]   Прогресс: 35.7% | Скорость: 10.33 МБ/с | Осталось: 4 мин 59 сек
[2026-07-21 02:54:38] [INFO]   Прогресс: 36.8% | Скорость: 10.33 МБ/с | Осталось: 4 мин 54 сек
[2026-07-21 02:54:43] [INFO]   Прогресс: 37.9% | Скорость: 10.33 МБ/с | Осталось: 4 мин 49 сек
[2026-07-21 02:54:48] [INFO]   Прогресс: 39.0% | Скорость: 10.33 МБ/с | Осталось: 4 мин 44 сек
[2026-07-21 02:54:53] [INFO]   Прогресс: 40.1% | Скорость: 10.33 МБ/с | Осталось: 4 мин 38 сек
[2026-07-21 02:54:58] [INFO]   Прогресс: 41.2% | Скорость: 10.33 МБ/с | Осталось: 4 мин 33 сек
[2026-07-21 02:55:03] [INFO]   Прогресс: 42.2% | Скорость: 10.33 МБ/с | Осталось: 4 мин 28 сек
[2026-07-21 02:55:08] [INFO]   Прогресс: 43.3% | Скорость: 10.33 МБ/с | Осталось: 4 мин 23 сек
[2026-07-21 02:55:13] [INFO]   Прогресс: 44.4% | Скорость: 10.33 МБ/с | Осталось: 4 мин 18 сек
[2026-07-21 02:55:18] [INFO]   Прогресс: 45.5% | Скорость: 10.33 МБ/с | Осталось: 4 мин 13 сек
[2026-07-21 02:55:23] [INFO]   Прогресс: 46.6% | Скорость: 10.33 МБ/с | Осталось: 4 мин 8 сек
[2026-07-21 02:55:28] [INFO]   Прогресс: 47.7% | Скорость: 10.33 МБ/с | Осталось: 4 мин 3 сек
[2026-07-21 02:55:33] [INFO]   Прогресс: 48.7% | Скорость: 10.33 МБ/с | Осталось: 3 мин 58 сек
[2026-07-21 02:55:38] [INFO]   Прогресс: 49.8% | Скорость: 10.33 МБ/с | Осталось: 3 мин 53 сек
[2026-07-21 02:55:43] [INFO]   Прогресс: 50.9% | Скорость: 10.33 МБ/с | Осталось: 3 мин 48 сек
[2026-07-21 02:55:48] [INFO]   Прогресс: 52.0% | Скорость: 10.33 МБ/с | Осталось: 3 мин 43 сек
[2026-07-21 02:55:53] [INFO]   Прогресс: 53.1% | Скорость: 10.33 МБ/с | Осталось: 3 мин 38 сек
[2026-07-21 02:55:58] [INFO]   Прогресс: 54.2% | Скорость: 10.33 МБ/с | Осталось: 3 мин 33 сек
[2026-07-21 02:56:03] [INFO]   Прогресс: 55.2% | Скорость: 10.33 МБ/с | Осталось: 3 мин 28 сек
[2026-07-21 02:56:08] [INFO]   Прогресс: 56.3% | Скорость: 10.33 МБ/с | Осталось: 3 мин 23 сек
[2026-07-21 02:56:13] [INFO]   Прогресс: 57.4% | Скорость: 10.33 МБ/с | Осталось: 3 мин 18 сек
[2026-07-21 02:56:18] [INFO]   Прогресс: 58.5% | Скорость: 10.33 МБ/с | Осталось: 3 мин 13 сек
[2026-07-21 02:56:23] [INFO]   Прогресс: 59.6% | Скорость: 10.33 МБ/с | Осталось: 3 мин 8 сек
[2026-07-21 02:56:28] [INFO]   Прогресс: 60.7% | Скорость: 10.33 МБ/с | Осталось: 3 мин 3 сек
[2026-07-21 02:56:33] [INFO]   Прогресс: 61.7% | Скорость: 10.33 МБ/с | Осталось: 2 мин 58 сек
[2026-07-21 02:56:38] [INFO]   Прогресс: 62.8% | Скорость: 10.33 МБ/с | Осталось: 2 мин 53 сек
[2026-07-21 02:56:43] [INFO]   Прогресс: 63.9% | Скорость: 10.33 МБ/с | Осталось: 2 мин 48 сек
[2026-07-21 02:56:49] [INFO]   Прогресс: 65.0% | Скорость: 10.33 МБ/с | Осталось: 2 мин 43 сек
[2026-07-21 02:56:54] [INFO]   Прогресс: 66.1% | Скорость: 10.33 МБ/с | Осталось: 2 мин 38 сек
[2026-07-21 02:56:59] [INFO]   Прогресс: 67.2% | Скорость: 10.33 МБ/с | Осталось: 2 мин 33 сек
[2026-07-21 02:57:04] [INFO]   Прогресс: 68.2% | Скорость: 10.33 МБ/с | Осталось: 2 мин 28 сек
[2026-07-21 02:57:09] [INFO]   Прогресс: 69.3% | Скорость: 10.33 МБ/с | Осталось: 2 мин 23 сек
[2026-07-21 02:57:14] [INFO]   Прогресс: 70.4% | Скорость: 10.33 МБ/с | Осталось: 2 мин 17 сек
[2026-07-21 02:57:19] [INFO]   Прогресс: 71.5% | Скорость: 10.33 МБ/с | Осталось: 2 мин 12 сек
[2026-07-21 02:57:24] [INFO]   Прогресс: 72.6% | Скорость: 10.33 МБ/с | Осталось: 2 мин 7 сек
[2026-07-21 02:57:29] [INFO]   Прогресс: 73.7% | Скорость: 10.33 МБ/с | Осталось: 2 мин 2 сек
[2026-07-21 02:57:34] [INFO]   Прогресс: 74.7% | Скорость: 10.33 МБ/с | Осталось: 1 мин 57 сек
[2026-07-21 02:57:39] [INFO]   Прогресс: 75.8% | Скорость: 10.33 МБ/с | Осталось: 1 мин 52 сек
[2026-07-21 02:57:44] [INFO]   Прогресс: 76.9% | Скорость: 10.33 МБ/с | Осталось: 1 мин 47 сек
[2026-07-21 02:57:49] [INFO]   Прогресс: 78.0% | Скорость: 10.33 МБ/с | Осталось: 1 мин 42 сек
[2026-07-21 02:57:54] [INFO]   Прогресс: 79.1% | Скорость: 10.33 МБ/с | Осталось: 1 мин 37 сек
[2026-07-21 02:57:59] [INFO]   Прогресс: 80.2% | Скорость: 10.33 МБ/с | Осталось: 1 мин 32 сек
[2026-07-21 02:58:04] [INFO]   Прогресс: 81.2% | Скорость: 10.33 МБ/с | Осталось: 1 мин 27 сек
[2026-07-21 02:58:09] [INFO]   Прогресс: 82.3% | Скорость: 10.33 МБ/с | Осталось: 1 мин 22 сек
[2026-07-21 02:58:14] [INFO]   Прогресс: 83.4% | Скорость: 10.33 МБ/с | Осталось: 1 мин 17 сек
[2026-07-21 02:58:19] [INFO]   Прогресс: 84.5% | Скорость: 10.33 МБ/с | Осталось: 1 мин 12 сек
[2026-07-21 02:58:24] [INFO]   Прогресс: 85.6% | Скорость: 10.33 МБ/с | Осталось: 1 мин 7 сек
[2026-07-21 02:58:29] [INFO]   Прогресс: 86.7% | Скорость: 10.33 МБ/с | Осталось: 1 мин 2 сек
[2026-07-21 02:58:34] [INFO]   Прогресс: 87.7% | Скорость: 10.33 МБ/с | Осталось: 57 сек
[2026-07-21 02:58:39] [INFO]   Прогресс: 88.8% | Скорость: 10.33 МБ/с | Осталось: 52 сек
[2026-07-21 02:58:44] [INFO]   Прогресс: 89.9% | Скорость: 10.33 МБ/с | Осталось: 47 сек
[2026-07-21 02:58:49] [INFO]   Прогресс: 91.0% | Скорость: 10.33 МБ/с | Осталось: 42 сек
[2026-07-21 02:58:54] [INFO]   Прогресс: 92.1% | Скорость: 10.33 МБ/с | Осталось: 37 сек
[2026-07-21 02:58:59] [INFO]   Прогресс: 93.2% | Скорость: 10.33 МБ/с | Осталось: 32 сек
[2026-07-21 02:59:04] [INFO]   Прогресс: 94.2% | Скорость: 10.33 МБ/с | Осталось: 27 сек
[2026-07-21 02:59:09] [INFO]   Прогресс: 95.3% | Скорость: 10.33 МБ/с | Осталось: 22 сек
[2026-07-21 02:59:14] [INFO]   Прогресс: 96.4% | Скорость: 10.33 МБ/с | Осталось: 17 сек
[2026-07-21 02:59:19] [INFO]   Прогресс: 97.5% | Скорость: 10.33 МБ/с | Осталось: 12 сек
[2026-07-21 02:59:25] [INFO]   Прогресс: 98.6% | Скорость: 10.33 МБ/с | Осталось: 7 сек
[2026-07-21 02:59:30] [INFO]   Прогресс: 99.7% | Скорость: 10.33 МБ/с | Осталось: 2 сек
[2026-07-21 02:59:31] [INFO] ✅ Архив распакован за 7 мин 45 сек (средняя скорость: 10.33 МБ/с)
[2026-07-21 02:59:31] [INFO]    Найден .bak-файл: TRBOnet_6.3.0.bak (4.69 ГБ)
[2026-07-21 02:59:31] [INFO] 
📌 ШАГ 5: Подключение к SQL Server
[2026-07-21 02:59:31] [INFO] ----------------------------------------
[2026-07-21 02:59:31] [INFO] 🔌 Подключение к SQL Server: 10.12.101.40\SQLEXPRESS
[2026-07-21 02:59:31] [INFO] ✅ Подключено к SQL Server
[2026-07-21 02:59:31] [INFO]    Версия: Microsoft SQL Server 2025
[2026-07-21 02:59:31] [INFO] 
📌 ШАГ 6: Восстановление базы данных
[2026-07-21 02:59:31] [INFO] ----------------------------------------
[2026-07-21 02:59:31] [INFO]    База данных TRBOnet_63_auto_script уже существует (state=1)
[2026-07-21 02:59:31] [INFO]    БД в состоянии Restoring, выполняем RESTORE WITH RECOVERY...
[2026-07-21 02:59:31] [WARNING]    Не удалось восстановить БД из Restoring: ('42000', '[42000] [Microsoft][ODBC Driver 17 for SQL Server][SQL Server]The database cannot be recovered because the log was not restored. (4333) (SQLExecDirectW); [42000] [Microsoft][ODBC Driver 17 for SQL Server][SQL Server]RESTORE DATABASE is terminating abnormally. (3013)')
[2026-07-21 02:59:31] [INFO]    Попытка удалить БД...
[2026-07-21 02:59:31] [INFO]    ✅ БД TRBOnet_63_auto_script удалена
[2026-07-21 02:59:31] [INFO] 🔄 Восстановление базы данных TRBOnet_63_auto_script из TRBOnet_6.3.0.bak
[2026-07-21 02:59:31] [INFO]    Размер файла: 4.69 ГБ
[2026-07-21 02:59:31] [INFO]    Получение информации о файлах из бэкапа...
[2026-07-21 02:59:32] [INFO]    Путь для SQL Server: D:\Database_Backups
[2026-07-21 02:59:32] [INFO]    Файл данных: TRBOnet → D:\Database_Backups\TRBOnet_63_auto_script.mdf
[2026-07-21 02:59:32] [INFO]    Файл лога: TRBOnet_log → D:\Database_Backups\TRBOnet_63_auto_script_log.ldf
[2026-07-21 02:59:32] [INFO]    .bak-файл для SQL Server: D:\Database_Backups\TRBOnet_6.3.0.bak
[2026-07-21 02:59:32] [INFO]    Выполнение восстановления (это может занять длительное время)...
[2026-07-21 02:59:32] [ERROR] База данных не восстановлена или находится в неправильном состоянии
[2026-07-21 02:59:32] [ERROR] ❌ Ошибка при восстановлении базы данных
[2026-07-21 02:59:32] [ERROR] ❌ Ошибка при восстановлении: Ошибка при восстановлении базы данных
[2026-07-21 02:59:32] [INFO] 🗑️ Удалён файл: TRBOnet_6.3.0.bak.zip
[2026-07-21 02:59:32] [INFO] 🗑️ Удалён файл: TRBOnet_6.3.0.bak
[2026-07-21 02:59:32] [ERROR] 
❌ Критическая ошибка: Ошибка при восстановлении базы данных
[2026-07-21 03:25:19] [INFO] ================================================================================
[2026-07-21 03:25:19] [INFO] 🚀 ВОССТАНОВЛЕНИЕ БАЗЫ ДАННЫХ: TRBOnet_63_auto_script
[2026-07-21 03:25:19] [INFO] ================================================================================
[2026-07-21 03:25:19] [INFO] 📋 Параметры:
[2026-07-21 03:25:19] [INFO]    Источник: \\nsshare.trbonet.com\Share\Tester_common\bd_for_test\!bd_migration\bd_6.3.0
[2026-07-21 03:25:19] [INFO]    Архив: TRBOnet_6.3.0.bak.zip
[2026-07-21 03:25:19] [INFO]    Назначение (скрипт): \\10.12.101.40\Database_Backups
[2026-07-21 03:25:19] [INFO]    Назначение (SQL): C:\Database_Backups
[2026-07-21 03:25:19] [INFO]    SQL Server: 10.12.101.40\SQLEXPRESS
[2026-07-21 03:25:19] [INFO]    Аутентификация: sql
[2026-07-21 03:25:19] [INFO]    База данных: TRBOnet_63_auto_script
[2026-07-21 03:25:19] [INFO]    Сетевой пользователь: TRBONET\e.nikitina
[2026-07-21 03:25:19] [INFO] ================================================================================
[2026-07-21 03:25:19] [INFO] 
📌 ШАГ 0: Подготовка сетевого доступа
[2026-07-21 03:25:19] [INFO] ----------------------------------------
[2026-07-21 03:25:19] [INFO] 🔗 Подключение к сетевой папке: \\nsshare.trbonet.com\Share\Tester_common\bd_for_test\!bd_migration\bd_6.3.0
[2026-07-21 03:25:19] [INFO] ✅ Папка уже доступна
[2026-07-21 03:25:19] [INFO] 🔗 Подключение к сетевой папке: \\10.12.101.40\Database_Backups
[2026-07-21 03:25:19] [INFO] ✅ Папка уже доступна
[2026-07-21 03:25:19] [INFO] 
📌 ШАГ 1: Проверка архива
[2026-07-21 03:25:19] [INFO] ----------------------------------------
[2026-07-21 03:25:19] [INFO] ✅ Архив найден: \\nsshare.trbonet.com\Share\Tester_common\bd_for_test\!bd_migration\bd_6.3.0\TRBOnet_6.3.0.bak.zip
[2026-07-21 03:25:19] [INFO]    Размер: 785.22 МБ
[2026-07-21 03:25:19] [INFO] 
📌 ШАГ 2: Проверка свободного места
[2026-07-21 03:25:19] [INFO] ----------------------------------------
[2026-07-21 03:25:19] [INFO] ✅ Свободного места достаточно: 151.04 ГБ
[2026-07-21 03:25:19] [INFO] 
📌 ШАГ 3: Копирование архива
[2026-07-21 03:25:19] [INFO] ----------------------------------------
[2026-07-21 03:25:19] [INFO]    🧹 Очистка старых .bak-файлов...
[2026-07-21 03:25:19] [INFO] 📦 Копирование файла:
[2026-07-21 03:25:19] [INFO]    Источник: \\nsshare.trbonet.com\Share\Tester_common\bd_for_test\!bd_migration\bd_6.3.0\TRBOnet_6.3.0.bak.zip
[2026-07-21 03:25:19] [INFO]    Назначение: \\10.12.101.40\Database_Backups\TRBOnet_6.3.0.bak.zip
[2026-07-21 03:25:19] [INFO]    Размер: 785.22 МБ
[2026-07-21 03:25:19] [INFO]    Попытка 1/3...
[2026-07-21 03:25:26] [INFO]   32.00 МБ / 785.22 МБ (4.1%) | Скорость: 4.97 МБ/с | Осталось: 2 мин 32 сек
[2026-07-21 03:25:31] [INFO]   64.00 МБ / 785.22 МБ (8.2%) | Скорость: 5.22 МБ/с | Осталось: 2 мин 18 сек
[2026-07-21 03:25:37] [INFO]   96.00 МБ / 785.22 МБ (12.2%) | Скорость: 5.32 МБ/с | Осталось: 2 мин 10 сек
[2026-07-21 03:25:43] [INFO]   128.00 МБ / 785.22 МБ (16.3%) | Скорость: 5.36 МБ/с | Осталось: 2 мин 3 сек
[2026-07-21 03:25:49] [INFO]   160.00 МБ / 785.22 МБ (20.4%) | Скорость: 5.39 МБ/с | Осталось: 1 мин 56 сек
[2026-07-21 03:25:55] [INFO]   192.00 МБ / 785.22 МБ (24.5%) | Скорость: 5.41 МБ/с | Осталось: 1 мин 50 сек
[2026-07-21 03:26:01] [INFO]   224.00 МБ / 785.22 МБ (28.5%) | Скорость: 5.42 МБ/с | Осталось: 1 мин 44 сек
[2026-07-21 03:26:06] [INFO]   256.00 МБ / 785.22 МБ (32.6%) | Скорость: 5.43 МБ/с | Осталось: 1 мин 38 сек
[2026-07-21 03:26:12] [INFO]   288.00 МБ / 785.22 МБ (36.7%) | Скорость: 5.44 МБ/с | Осталось: 1 мин 31 сек
[2026-07-21 03:26:18] [INFO]   320.00 МБ / 785.22 МБ (40.8%) | Скорость: 5.44 МБ/с | Осталось: 1 мин 26 сек
[2026-07-21 03:26:24] [INFO]   352.00 МБ / 785.22 МБ (44.8%) | Скорость: 5.45 МБ/с | Осталось: 1 мин 20 сек
[2026-07-21 03:26:30] [INFO]   384.00 МБ / 785.22 МБ (48.9%) | Скорость: 5.45 МБ/с | Осталось: 1 мин 14 сек
[2026-07-21 03:26:36] [INFO]   416.00 МБ / 785.22 МБ (53.0%) | Скорость: 5.45 МБ/с | Осталось: 1 мин 8 сек
[2026-07-21 03:26:41] [INFO]   448.00 МБ / 785.22 МБ (57.1%) | Скорость: 5.46 МБ/с | Осталось: 1 мин 2 сек
[2026-07-21 03:26:47] [INFO]   480.00 МБ / 785.22 МБ (61.1%) | Скорость: 5.46 МБ/с | Осталось: 56 сек
[2026-07-21 03:26:53] [INFO]   512.00 МБ / 785.22 МБ (65.2%) | Скорость: 5.46 МБ/с | Осталось: 50 сек
[2026-07-21 03:26:59] [INFO]   544.00 МБ / 785.22 МБ (69.3%) | Скорость: 5.46 МБ/с | Осталось: 44 сек
[2026-07-21 03:27:05] [INFO]   576.00 МБ / 785.22 МБ (73.4%) | Скорость: 5.47 МБ/с | Осталось: 38 сек
[2026-07-21 03:27:10] [INFO]   608.00 МБ / 785.22 МБ (77.4%) | Скорость: 5.47 МБ/с | Осталось: 32 сек
[2026-07-21 03:27:16] [INFO]   640.00 МБ / 785.22 МБ (81.5%) | Скорость: 5.47 МБ/с | Осталось: 27 сек
[2026-07-21 03:27:22] [INFO]   672.00 МБ / 785.22 МБ (85.6%) | Скорость: 5.47 МБ/с | Осталось: 21 сек
[2026-07-21 03:27:28] [INFO]   704.00 МБ / 785.22 МБ (89.7%) | Скорость: 5.48 МБ/с | Осталось: 15 сек
[2026-07-21 03:27:34] [INFO]   736.00 МБ / 785.22 МБ (93.7%) | Скорость: 5.48 МБ/с | Осталось: 9 сек
[2026-07-21 03:27:39] [INFO]   768.00 МБ / 785.22 МБ (97.8%) | Скорость: 5.48 МБ/с | Осталось: 3 сек
[2026-07-21 03:27:42] [INFO]   785.22 МБ / 785.22 МБ (100.0%) | Скорость: 5.51 МБ/с | Осталось: 0 сек
[2026-07-21 03:27:42] [INFO] ✅ Файл скопирован за 2 мин 23 сек (средняя скорость: 5.51 МБ/с)
[2026-07-21 03:27:42] [INFO] 
📌 ШАГ 4: Разархивация
[2026-07-21 03:27:42] [INFO] ----------------------------------------
[2026-07-21 03:27:42] [INFO] 📦 Разархивация: \\10.12.101.40\Database_Backups\TRBOnet_6.3.0.bak.zip
[2026-07-21 03:27:42] [INFO]    Назначение: \\10.12.101.40\Database_Backups
[2026-07-21 03:28:58] [INFO]    Файлов в архиве: 1
[2026-07-21 03:28:58] [INFO]    Размер .bak-файла: 4.69 ГБ
[2026-07-21 03:28:58] [INFO]    Начало распаковки...
[2026-07-21 03:29:03] [INFO]   Прогресс: 1.1% | Скорость: 10.35 МБ/с | Осталось: 7 мин 39 сек
[2026-07-21 03:29:08] [INFO]   Прогресс: 2.2% | Скорость: 10.36 МБ/с | Осталось: 7 мин 33 сек
[2026-07-21 03:29:13] [INFO]   Прогресс: 3.3% | Скорость: 10.36 МБ/с | Осталось: 7 мин 28 сек
[2026-07-21 03:29:18] [INFO]   Прогресс: 4.3% | Скорость: 10.36 МБ/с | Осталось: 7 мин 23 сек
[2026-07-21 03:29:23] [INFO]   Прогресс: 5.4% | Скорость: 10.36 МБ/с | Осталось: 7 мин 18 сек
[2026-07-21 03:29:28] [INFO]   Прогресс: 6.5% | Скорость: 10.36 МБ/с | Осталось: 7 мин 13 сек
[2026-07-21 03:29:33] [INFO]   Прогресс: 7.6% | Скорость: 10.35 МБ/с | Осталось: 7 мин 8 сек
[2026-07-21 03:29:38] [INFO]   Прогресс: 8.7% | Скорость: 10.35 МБ/с | Осталось: 7 мин 3 сек
[2026-07-21 03:29:43] [INFO]   Прогресс: 9.8% | Скорость: 10.35 МБ/с | Осталось: 6 мин 58 сек
[2026-07-21 03:29:48] [INFO]   Прогресс: 10.8% | Скорость: 10.35 МБ/с | Осталось: 6 мин 53 сек
[2026-07-21 03:29:53] [INFO]   Прогресс: 11.9% | Скорость: 10.35 МБ/с | Осталось: 6 мин 48 сек
[2026-07-21 03:29:58] [INFO]   Прогресс: 13.0% | Скорость: 10.35 МБ/с | Осталось: 6 мин 43 сек
[2026-07-21 03:30:03] [INFO]   Прогресс: 14.1% | Скорость: 10.35 МБ/с | Осталось: 6 мин 38 сек
[2026-07-21 03:30:08] [INFO]   Прогресс: 15.2% | Скорость: 10.35 МБ/с | Осталось: 6 мин 33 сек
[2026-07-21 03:30:13] [INFO]   Прогресс: 16.3% | Скорость: 10.34 МБ/с | Осталось: 6 мин 29 сек
[2026-07-21 03:30:18] [INFO]   Прогресс: 17.3% | Скорость: 10.34 МБ/с | Осталось: 6 мин 24 сек
[2026-07-21 03:30:23] [INFO]   Прогресс: 18.4% | Скорость: 10.34 МБ/с | Осталось: 6 мин 19 сек
[2026-07-21 03:30:28] [INFO]   Прогресс: 19.5% | Скорость: 10.34 МБ/с | Осталось: 6 мин 14 сек
[2026-07-21 03:30:34] [INFO]   Прогресс: 20.6% | Скорость: 10.34 МБ/с | Осталось: 6 мин 8 сек
[2026-07-21 03:30:39] [INFO]   Прогресс: 21.7% | Скорость: 10.34 МБ/с | Осталось: 6 мин 3 сек
[2026-07-21 03:30:44] [INFO]   Прогресс: 22.8% | Скорость: 10.34 МБ/с | Осталось: 5 мин 58 сек
[2026-07-21 03:30:49] [INFO]   Прогресс: 23.8% | Скорость: 10.35 МБ/с | Осталось: 5 мин 53 сек
[2026-07-21 03:30:54] [INFO]   Прогресс: 24.9% | Скорость: 10.35 МБ/с | Осталось: 5 мин 48 сек
[2026-07-21 03:30:59] [INFO]   Прогресс: 26.0% | Скорость: 10.35 МБ/с | Осталось: 5 мин 43 сек
[2026-07-21 03:31:04] [INFO]   Прогресс: 27.1% | Скорость: 10.35 МБ/с | Осталось: 5 мин 38 сек
[2026-07-21 03:31:09] [INFO]   Прогресс: 28.2% | Скорость: 10.35 МБ/с | Осталось: 5 мин 33 сек
[2026-07-21 03:31:14] [INFO]   Прогресс: 29.3% | Скорость: 10.35 МБ/с | Осталось: 5 мин 28 сек
[2026-07-21 03:31:19] [INFO]   Прогресс: 30.3% | Скорость: 10.35 МБ/с | Осталось: 5 мин 23 сек
[2026-07-21 03:31:24] [INFO]   Прогресс: 31.4% | Скорость: 10.35 МБ/с | Осталось: 5 мин 18 сек
[2026-07-21 03:31:29] [INFO]   Прогресс: 32.5% | Скорость: 10.35 МБ/с | Осталось: 5 мин 13 сек
[2026-07-21 03:31:34] [INFO]   Прогресс: 33.6% | Скорость: 10.35 МБ/с | Осталось: 5 мин 8 сек
[2026-07-21 03:31:39] [INFO]   Прогресс: 34.7% | Скорость: 10.35 МБ/с | Осталось: 5 мин 3 сек
[2026-07-21 03:31:44] [INFO]   Прогресс: 35.8% | Скорость: 10.35 МБ/с | Осталось: 4 мин 58 сек
[2026-07-21 03:31:49] [INFO]   Прогресс: 36.8% | Скорость: 10.35 МБ/с | Осталось: 4 мин 53 сек
[2026-07-21 03:31:54] [INFO]   Прогресс: 37.9% | Скорость: 10.35 МБ/с | Осталось: 4 мин 48 сек
[2026-07-21 03:31:59] [INFO]   Прогресс: 39.0% | Скорость: 10.35 МБ/с | Осталось: 4 мин 43 сек
[2026-07-21 03:32:04] [INFO]   Прогресс: 40.1% | Скорость: 10.35 МБ/с | Осталось: 4 мин 38 сек
[2026-07-21 03:32:09] [INFO]   Прогресс: 41.2% | Скорость: 10.35 МБ/с | Осталось: 4 мин 33 сек
[2026-07-21 03:32:14] [INFO]   Прогресс: 42.3% | Скорость: 10.35 МБ/с | Осталось: 4 мин 28 сек
[2026-07-21 03:32:19] [INFO]   Прогресс: 43.3% | Скорость: 10.35 МБ/с | Осталось: 4 мин 23 сек
[2026-07-21 03:32:24] [INFO]   Прогресс: 44.4% | Скорость: 10.35 МБ/с | Осталось: 4 мин 18 сек
[2026-07-21 03:32:29] [INFO]   Прогресс: 45.5% | Скорость: 10.35 МБ/с | Осталось: 4 мин 13 сек
[2026-07-21 03:32:34] [INFO]   Прогресс: 46.6% | Скорость: 10.35 МБ/с | Осталось: 4 мин 8 сек
[2026-07-21 03:32:39] [INFO]   Прогресс: 47.7% | Скорость: 10.35 МБ/с | Осталось: 4 мин 3 сек
[2026-07-21 03:32:44] [INFO]   Прогресс: 48.8% | Скорость: 10.35 МБ/с | Осталось: 3 мин 58 сек
[2026-07-21 03:32:49] [INFO]   Прогресс: 49.8% | Скорость: 10.35 МБ/с | Осталось: 3 мин 53 сек
[2026-07-21 03:32:54] [INFO]   Прогресс: 50.9% | Скорость: 10.35 МБ/с | Осталось: 3 мин 48 сек
[2026-07-21 03:32:59] [INFO]   Прогресс: 52.0% | Скорость: 10.35 МБ/с | Осталось: 3 мин 43 сек
[2026-07-21 03:33:04] [INFO]   Прогресс: 53.1% | Скорость: 10.35 МБ/с | Осталось: 3 мин 38 сек
[2026-07-21 03:33:09] [INFO]   Прогресс: 54.2% | Скорость: 10.35 МБ/с | Осталось: 3 мин 33 сек
[2026-07-21 03:33:14] [INFO]   Прогресс: 55.3% | Скорость: 10.35 МБ/с | Осталось: 3 мин 27 сек
[2026-07-21 03:33:19] [INFO]   Прогресс: 56.3% | Скорость: 10.34 МБ/с | Осталось: 3 мин 23 сек
[2026-07-21 03:33:24] [INFO]   Прогресс: 57.4% | Скорость: 10.34 МБ/с | Осталось: 3 мин 18 сек
[2026-07-21 03:33:29] [INFO]   Прогресс: 58.4% | Скорость: 10.34 МБ/с | Осталось: 3 мин 13 сек
[2026-07-21 03:33:34] [INFO]   Прогресс: 59.5% | Скорость: 10.34 МБ/с | Осталось: 3 мин 8 сек
[2026-07-21 03:33:39] [INFO]   Прогресс: 60.6% | Скорость: 10.34 МБ/с | Осталось: 3 мин 3 сек
[2026-07-21 03:33:44] [INFO]   Прогресс: 61.7% | Скорость: 10.34 МБ/с | Осталось: 2 мин 58 сек
[2026-07-21 03:33:49] [INFO]   Прогресс: 62.8% | Скорость: 10.34 МБ/с | Осталось: 2 мин 53 сек
[2026-07-21 03:33:54] [INFO]   Прогресс: 63.9% | Скорость: 10.34 МБ/с | Осталось: 2 мин 48 сек
[2026-07-21 03:33:59] [INFO]   Прогресс: 64.9% | Скорость: 10.34 МБ/с | Осталось: 2 мин 43 сек
[2026-07-21 03:34:04] [INFO]   Прогресс: 66.0% | Скорость: 10.34 МБ/с | Осталось: 2 мин 38 сек
[2026-07-21 03:34:10] [INFO]   Прогресс: 67.1% | Скорость: 10.34 МБ/с | Осталось: 2 мин 33 сек
[2026-07-21 03:34:15] [INFO]   Прогресс: 68.2% | Скорость: 10.34 МБ/с | Осталось: 2 мин 28 сек
[2026-07-21 03:34:20] [INFO]   Прогресс: 69.3% | Скорость: 10.34 МБ/с | Осталось: 2 мин 23 сек
[2026-07-21 03:34:25] [INFO]   Прогресс: 70.4% | Скорость: 10.34 МБ/с | Осталось: 2 мин 18 сек
[2026-07-21 03:34:30] [INFO]   Прогресс: 71.4% | Скорость: 10.34 МБ/с | Осталось: 2 мин 12 сек
[2026-07-21 03:34:35] [INFO]   Прогресс: 72.5% | Скорость: 10.34 МБ/с | Осталось: 2 мин 7 сек
[2026-07-21 03:34:40] [INFO]   Прогресс: 73.6% | Скорость: 10.34 МБ/с | Осталось: 2 мин 2 сек
[2026-07-21 03:34:45] [INFO]   Прогресс: 74.7% | Скорость: 10.34 МБ/с | Осталось: 1 мин 57 сек
[2026-07-21 03:34:50] [INFO]   Прогресс: 75.8% | Скорость: 10.34 МБ/с | Осталось: 1 мин 52 сек
[2026-07-21 03:34:55] [INFO]   Прогресс: 76.9% | Скорость: 10.34 МБ/с | Осталось: 1 мин 47 сек
[2026-07-21 03:35:00] [INFO]   Прогресс: 78.0% | Скорость: 10.34 МБ/с | Осталось: 1 мин 42 сек
[2026-07-21 03:35:05] [INFO]   Прогресс: 79.0% | Скорость: 10.34 МБ/с | Осталось: 1 мин 37 сек
[2026-07-21 03:35:10] [INFO]   Прогресс: 80.1% | Скорость: 10.34 МБ/с | Осталось: 1 мин 32 сек
[2026-07-21 03:35:15] [INFO]   Прогресс: 81.2% | Скорость: 10.34 МБ/с | Осталось: 1 мин 27 сек
[2026-07-21 03:35:20] [INFO]   Прогресс: 82.3% | Скорость: 10.34 МБ/с | Осталось: 1 мин 22 сек
[2026-07-21 03:35:25] [INFO]   Прогресс: 83.4% | Скорость: 10.34 МБ/с | Осталось: 1 мин 17 сек
[2026-07-21 03:35:30] [INFO]   Прогресс: 84.5% | Скорость: 10.34 МБ/с | Осталось: 1 мин 12 сек
[2026-07-21 03:35:35] [INFO]   Прогресс: 85.5% | Скорость: 10.34 МБ/с | Осталось: 1 мин 7 сек
[2026-07-21 03:35:40] [INFO]   Прогресс: 86.6% | Скорость: 10.34 МБ/с | Осталось: 1 мин 2 сек
[2026-07-21 03:35:45] [INFO]   Прогресс: 87.7% | Скорость: 10.34 МБ/с | Осталось: 57 сек
[2026-07-21 03:35:50] [INFO]   Прогресс: 88.8% | Скорость: 10.34 МБ/с | Осталось: 52 сек
[2026-07-21 03:35:55] [INFO]   Прогресс: 89.9% | Скорость: 10.34 МБ/с | Осталось: 47 сек
[2026-07-21 03:36:00] [INFO]   Прогресс: 91.0% | Скорость: 10.34 МБ/с | Осталось: 42 сек
[2026-07-21 03:36:05] [INFO]   Прогресс: 92.0% | Скорость: 10.34 МБ/с | Осталось: 37 сек
[2026-07-21 03:36:10] [INFO]   Прогресс: 93.1% | Скорость: 10.34 МБ/с | Осталось: 32 сек
[2026-07-21 03:36:15] [INFO]   Прогресс: 94.2% | Скорость: 10.34 МБ/с | Осталось: 27 сек
[2026-07-21 03:36:20] [INFO]   Прогресс: 95.3% | Скорость: 10.34 МБ/с | Осталось: 22 сек
[2026-07-21 03:36:25] [INFO]   Прогресс: 96.4% | Скорость: 10.35 МБ/с | Осталось: 17 сек
[2026-07-21 03:36:30] [INFO]   Прогресс: 97.5% | Скорость: 10.35 МБ/с | Осталось: 12 сек
[2026-07-21 03:36:35] [INFO]   Прогресс: 98.5% | Скорость: 10.35 МБ/с | Осталось: 7 сек
[2026-07-21 03:36:40] [INFO]   Прогресс: 99.6% | Скорость: 10.35 МБ/с | Осталось: 2 сек
[2026-07-21 03:36:42] [INFO] ✅ Архив распакован за 7 мин 44 сек (средняя скорость: 10.35 МБ/с)
[2026-07-21 03:36:42] [INFO]    Найден .bak-файл: TRBOnet_6.3.0.bak (4.69 ГБ)
[2026-07-21 03:36:42] [INFO] 
📌 ШАГ 5: Подключение к SQL Server
[2026-07-21 03:36:42] [INFO] ----------------------------------------
[2026-07-21 03:36:42] [INFO] 🔌 Подключение к SQL Server: 10.12.101.40\SQLEXPRESS
[2026-07-21 03:36:42] [INFO] ✅ Подключено к SQL Server
[2026-07-21 03:36:42] [INFO]    Версия: Microsoft SQL Server 2025
[2026-07-21 03:36:42] [INFO] 
📌 ШАГ 6: Восстановление базы данных
[2026-07-21 03:36:42] [INFO] ----------------------------------------
[2026-07-21 03:36:42] [INFO]    База данных TRBOnet_63_auto_script уже существует (state=1)
[2026-07-21 03:36:42] [INFO]    БД в состоянии Restoring, выполняем RESTORE WITH RECOVERY...
[2026-07-21 03:36:42] [WARNING]    Не удалось восстановить БД из Restoring: ('42000', '[42000] [Microsoft][ODBC Driver 17 for SQL Server][SQL Server]The database cannot be recovered because the log was not restored. (4333) (SQLExecDirectW); [42000] [Microsoft][ODBC Driver 17 for SQL Server][SQL Server]RESTORE DATABASE is terminating abnormally. (3013)')
[2026-07-21 03:36:42] [INFO]    Попытка удалить БД...
[2026-07-21 03:36:42] [INFO]    ✅ БД TRBOnet_63_auto_script удалена
[2026-07-21 03:36:42] [INFO] 🔄 Восстановление базы данных TRBOnet_63_auto_script из TRBOnet_6.3.0.bak
[2026-07-21 03:36:42] [INFO]    Размер файла: 4.69 ГБ
[2026-07-21 03:36:42] [INFO]    Получение информации о файлах из бэкапа...
[2026-07-21 03:36:42] [INFO]    Путь для SQL Server: C:\Database_Backups
[2026-07-21 03:36:42] [INFO]    Файл данных: TRBOnet → C:\Database_Backups\TRBOnet_63_auto_script.mdf
[2026-07-21 03:36:42] [INFO]    Файл лога: TRBOnet_log → C:\Database_Backups\TRBOnet_63_auto_script_log.ldf
[2026-07-21 03:36:42] [INFO]    .bak-файл для SQL Server: C:\Database_Backups\TRBOnet_6.3.0.bak
[2026-07-21 03:36:42] [INFO]    Выполнение восстановления (это может занять длительное время)...
[2026-07-21 03:36:43] [ERROR] База данных не восстановлена или находится в неправильном состоянии
[2026-07-21 03:36:43] [ERROR] ❌ Ошибка при восстановлении базы данных
[2026-07-21 03:36:43] [ERROR] ❌ Ошибка при восстановлении: Ошибка при восстановлении базы данных
[2026-07-21 03:36:43] [INFO] 🗑️ Удалён файл: TRBOnet_6.3.0.bak.zip
[2026-07-21 03:36:43] [INFO] 🗑️ Удалён файл: TRBOnet_6.3.0.bak
[2026-07-21 03:36:43] [ERROR] 
❌ Критическая ошибка: Ошибка при восстановлении базы данных
[2026-07-21 03:46:20] [INFO] ================================================================================
[2026-07-21 03:46:20] [INFO] 🚀 ВОССТАНОВЛЕНИЕ БАЗЫ ДАННЫХ: TRBOnet_63_auto_script
[2026-07-21 03:46:20] [INFO] ================================================================================
[2026-07-21 03:46:20] [INFO] 📋 Параметры:
[2026-07-21 03:46:20] [INFO]    Источник: \\nsshare.trbonet.com\Share\Tester_common\bd_for_test\!bd_migration\bd_6.3.0
[2026-07-21 03:46:20] [INFO]    Архив: TRBOnet_6.3.0.bak.zip
[2026-07-21 03:46:20] [INFO]    Назначение (скрипт): \\10.12.101.40\Database_Backups
[2026-07-21 03:46:20] [INFO]    Назначение (SQL): C:\Database_Backups
[2026-07-21 03:46:20] [INFO]    SQL Server: 10.12.101.40\SQLEXPRESS
[2026-07-21 03:46:20] [INFO]    Аутентификация: sql
[2026-07-21 03:46:20] [INFO]    База данных: TRBOnet_63_auto_script
[2026-07-21 03:46:20] [INFO]    Сетевой пользователь: TRBONET\e.nikitina
[2026-07-21 03:46:20] [INFO] ================================================================================
[2026-07-21 03:46:20] [INFO] 
📌 ШАГ 0: Подготовка сетевого доступа
[2026-07-21 03:46:20] [INFO] ----------------------------------------
[2026-07-21 03:46:20] [INFO] 🔗 Подключение к сетевой папке: \\nsshare.trbonet.com\Share\Tester_common\bd_for_test\!bd_migration\bd_6.3.0
[2026-07-21 03:46:20] [INFO] ✅ Папка уже доступна
[2026-07-21 03:46:20] [INFO] 🔗 Подключение к сетевой папке: \\10.12.101.40\Database_Backups
[2026-07-21 03:46:20] [INFO] ✅ Папка уже доступна
[2026-07-21 03:46:20] [INFO] 
📌 ШАГ 1: Проверка архива
[2026-07-21 03:46:20] [INFO] ----------------------------------------
[2026-07-21 03:46:20] [INFO] ✅ Архив найден: \\nsshare.trbonet.com\Share\Tester_common\bd_for_test\!bd_migration\bd_6.3.0\TRBOnet_6.3.0.bak.zip
[2026-07-21 03:46:20] [INFO]    Размер: 785.22 МБ
[2026-07-21 03:46:20] [INFO] 
📌 ШАГ 2: Проверка свободного места
[2026-07-21 03:46:20] [INFO] ----------------------------------------
[2026-07-21 03:46:20] [INFO] ✅ Свободного места достаточно: 150.42 ГБ
[2026-07-21 03:46:20] [INFO] 
📌 ШАГ 3: Копирование архива
[2026-07-21 03:46:20] [INFO] ----------------------------------------
[2026-07-21 03:46:20] [INFO]    🧹 Очистка старых .bak-файлов...
[2026-07-21 03:46:20] [INFO] 📦 Копирование файла:
[2026-07-21 03:46:20] [INFO]    Источник: \\nsshare.trbonet.com\Share\Tester_common\bd_for_test\!bd_migration\bd_6.3.0\TRBOnet_6.3.0.bak.zip
[2026-07-21 03:46:20] [INFO]    Назначение: \\10.12.101.40\Database_Backups\TRBOnet_6.3.0.bak.zip
[2026-07-21 03:46:20] [INFO]    Размер: 785.22 МБ
[2026-07-21 03:46:20] [INFO]    Попытка 1/3...
[2026-07-21 03:46:26] [INFO]   32.00 МБ / 785.22 МБ (4.1%) | Скорость: 5.48 МБ/с | Осталось: 2 мин 17 сек
[2026-07-21 03:46:31] [INFO]   64.00 МБ / 785.22 МБ (8.2%) | Скорость: 5.50 МБ/с | Осталось: 2 мин 11 сек
[2026-07-21 03:46:37] [INFO]   96.00 МБ / 785.22 МБ (12.2%) | Скорость: 5.51 МБ/с | Осталось: 2 мин 5 сек
[2026-07-21 03:46:43] [INFO]   128.00 МБ / 785.22 МБ (16.3%) | Скорость: 5.50 МБ/с | Осталось: 1 мин 60 сек
[2026-07-21 03:46:49] [INFO]   160.00 МБ / 785.22 МБ (20.4%) | Скорость: 5.51 МБ/с | Осталось: 1 мин 53 сек
[2026-07-21 03:46:55] [INFO]   192.00 МБ / 785.22 МБ (24.5%) | Скорость: 5.50 МБ/с | Осталось: 1 мин 48 сек
[2026-07-21 03:47:00] [INFO]   224.00 МБ / 785.22 МБ (28.5%) | Скорость: 5.51 МБ/с | Осталось: 1 мин 42 сек
[2026-07-21 03:47:06] [INFO]   256.00 МБ / 785.22 МБ (32.6%) | Скорость: 5.51 МБ/с | Осталось: 1 мин 36 сек
[2026-07-21 03:47:12] [INFO]   288.00 МБ / 785.22 МБ (36.7%) | Скорость: 5.51 МБ/с | Осталось: 1 мин 30 сек
[2026-07-21 03:47:18] [INFO]   320.00 МБ / 785.22 МБ (40.8%) | Скорость: 5.51 МБ/с | Осталось: 1 мин 24 сек
[2026-07-21 03:47:24] [INFO]   352.00 МБ / 785.22 МБ (44.8%) | Скорость: 5.51 МБ/с | Осталось: 1 мин 19 сек
[2026-07-21 03:47:29] [INFO]   384.00 МБ / 785.22 МБ (48.9%) | Скорость: 5.51 МБ/с | Осталось: 1 мин 13 сек
[2026-07-21 03:47:35] [INFO]   416.00 МБ / 785.22 МБ (53.0%) | Скорость: 5.51 МБ/с | Осталось: 1 мин 7 сек
[2026-07-21 03:47:41] [INFO]   448.00 МБ / 785.22 МБ (57.1%) | Скорость: 5.51 МБ/с | Осталось: 1 мин 1 сек
[2026-07-21 03:47:47] [INFO]   480.00 МБ / 785.22 МБ (61.1%) | Скорость: 5.51 МБ/с | Осталось: 55 сек
[2026-07-21 03:47:53] [INFO]   512.00 МБ / 785.22 МБ (65.2%) | Скорость: 5.51 МБ/с | Осталось: 50 сек
[2026-07-21 03:47:59] [INFO]   544.00 МБ / 785.22 МБ (69.3%) | Скорость: 5.51 МБ/с | Осталось: 44 сек
[2026-07-21 03:48:04] [INFO]   576.00 МБ / 785.22 МБ (73.4%) | Скорость: 5.51 МБ/с | Осталось: 38 сек
[2026-07-21 03:48:10] [INFO]   608.00 МБ / 785.22 МБ (77.4%) | Скорость: 5.51 МБ/с | Осталось: 32 сек
[2026-07-21 03:48:16] [INFO]   640.00 МБ / 785.22 МБ (81.5%) | Скорость: 5.51 МБ/с | Осталось: 26 сек
[2026-07-21 03:48:22] [INFO]   672.00 МБ / 785.22 МБ (85.6%) | Скорость: 5.51 МБ/с | Осталось: 21 сек
[2026-07-21 03:48:27] [INFO]   704.00 МБ / 785.22 МБ (89.7%) | Скорость: 5.51 МБ/с | Осталось: 15 сек
[2026-07-21 03:48:33] [INFO]   736.00 МБ / 785.22 МБ (93.7%) | Скорость: 5.51 МБ/с | Осталось: 9 сек
[2026-07-21 03:48:39] [INFO]   768.00 МБ / 785.22 МБ (97.8%) | Скорость: 5.51 МБ/с | Осталось: 3 сек
[2026-07-21 03:48:42] [INFO]   785.22 МБ / 785.22 МБ (100.0%) | Скорость: 5.54 МБ/с | Осталось: 0 сек
[2026-07-21 03:48:42] [INFO] ✅ Файл скопирован за 2 мин 22 сек (средняя скорость: 5.54 МБ/с)
[2026-07-21 03:48:42] [INFO] 
📌 ШАГ 4: Разархивация
[2026-07-21 03:48:42] [INFO] ----------------------------------------
[2026-07-21 03:48:42] [INFO] 📦 Разархивация: \\10.12.101.40\Database_Backups\TRBOnet_6.3.0.bak.zip
[2026-07-21 03:48:42] [INFO]    Назначение: \\10.12.101.40\Database_Backups
[2026-07-21 03:49:58] [INFO]    Файлов в архиве: 1
[2026-07-21 03:49:58] [INFO]    Размер .bak-файла: 4.69 ГБ
[2026-07-21 03:49:58] [INFO]    Начало распаковки...
[2026-07-21 03:50:03] [INFO]   Прогресс: 1.1% | Скорость: 10.35 МБ/с | Осталось: 7 мин 39 сек
[2026-07-21 03:50:08] [INFO]   Прогресс: 2.2% | Скорость: 10.36 МБ/с | Осталось: 7 мин 33 сек
[2026-07-21 03:50:13] [INFO]   Прогресс: 3.3% | Скорость: 10.36 МБ/с | Осталось: 7 мин 28 сек
[2026-07-21 03:50:18] [INFO]   Прогресс: 4.3% | Скорость: 10.36 МБ/с | Осталось: 7 мин 23 сек
[2026-07-21 03:50:23] [INFO]   Прогресс: 5.4% | Скорость: 10.36 МБ/с | Осталось: 7 мин 18 сек
[2026-07-21 03:50:28] [INFO]   Прогресс: 6.5% | Скорость: 10.36 МБ/с | Осталось: 7 мин 13 сек
[2026-07-21 03:50:33] [INFO]   Прогресс: 7.6% | Скорость: 10.36 МБ/с | Осталось: 7 мин 8 сек
[2026-07-21 03:50:38] [INFO]   Прогресс: 8.7% | Скорость: 10.36 МБ/с | Осталось: 7 мин 3 сек
[2026-07-21 03:50:43] [INFO]   Прогресс: 9.8% | Скорость: 10.36 МБ/с | Осталось: 6 мин 58 сек
[2026-07-21 03:50:48] [INFO]   Прогресс: 10.8% | Скорость: 10.36 МБ/с | Осталось: 6 мин 53 сек
[2026-07-21 03:50:53] [INFO]   Прогресс: 11.9% | Скорость: 10.36 МБ/с | Осталось: 6 мин 48 сек
[2026-07-21 03:50:58] [INFO]   Прогресс: 13.0% | Скорость: 10.36 МБ/с | Осталось: 6 мин 43 сек
[2026-07-21 03:51:03] [INFO]   Прогресс: 14.1% | Скорость: 10.36 МБ/с | Осталось: 6 мин 38 сек
[2026-07-21 03:51:08] [INFO]   Прогресс: 15.2% | Скорость: 10.35 МБ/с | Осталось: 6 мин 33 сек
[2026-07-21 03:51:13] [INFO]   Прогресс: 16.3% | Скорость: 10.35 МБ/с | Осталось: 6 мин 28 сек
[2026-07-21 03:51:18] [INFO]   Прогресс: 17.3% | Скорость: 10.35 МБ/с | Осталось: 6 мин 23 сек
[2026-07-21 03:51:23] [INFO]   Прогресс: 18.4% | Скорость: 10.35 МБ/с | Осталось: 6 мин 18 сек
[2026-07-21 03:51:28] [INFO]   Прогресс: 19.5% | Скорость: 10.35 МБ/с | Осталось: 6 мин 13 сек
[2026-07-21 03:51:33] [INFO]   Прогресс: 20.6% | Скорость: 10.35 МБ/с | Осталось: 6 мин 8 сек
[2026-07-21 03:51:38] [INFO]   Прогресс: 21.7% | Скорость: 10.35 МБ/с | Осталось: 6 мин 3 сек
[2026-07-21 03:51:43] [INFO]   Прогресс: 22.8% | Скорость: 10.35 МБ/с | Осталось: 5 мин 58 сек
[2026-07-21 03:51:48] [INFO]   Прогресс: 23.8% | Скорость: 10.35 МБ/с | Осталось: 5 мин 53 сек
[2026-07-21 03:51:53] [INFO]   Прогресс: 24.9% | Скорость: 10.35 МБ/с | Осталось: 5 мин 48 сек
[2026-07-21 03:51:58] [INFO]   Прогресс: 26.0% | Скорость: 10.35 МБ/с | Осталось: 5 мин 43 сек
[2026-07-21 03:52:04] [INFO]   Прогресс: 27.1% | Скорость: 10.35 МБ/с | Осталось: 5 мин 38 сек
[2026-07-21 03:52:09] [INFO]   Прогресс: 28.2% | Скорость: 10.35 МБ/с | Осталось: 5 мин 33 сек
[2026-07-21 03:52:14] [INFO]   Прогресс: 29.3% | Скорость: 10.35 МБ/с | Осталось: 5 мин 28 сек
[2026-07-21 03:52:19] [INFO]   Прогресс: 30.3% | Скорость: 10.35 МБ/с | Осталось: 5 мин 23 сек
[2026-07-21 03:52:24] [INFO]   Прогресс: 31.4% | Скорость: 10.35 МБ/с | Осталось: 5 мин 18 сек
[2026-07-21 03:52:29] [INFO]   Прогресс: 32.5% | Скорость: 10.35 МБ/с | Осталось: 5 мин 13 сек
[2026-07-21 03:52:34] [INFO]   Прогресс: 33.6% | Скорость: 10.35 МБ/с | Осталось: 5 мин 8 сек
[2026-07-21 03:52:39] [INFO]   Прогресс: 34.7% | Скорость: 10.35 МБ/с | Осталось: 5 мин 3 сек
[2026-07-21 03:52:44] [INFO]   Прогресс: 35.8% | Скорость: 10.35 МБ/с | Осталось: 4 мин 58 сек
[2026-07-21 03:52:49] [INFO]   Прогресс: 36.8% | Скорость: 10.35 МБ/с | Осталось: 4 мин 53 сек
[2026-07-21 03:52:54] [INFO]   Прогресс: 37.9% | Скорость: 10.35 МБ/с | Осталось: 4 мин 48 сек
[2026-07-21 03:52:59] [INFO]   Прогресс: 39.0% | Скорость: 10.35 МБ/с | Осталось: 4 мин 43 сек
[2026-07-21 03:53:04] [INFO]   Прогресс: 40.1% | Скорость: 10.35 МБ/с | Осталось: 4 мин 38 сек
[2026-07-21 03:53:09] [INFO]   Прогресс: 41.2% | Скорость: 10.35 МБ/с | Осталось: 4 мин 33 сек
[2026-07-21 03:53:14] [INFO]   Прогресс: 42.3% | Скорость: 10.35 МБ/с | Осталось: 4 мин 28 сек
[2026-07-21 03:53:19] [INFO]   Прогресс: 43.3% | Скорость: 10.35 МБ/с | Осталось: 4 мин 23 сек
[2026-07-21 03:53:24] [INFO]   Прогресс: 44.4% | Скорость: 10.35 МБ/с | Осталось: 4 мин 18 сек
[2026-07-21 03:53:29] [INFO]   Прогресс: 45.5% | Скорость: 10.35 МБ/с | Осталось: 4 мин 13 сек
[2026-07-21 03:53:34] [INFO]   Прогресс: 46.6% | Скорость: 10.35 МБ/с | Осталось: 4 мин 8 сек
[2026-07-21 03:53:39] [INFO]   Прогресс: 47.7% | Скорость: 10.35 МБ/с | Осталось: 4 мин 3 сек
[2026-07-21 03:53:44] [INFO]   Прогресс: 48.8% | Скорость: 10.35 МБ/с | Осталось: 3 мин 58 сек
[2026-07-21 03:53:49] [INFO]   Прогресс: 49.8% | Скорость: 10.35 МБ/с | Осталось: 3 мин 53 сек
[2026-07-21 03:53:54] [INFO]   Прогресс: 50.9% | Скорость: 10.35 МБ/с | Осталось: 3 мин 48 сек
[2026-07-21 03:53:59] [INFO]   Прогресс: 52.0% | Скорость: 10.35 МБ/с | Осталось: 3 мин 43 сек
[2026-07-21 03:54:04] [INFO]   Прогресс: 53.1% | Скорость: 10.35 МБ/с | Осталось: 3 мин 37 сек
[2026-07-21 03:54:09] [INFO]   Прогресс: 54.2% | Скорость: 10.35 МБ/с | Осталось: 3 мин 32 сек
[2026-07-21 03:54:14] [INFO]   Прогресс: 55.3% | Скорость: 10.35 МБ/с | Осталось: 3 мин 27 сек
[2026-07-21 03:54:19] [INFO]   Прогресс: 56.3% | Скорость: 10.35 МБ/с | Осталось: 3 мин 22 сек
[2026-07-21 03:54:24] [INFO]   Прогресс: 57.4% | Скорость: 10.35 МБ/с | Осталось: 3 мин 17 сек
[2026-07-21 03:54:29] [INFO]   Прогресс: 58.5% | Скорость: 10.35 МБ/с | Осталось: 3 мин 12 сек
[2026-07-21 03:54:34] [INFO]   Прогресс: 59.6% | Скорость: 10.35 МБ/с | Осталось: 3 мин 7 сек
[2026-07-21 03:54:39] [INFO]   Прогресс: 60.7% | Скорость: 10.35 МБ/с | Осталось: 3 мин 2 сек
[2026-07-21 03:54:44] [INFO]   Прогресс: 61.8% | Скорость: 10.35 МБ/с | Осталось: 2 мин 57 сек
[2026-07-21 03:54:49] [INFO]   Прогресс: 62.8% | Скорость: 10.35 МБ/с | Осталось: 2 мин 52 сек
[2026-07-21 03:54:54] [INFO]   Прогресс: 63.9% | Скорость: 10.35 МБ/с | Осталось: 2 мин 47 сек
[2026-07-21 03:54:59] [INFO]   Прогресс: 65.0% | Скорость: 10.35 МБ/с | Осталось: 2 мин 42 сек
[2026-07-21 03:55:04] [INFO]   Прогресс: 66.1% | Скорость: 10.35 МБ/с | Осталось: 2 мин 37 сек
[2026-07-21 03:55:09] [INFO]   Прогресс: 67.2% | Скорость: 10.35 МБ/с | Осталось: 2 мин 32 сек
[2026-07-21 03:55:14] [INFO]   Прогресс: 68.3% | Скорость: 10.35 МБ/с | Осталось: 2 мин 27 сек
[2026-07-21 03:55:19] [INFO]   Прогресс: 69.3% | Скорость: 10.35 МБ/с | Осталось: 2 мин 22 сек
[2026-07-21 03:55:24] [INFO]   Прогресс: 70.4% | Скорость: 10.35 МБ/с | Осталось: 2 мин 17 сек
[2026-07-21 03:55:29] [INFO]   Прогресс: 71.5% | Скорость: 10.35 МБ/с | Осталось: 2 мин 12 сек
[2026-07-21 03:55:34] [INFO]   Прогресс: 72.6% | Скорость: 10.35 МБ/с | Осталось: 2 мин 7 сек
[2026-07-21 03:55:39] [INFO]   Прогресс: 73.7% | Скорость: 10.35 МБ/с | Осталось: 2 мин 2 сек
[2026-07-21 03:55:44] [INFO]   Прогресс: 74.8% | Скорость: 10.35 МБ/с | Осталось: 1 мин 57 сек
[2026-07-21 03:55:49] [INFO]   Прогресс: 75.8% | Скорость: 10.35 МБ/с | Осталось: 1 мин 52 сек
[2026-07-21 03:55:54] [INFO]   Прогресс: 76.9% | Скорость: 10.35 МБ/с | Осталось: 1 мин 47 сек
[2026-07-21 03:56:00] [INFO]   Прогресс: 78.0% | Скорость: 10.35 МБ/с | Осталось: 1 мин 42 сек
[2026-07-21 03:56:05] [INFO]   Прогресс: 79.1% | Скорость: 10.35 МБ/с | Осталось: 1 мин 37 сек
[2026-07-21 03:56:10] [INFO]   Прогресс: 80.2% | Скорость: 10.35 МБ/с | Осталось: 1 мин 32 сек
[2026-07-21 03:56:15] [INFO]   Прогресс: 81.3% | Скорость: 10.35 МБ/с | Осталось: 1 мин 27 сек
[2026-07-21 03:56:20] [INFO]   Прогресс: 82.3% | Скорость: 10.35 МБ/с | Осталось: 1 мин 22 сек
[2026-07-21 03:56:25] [INFO]   Прогресс: 83.4% | Скорость: 10.35 МБ/с | Осталось: 1 мин 17 сек
[2026-07-21 03:56:30] [INFO]   Прогресс: 84.5% | Скорость: 10.35 МБ/с | Осталось: 1 мин 12 сек
[2026-07-21 03:56:35] [INFO]   Прогресс: 85.6% | Скорость: 10.35 МБ/с | Осталось: 1 мин 7 сек
[2026-07-21 03:56:40] [INFO]   Прогресс: 86.7% | Скорость: 10.35 МБ/с | Осталось: 1 мин 2 сек
[2026-07-21 03:56:45] [INFO]   Прогресс: 87.8% | Скорость: 10.35 МБ/с | Осталось: 57 сек
[2026-07-21 03:56:50] [INFO]   Прогресс: 88.8% | Скорость: 10.35 МБ/с | Осталось: 52 сек
[2026-07-21 03:56:55] [INFO]   Прогресс: 89.9% | Скорость: 10.35 МБ/с | Осталось: 47 сек
[2026-07-21 03:57:00] [INFO]   Прогресс: 91.0% | Скорость: 10.35 МБ/с | Осталось: 42 сек
[2026-07-21 03:57:05] [INFO]   Прогресс: 92.1% | Скорость: 10.35 МБ/с | Осталось: 37 сек
[2026-07-21 03:57:10] [INFO]   Прогресс: 93.2% | Скорость: 10.35 МБ/с | Осталось: 32 сек
[2026-07-21 03:57:15] [INFO]   Прогресс: 94.3% | Скорость: 10.35 МБ/с | Осталось: 27 сек
[2026-07-21 03:57:20] [INFO]   Прогресс: 95.3% | Скорость: 10.35 МБ/с | Осталось: 22 сек
[2026-07-21 03:57:25] [INFO]   Прогресс: 96.4% | Скорость: 10.35 МБ/с | Осталось: 17 сек
[2026-07-21 03:57:30] [INFO]   Прогресс: 97.5% | Скорость: 10.35 МБ/с | Осталось: 12 сек
[2026-07-21 03:57:35] [INFO]   Прогресс: 98.6% | Скорость: 10.35 МБ/с | Осталось: 6 сек
[2026-07-21 03:57:40] [INFO]   Прогресс: 99.7% | Скорость: 10.35 МБ/с | Осталось: 1 сек
[2026-07-21 03:57:41] [INFO] ✅ Архив распакован за 7 мин 44 сек (средняя скорость: 10.35 МБ/с)
[2026-07-21 03:57:41] [INFO]    Найден .bak-файл: TRBOnet_6.3.0.bak (4.69 ГБ)
[2026-07-21 03:57:41] [INFO] 
📌 ШАГ 5: Подключение к SQL Server
[2026-07-21 03:57:41] [INFO] ----------------------------------------
[2026-07-21 03:57:41] [INFO] 🔌 Подключение к SQL Server: 10.12.101.40\SQLEXPRESS
[2026-07-21 03:57:41] [INFO] ✅ Подключено к SQL Server
[2026-07-21 03:57:41] [INFO]    Версия: Microsoft SQL Server 2025
[2026-07-21 03:57:41] [INFO] 
📌 ШАГ 6: Восстановление базы данных
[2026-07-21 03:57:41] [INFO] ----------------------------------------
[2026-07-21 03:57:41] [INFO]    База данных TRBOnet_63_auto_script уже существует (state=1)
[2026-07-21 03:57:41] [INFO]    БД в состоянии Restoring, выполняем RESTORE WITH RECOVERY...
[2026-07-21 03:57:41] [WARNING]    Не удалось восстановить БД из Restoring: ('42000', '[42000] [Microsoft][ODBC Driver 17 for SQL Server][SQL Server]The database cannot be recovered because the log was not restored. (4333) (SQLExecDirectW); [42000] [Microsoft][ODBC Driver 17 for SQL Server][SQL Server]RESTORE DATABASE is terminating abnormally. (3013)')
[2026-07-21 03:57:41] [INFO]    Попытка удалить БД...
[2026-07-21 03:57:42] [INFO]    ✅ БД TRBOnet_63_auto_script удалена
[2026-07-21 03:57:42] [INFO] 🔄 Восстановление базы данных TRBOnet_63_auto_script из TRBOnet_6.3.0.bak
[2026-07-21 03:57:42] [INFO]    Размер файла: 4.69 ГБ
[2026-07-21 03:57:42] [INFO]    Получение информации о файлах из бэкапа...
[2026-07-21 03:57:42] [INFO]    Путь для SQL Server: C:\Database_Backups
[2026-07-21 03:57:42] [INFO]    Файл данных: TRBOnet → C:\Database_Backups\TRBOnet_63_auto_script.mdf
[2026-07-21 03:57:42] [INFO]    Файл лога: TRBOnet_log → C:\Database_Backups\TRBOnet_63_auto_script_log.ldf
[2026-07-21 03:57:42] [INFO]    .bak-файл для SQL Server: C:\Database_Backups\TRBOnet_6.3.0.bak
[2026-07-21 03:57:42] [INFO]    Выполнение восстановления (это может занять длительное время)...
[2026-07-21 03:57:42] [ERROR] База данных не восстановлена или находится в неправильном состоянии
[2026-07-21 03:57:43] [ERROR] ❌ Ошибка при восстановлении базы данных
[2026-07-21 03:57:43] [ERROR] ❌ Ошибка при восстановлении: Ошибка при восстановлении базы данных
[2026-07-21 03:57:43] [INFO] 🗑️ Удалён файл: TRBOnet_6.3.0.bak.zip
[2026-07-21 03:57:43] [INFO] 🗑️ Удалён файл: TRBOnet_6.3.0.bak
[2026-07-21 03:57:43] [ERROR] 
❌ Критическая ошибка: Ошибка при восстановлении базы данных
[2026-07-21 04:11:33] [INFO] ================================================================================
[2026-07-21 04:11:33] [INFO] 🚀 ВОССТАНОВЛЕНИЕ БАЗЫ ДАННЫХ: TRBOnet_63_auto_script
[2026-07-21 04:11:33] [INFO] ================================================================================
[2026-07-21 04:11:33] [INFO] 📋 Параметры:
[2026-07-21 04:11:33] [INFO]    Источник: \\nsshare.trbonet.com\Share\Tester_common\bd_for_test\!bd_migration\bd_6.3.0
[2026-07-21 04:11:33] [INFO]    Архив: TRBOnet_6.3.0.bak.zip
[2026-07-21 04:11:33] [INFO]    Назначение (скрипт): \\10.12.101.40\Database_Backups
[2026-07-21 04:11:33] [INFO]    Назначение (SQL): C:\Database_Backups
[2026-07-21 04:11:33] [INFO]    SQL Server: 10.12.101.40\SQLEXPRESS
[2026-07-21 04:11:33] [INFO]    Аутентификация: sql
[2026-07-21 04:11:33] [INFO]    База данных: TRBOnet_63_auto_script
[2026-07-21 04:11:33] [INFO]    Сетевой пользователь: TRBONET\e.nikitina
[2026-07-21 04:11:33] [INFO] ================================================================================
[2026-07-21 04:11:33] [INFO] 
📌 ШАГ 0: Подготовка сетевого доступа
[2026-07-21 04:11:33] [INFO] ----------------------------------------
[2026-07-21 04:11:33] [INFO] 🔗 Подключение к сетевой папке: \\nsshare.trbonet.com\Share\Tester_common\bd_for_test\!bd_migration\bd_6.3.0
[2026-07-21 04:11:33] [INFO] ✅ Папка уже доступна
[2026-07-21 04:11:33] [INFO] 🔗 Подключение к сетевой папке: \\10.12.101.40\Database_Backups
[2026-07-21 04:11:33] [INFO] ✅ Папка уже доступна
[2026-07-21 04:11:33] [INFO] 
📌 ШАГ 1: Проверка архива
[2026-07-21 04:11:33] [INFO] ----------------------------------------
[2026-07-21 04:11:33] [INFO] ✅ Архив найден: \\nsshare.trbonet.com\Share\Tester_common\bd_for_test\!bd_migration\bd_6.3.0\TRBOnet_6.3.0.bak.zip
[2026-07-21 04:11:33] [INFO]    Размер: 785.22 МБ
[2026-07-21 04:11:33] [INFO] 
📌 ШАГ 2: Проверка свободного места
[2026-07-21 04:11:33] [INFO] ----------------------------------------
[2026-07-21 04:11:33] [INFO] ✅ Свободного места достаточно: 139.82 ГБ
[2026-07-21 04:11:33] [INFO] 
📌 ШАГ 3: Копирование архива
[2026-07-21 04:11:33] [INFO] ----------------------------------------
[2026-07-21 04:11:33] [INFO]    🧹 Очистка старых .bak-файлов...
[2026-07-21 04:11:33] [INFO]       Удалён старый .bak: TRBOnet_6.3.0.bak
[2026-07-21 04:11:33] [INFO] 📦 Копирование файла:
[2026-07-21 04:11:33] [INFO]    Источник: \\nsshare.trbonet.com\Share\Tester_common\bd_for_test\!bd_migration\bd_6.3.0\TRBOnet_6.3.0.bak.zip
[2026-07-21 04:11:33] [INFO]    Назначение: \\10.12.101.40\Database_Backups\TRBOnet_6.3.0.bak.zip
[2026-07-21 04:11:33] [INFO]    Размер: 785.22 МБ
[2026-07-21 04:11:33] [INFO]    Попытка 1/3...
[2026-07-21 04:11:39] [INFO]   32.00 МБ / 785.22 МБ (4.1%) | Скорость: 5.48 МБ/с | Осталось: 2 мин 18 сек
[2026-07-21 04:11:45] [INFO]   64.00 МБ / 785.22 МБ (8.2%) | Скорость: 5.47 МБ/с | Осталось: 2 мин 12 сек
[2026-07-21 04:11:50] [INFO]   96.00 МБ / 785.22 МБ (12.2%) | Скорость: 5.48 МБ/с | Осталось: 2 мин 6 сек
[2026-07-21 04:11:56] [INFO]   128.00 МБ / 785.22 МБ (16.3%) | Скорость: 5.51 МБ/с | Осталось: 1 мин 59 сек
[2026-07-21 04:12:02] [INFO]   160.00 МБ / 785.22 МБ (20.4%) | Скорость: 5.50 МБ/с | Осталось: 1 мин 54 сек
[2026-07-21 04:12:08] [INFO]   192.00 МБ / 785.22 МБ (24.5%) | Скорость: 5.49 МБ/с | Осталось: 1 мин 48 сек
[2026-07-21 04:12:14] [INFO]   224.00 МБ / 785.22 МБ (28.5%) | Скорость: 5.50 МБ/с | Осталось: 1 мин 42 сек
[2026-07-21 04:12:19] [INFO]   256.00 МБ / 785.22 МБ (32.6%) | Скорость: 5.50 МБ/с | Осталось: 1 мин 36 сек
[2026-07-21 04:12:25] [INFO]   288.00 МБ / 785.22 МБ (36.7%) | Скорость: 5.50 МБ/с | Осталось: 1 мин 30 сек
[2026-07-21 04:12:31] [INFO]   320.00 МБ / 785.22 МБ (40.8%) | Скорость: 5.49 МБ/с | Осталось: 1 мин 25 сек
[2026-07-21 04:12:37] [INFO]   352.00 МБ / 785.22 МБ (44.8%) | Скорость: 5.49 МБ/с | Осталось: 1 мин 19 сек
[2026-07-21 04:12:43] [INFO]   384.00 МБ / 785.22 МБ (48.9%) | Скорость: 5.49 МБ/с | Осталось: 1 мин 13 сек
[2026-07-21 04:12:49] [INFO]   416.00 МБ / 785.22 МБ (53.0%) | Скорость: 5.49 МБ/с | Осталось: 1 мин 7 сек
[2026-07-21 04:12:54] [INFO]   448.00 МБ / 785.22 МБ (57.1%) | Скорость: 5.50 МБ/с | Осталось: 1 мин 1 сек
[2026-07-21 04:13:00] [INFO]   480.00 МБ / 785.22 МБ (61.1%) | Скорость: 5.50 МБ/с | Осталось: 55 сек
[2026-07-21 04:13:06] [INFO]   512.00 МБ / 785.22 МБ (65.2%) | Скорость: 5.50 МБ/с | Осталось: 50 сек
[2026-07-21 04:13:12] [INFO]   544.00 МБ / 785.22 МБ (69.3%) | Скорость: 5.50 МБ/с | Осталось: 44 сек
[2026-07-21 04:13:18] [INFO]   576.00 МБ / 785.22 МБ (73.4%) | Скорость: 5.50 МБ/с | Осталось: 38 сек
[2026-07-21 04:13:23] [INFO]   608.00 МБ / 785.22 МБ (77.4%) | Скорость: 5.50 МБ/с | Осталось: 32 сек
[2026-07-21 04:13:29] [INFO]   640.00 МБ / 785.22 МБ (81.5%) | Скорость: 5.50 МБ/с | Осталось: 26 сек
[2026-07-21 04:13:35] [INFO]   672.00 МБ / 785.22 МБ (85.6%) | Скорость: 5.50 МБ/с | Осталось: 21 сек
[2026-07-21 04:13:41] [INFO]   704.00 МБ / 785.22 МБ (89.7%) | Скорость: 5.50 МБ/с | Осталось: 15 сек
[2026-07-21 04:13:47] [INFO]   736.00 МБ / 785.22 МБ (93.7%) | Скорость: 5.50 МБ/с | Осталось: 9 сек
[2026-07-21 04:13:53] [INFO]   768.00 МБ / 785.22 МБ (97.8%) | Скорость: 5.50 МБ/с | Осталось: 3 сек
[2026-07-21 04:13:55] [INFO]   785.22 МБ / 785.22 МБ (100.0%) | Скорость: 5.53 МБ/с | Осталось: 0 сек
[2026-07-21 04:13:55] [INFO] ✅ Файл скопирован за 2 мин 22 сек (средняя скорость: 5.52 МБ/с)
[2026-07-21 04:13:55] [INFO] 
📌 ШАГ 4: Разархивация
[2026-07-21 04:13:55] [INFO] ----------------------------------------
[2026-07-21 04:13:55] [INFO] 📦 Разархивация: \\10.12.101.40\Database_Backups\TRBOnet_6.3.0.bak.zip
[2026-07-21 04:13:55] [INFO]    Назначение: \\10.12.101.40\Database_Backups
[2026-07-21 04:15:12] [INFO]    Файлов в архиве: 1
[2026-07-21 04:15:12] [INFO]    Размер .bak-файла: 4.69 ГБ
[2026-07-21 04:15:12] [INFO]    Начало распаковки...
[2026-07-21 04:15:17] [INFO]   Прогресс: 1.1% | Скорость: 10.25 МБ/с | Осталось: 7 мин 43 сек
[2026-07-21 04:15:22] [INFO]   Прогресс: 2.2% | Скорость: 10.24 МБ/с | Осталось: 7 мин 38 сек
[2026-07-21 04:15:27] [INFO]   Прогресс: 3.3% | Скорость: 10.27 МБ/с | Осталось: 7 мин 32 сек
[2026-07-21 04:15:32] [INFO]   Прогресс: 4.3% | Скорость: 10.29 МБ/с | Осталось: 7 мин 26 сек
[2026-07-21 04:15:37] [INFO]   Прогресс: 5.4% | Скорость: 10.30 МБ/с | Осталось: 7 мин 21 сек
[2026-07-21 04:15:42] [INFO]   Прогресс: 6.5% | Скорость: 10.31 МБ/с | Осталось: 7 мин 15 сек
[2026-07-21 04:15:47] [INFO]   Прогресс: 7.6% | Скорость: 10.32 МБ/с | Осталось: 7 мин 10 сек
[2026-07-21 04:15:52] [INFO]   Прогресс: 8.7% | Скорость: 10.32 МБ/с | Осталось: 7 мин 5 сек
[2026-07-21 04:15:57] [INFO]   Прогресс: 9.8% | Скорость: 10.32 МБ/с | Осталось: 6 мин 60 сек
[2026-07-21 04:16:02] [INFO]   Прогресс: 10.8% | Скорость: 10.32 МБ/с | Осталось: 6 мин 55 сек
[2026-07-21 04:16:07] [INFO]   Прогресс: 11.9% | Скорость: 10.33 МБ/с | Осталось: 6 мин 49 сек
[2026-07-21 04:16:12] [INFO]   Прогресс: 13.0% | Скорость: 10.33 МБ/с | Осталось: 6 мин 44 сек
[2026-07-21 04:16:17] [INFO]   Прогресс: 14.1% | Скорость: 10.32 МБ/с | Осталось: 6 мин 39 сек
[2026-07-21 04:16:22] [INFO]   Прогресс: 15.2% | Скорость: 10.32 МБ/с | Осталось: 6 мин 34 сек
[2026-07-21 04:16:27] [INFO]   Прогресс: 16.3% | Скорость: 10.32 МБ/с | Осталось: 6 мин 29 сек
[2026-07-21 04:16:32] [INFO]   Прогресс: 17.3% | Скорость: 10.32 МБ/с | Осталось: 6 мин 24 сек
[2026-07-21 04:16:37] [INFO]   Прогресс: 18.4% | Скорость: 10.32 МБ/с | Осталось: 6 мин 19 сек
[2026-07-21 04:16:42] [INFO]   Прогресс: 19.5% | Скорость: 10.33 МБ/с | Осталось: 6 мин 14 сек
[2026-07-21 04:16:47] [INFO]   Прогресс: 20.6% | Скорость: 10.33 МБ/с | Осталось: 6 мин 9 сек
[2026-07-21 04:16:52] [INFO]   Прогресс: 21.6% | Скорость: 10.32 МБ/с | Осталось: 6 мин 4 сек
[2026-07-21 04:16:57] [INFO]   Прогресс: 22.7% | Скорость: 10.32 МБ/с | Осталось: 5 мин 59 сек
[2026-07-21 04:17:02] [INFO]   Прогресс: 23.8% | Скорость: 10.32 МБ/с | Осталось: 5 мин 54 сек
[2026-07-21 04:17:07] [INFO]   Прогресс: 24.9% | Скорость: 10.32 МБ/с | Осталось: 5 мин 49 сек
[2026-07-21 04:17:12] [INFO]   Прогресс: 26.0% | Скорость: 10.32 МБ/с | Осталось: 5 мин 44 сек
[2026-07-21 04:17:18] [INFO]   Прогресс: 27.1% | Скорость: 10.33 МБ/с | Осталось: 5 мин 39 сек
[2026-07-21 04:17:23] [INFO]   Прогресс: 28.2% | Скорость: 10.33 МБ/с | Осталось: 5 мин 34 сек
[2026-07-21 04:17:28] [INFO]   Прогресс: 29.2% | Скорость: 10.33 МБ/с | Осталось: 5 мин 29 сек
[2026-07-21 04:17:33] [INFO]   Прогресс: 30.3% | Скорость: 10.33 МБ/с | Осталось: 5 мин 24 сек
[2026-07-21 04:17:38] [INFO]   Прогресс: 31.4% | Скорость: 10.33 МБ/с | Осталось: 5 мин 19 сек
[2026-07-21 04:17:43] [INFO]   Прогресс: 32.5% | Скорость: 10.33 МБ/с | Осталось: 5 мин 14 сек
[2026-07-21 04:17:48] [INFO]   Прогресс: 33.6% | Скорость: 10.33 МБ/с | Осталось: 5 мин 9 сек
[2026-07-21 04:17:53] [INFO]   Прогресс: 34.7% | Скорость: 10.33 МБ/с | Осталось: 5 мин 4 сек
[2026-07-21 04:17:58] [INFO]   Прогресс: 35.7% | Скорость: 10.33 МБ/с | Осталось: 4 мин 58 сек
[2026-07-21 04:18:03] [INFO]   Прогресс: 36.8% | Скорость: 10.33 МБ/с | Осталось: 4 мин 53 сек
[2026-07-21 04:18:08] [INFO]   Прогресс: 37.9% | Скорость: 10.33 МБ/с | Осталось: 4 мин 48 сек
[2026-07-21 04:18:13] [INFO]   Прогресс: 39.0% | Скорость: 10.34 МБ/с | Осталось: 4 мин 43 сек
[2026-07-21 04:18:18] [INFO]   Прогресс: 40.1% | Скорость: 10.34 МБ/с | Осталось: 4 мин 38 сек
[2026-07-21 04:18:23] [INFO]   Прогресс: 41.2% | Скорость: 10.34 МБ/с | Осталось: 4 мин 33 сек
[2026-07-21 04:18:28] [INFO]   Прогресс: 42.2% | Скорость: 10.34 МБ/с | Осталось: 4 мин 28 сек
[2026-07-21 04:18:33] [INFO]   Прогресс: 43.3% | Скорость: 10.34 МБ/с | Осталось: 4 мин 23 сек
[2026-07-21 04:18:38] [INFO]   Прогресс: 44.4% | Скорость: 10.34 МБ/с | Осталось: 4 мин 18 сек
[2026-07-21 04:18:43] [INFO]   Прогресс: 45.5% | Скорость: 10.34 МБ/с | Осталось: 4 мин 13 сек
[2026-07-21 04:18:48] [INFO]   Прогресс: 46.6% | Скорость: 10.34 МБ/с | Осталось: 4 мин 8 сек
[2026-07-21 04:18:53] [INFO]   Прогресс: 47.7% | Скорость: 10.34 МБ/с | Осталось: 4 мин 3 сек
[2026-07-21 04:18:58] [INFO]   Прогресс: 48.7% | Скорость: 10.34 МБ/с | Осталось: 3 мин 58 сек
[2026-07-21 04:19:03] [INFO]   Прогресс: 49.8% | Скорость: 10.34 МБ/с | Осталось: 3 мин 53 сек
[2026-07-21 04:19:08] [INFO]   Прогресс: 50.9% | Скорость: 10.34 МБ/с | Осталось: 3 мин 48 сек
[2026-07-21 04:19:13] [INFO]   Прогресс: 52.0% | Скорость: 10.34 МБ/с | Осталось: 3 мин 43 сек
[2026-07-21 04:19:18] [INFO]   Прогресс: 53.1% | Скорость: 10.34 МБ/с | Осталось: 3 мин 38 сек
[2026-07-21 04:19:23] [INFO]   Прогресс: 54.2% | Скорость: 10.34 МБ/с | Осталось: 3 мин 33 сек
[2026-07-21 04:19:28] [INFO]   Прогресс: 55.2% | Скорость: 10.34 МБ/с | Осталось: 3 мин 28 сек
[2026-07-21 04:19:33] [INFO]   Прогресс: 56.3% | Скорость: 10.34 МБ/с | Осталось: 3 мин 23 сек
[2026-07-21 04:19:38] [INFO]   Прогресс: 57.4% | Скорость: 10.34 МБ/с | Осталось: 3 мин 18 сек
[2026-07-21 04:19:43] [INFO]   Прогресс: 58.5% | Скорость: 10.34 МБ/с | Осталось: 3 мин 13 сек
[2026-07-21 04:19:48] [INFO]   Прогресс: 59.6% | Скорость: 10.34 МБ/с | Осталось: 3 мин 8 сек
[2026-07-21 04:19:53] [INFO]   Прогресс: 60.7% | Скорость: 10.34 МБ/с | Осталось: 3 мин 3 сек
[2026-07-21 04:19:58] [INFO]   Прогресс: 61.7% | Скорость: 10.34 МБ/с | Осталось: 2 мин 58 сек
[2026-07-21 04:20:03] [INFO]   Прогресс: 62.8% | Скорость: 10.34 МБ/с | Осталось: 2 мин 53 сек
[2026-07-21 04:20:08] [INFO]   Прогресс: 63.9% | Скорость: 10.34 МБ/с | Осталось: 2 мин 47 сек
[2026-07-21 04:20:13] [INFO]   Прогресс: 65.0% | Скорость: 10.34 МБ/с | Осталось: 2 мин 42 сек
[2026-07-21 04:20:18] [INFO]   Прогресс: 66.1% | Скорость: 10.34 МБ/с | Осталось: 2 мин 37 сек
[2026-07-21 04:20:23] [INFO]   Прогресс: 67.2% | Скорость: 10.34 МБ/с | Осталось: 2 мин 32 сек
[2026-07-21 04:20:28] [INFO]   Прогресс: 68.2% | Скорость: 10.34 МБ/с | Осталось: 2 мин 27 сек
[2026-07-21 04:20:33] [INFO]   Прогресс: 69.3% | Скорость: 10.34 МБ/с | Осталось: 2 мин 22 сек
[2026-07-21 04:20:38] [INFO]   Прогресс: 70.4% | Скорость: 10.34 МБ/с | Осталось: 2 мин 17 сек
[2026-07-21 04:20:43] [INFO]   Прогресс: 71.5% | Скорость: 10.34 МБ/с | Осталось: 2 мин 12 сек
[2026-07-21 04:20:48] [INFO]   Прогресс: 72.6% | Скорость: 10.34 МБ/с | Осталось: 2 мин 7 сек
[2026-07-21 04:20:53] [INFO]   Прогресс: 73.7% | Скорость: 10.34 МБ/с | Осталось: 2 мин 2 сек
[2026-07-21 04:20:58] [INFO]   Прогресс: 74.7% | Скорость: 10.34 МБ/с | Осталось: 1 мин 57 сек
[2026-07-21 04:21:03] [INFO]   Прогресс: 75.8% | Скорость: 10.34 МБ/с | Осталось: 1 мин 52 сек
[2026-07-21 04:21:09] [INFO]   Прогресс: 76.9% | Скорость: 10.34 МБ/с | Осталось: 1 мин 47 сек
[2026-07-21 04:21:14] [INFO]   Прогресс: 78.0% | Скорость: 10.34 МБ/с | Осталось: 1 мин 42 сек
[2026-07-21 04:21:19] [INFO]   Прогресс: 79.0% | Скорость: 10.34 МБ/с | Осталось: 1 мин 37 сек
[2026-07-21 04:21:24] [INFO]   Прогресс: 80.1% | Скорость: 10.34 МБ/с | Осталось: 1 мин 32 сек
[2026-07-21 04:21:29] [INFO]   Прогресс: 81.2% | Скорость: 10.34 МБ/с | Осталось: 1 мин 27 сек
[2026-07-21 04:21:34] [INFO]   Прогресс: 82.3% | Скорость: 10.34 МБ/с | Осталось: 1 мин 22 сек
[2026-07-21 04:21:39] [INFO]   Прогресс: 83.4% | Скорость: 10.34 МБ/с | Осталось: 1 мин 17 сек
[2026-07-21 04:21:44] [INFO]   Прогресс: 84.5% | Скорость: 10.34 МБ/с | Осталось: 1 мин 12 сек
[2026-07-21 04:21:49] [INFO]   Прогресс: 85.5% | Скорость: 10.34 МБ/с | Осталось: 1 мин 7 сек
[2026-07-21 04:21:54] [INFO]   Прогресс: 86.6% | Скорость: 10.34 МБ/с | Осталось: 1 мин 2 сек
[2026-07-21 04:21:59] [INFO]   Прогресс: 87.7% | Скорость: 10.34 МБ/с | Осталось: 57 сек
[2026-07-21 04:22:04] [INFO]   Прогресс: 88.8% | Скорость: 10.34 МБ/с | Осталось: 52 сек
[2026-07-21 04:22:09] [INFO]   Прогресс: 89.9% | Скорость: 10.34 МБ/с | Осталось: 47 сек
[2026-07-21 04:22:14] [INFO]   Прогресс: 90.9% | Скорость: 10.34 МБ/с | Осталось: 42 сек
[2026-07-21 04:22:19] [INFO]   Прогресс: 92.0% | Скорость: 10.34 МБ/с | Осталось: 37 сек
[2026-07-21 04:22:24] [INFO]   Прогресс: 93.1% | Скорость: 10.34 МБ/с | Осталось: 32 сек
[2026-07-21 04:22:29] [INFO]   Прогресс: 94.2% | Скорость: 10.34 МБ/с | Осталось: 27 сек
[2026-07-21 04:22:34] [INFO]   Прогресс: 95.3% | Скорость: 10.34 МБ/с | Осталось: 22 сек
[2026-07-21 04:22:39] [INFO]   Прогресс: 96.3% | Скорость: 10.34 МБ/с | Осталось: 17 сек
[2026-07-21 04:22:44] [INFO]   Прогресс: 97.4% | Скорость: 10.34 МБ/с | Осталось: 12 сек
[2026-07-21 04:22:49] [INFO]   Прогресс: 98.5% | Скорость: 10.34 МБ/с | Осталось: 7 сек
[2026-07-21 04:22:54] [INFO]   Прогресс: 99.6% | Скорость: 10.34 МБ/с | Осталось: 2 сек
[2026-07-21 04:22:56] [INFO] ✅ Архив распакован за 7 мин 44 сек (средняя скорость: 10.34 МБ/с)
[2026-07-21 04:22:56] [INFO]    Найден .bak-файл: TRBOnet_6.3.0.bak (4.69 ГБ)
[2026-07-21 04:22:56] [INFO] 
📌 ШАГ 5: Подключение к SQL Server
[2026-07-21 04:22:56] [INFO] ----------------------------------------
[2026-07-21 04:22:56] [INFO] 🔌 Подключение к SQL Server: 10.12.101.40\SQLEXPRESS
[2026-07-21 04:22:56] [INFO] ✅ Подключено к SQL Server
[2026-07-21 04:22:56] [INFO]    Версия: Microsoft SQL Server 2025
[2026-07-21 04:22:56] [INFO] 
📌 ШАГ 6: Восстановление базы данных
[2026-07-21 04:22:56] [INFO] ----------------------------------------
[2026-07-21 04:22:56] [INFO]    База данных TRBOnet_63_auto_script уже существует (state=0)
[2026-07-21 04:22:56] [INFO]    Закрываем подключения и удаляем БД...
[2026-07-21 04:22:56] [INFO]    ✅ БД TRBOnet_63_auto_script удалена
[2026-07-21 04:22:56] [INFO]    🗑️ Удаление физических файлов БД...
[2026-07-21 04:22:56] [INFO] 🔄 Восстановление базы данных TRBOnet_63_auto_script из TRBOnet_6.3.0.bak
[2026-07-21 04:22:56] [INFO]    Размер файла: 4.69 ГБ
[2026-07-21 04:22:56] [INFO]    Получение информации о файлах из бэкапа...
[2026-07-21 04:22:56] [INFO]    Путь для SQL Server: C:\Database_Backups
[2026-07-21 04:22:56] [INFO]    Файл данных: TRBOnet → C:\Database_Backups\TRBOnet_63_auto_script.mdf
[2026-07-21 04:22:56] [INFO]    Файл лога: TRBOnet_log → C:\Database_Backups\TRBOnet_63_auto_script_log.ldf
[2026-07-21 04:22:56] [INFO]    .bak-файл для SQL Server: C:\Database_Backups\TRBOnet_6.3.0.bak
[2026-07-21 04:22:56] [INFO]    Выполнение восстановления (это может занять длительное время)...
[2026-07-21 04:22:57] [ERROR] База данных не восстановлена или находится в неправильном состоянии
[2026-07-21 04:22:57] [ERROR] ❌ Ошибка при восстановлении базы данных
[2026-07-21 04:22:57] [ERROR] ❌ Ошибка при восстановлении: Ошибка при восстановлении базы данных
[2026-07-21 04:22:57] [ERROR] 
❌ Критическая ошибка: Ошибка при восстановлении базы данных
[2026-07-21 21:47:45] [INFO] ================================================================================
[2026-07-21 21:47:45] [INFO] 🚀 ВОССТАНОВЛЕНИЕ БАЗЫ ДАННЫХ: TRBOnet_63_auto_script
[2026-07-21 21:47:45] [INFO] ================================================================================
[2026-07-21 21:47:45] [INFO] 📋 Параметры:
[2026-07-21 21:47:45] [INFO]    Источник: \\nsshare.trbonet.com\Share\Tester_common\bd_for_test\!bd_migration\bd_6.3.0
[2026-07-21 21:47:45] [INFO]    Архив: TRBOnet_6.3.0.bak.zip
[2026-07-21 21:47:45] [INFO]    Назначение (скрипт): \\10.12.101.40\Database_Backups
[2026-07-21 21:47:45] [INFO]    Назначение (SQL): C:\Database_Backups
[2026-07-21 21:47:45] [INFO]    SQL Server: 10.12.101.40\SQLEXPRESS
[2026-07-21 21:47:45] [INFO]    Аутентификация: sql
[2026-07-21 21:47:45] [INFO]    База данных: TRBOnet_63_auto_script
[2026-07-21 21:47:45] [INFO]    Сетевой пользователь: TRBONET\e.nikitina
[2026-07-21 21:47:45] [INFO] ================================================================================
[2026-07-21 21:47:45] [INFO] 
📌 ШАГ 0: Подготовка сетевого доступа
[2026-07-21 21:47:45] [INFO] ----------------------------------------
[2026-07-21 21:47:45] [INFO] 🔗 Подключение к сетевой папке: \\nsshare.trbonet.com\Share\Tester_common\bd_for_test\!bd_migration\bd_6.3.0
[2026-07-21 21:47:45] [INFO] ✅ Папка уже доступна
[2026-07-21 21:47:45] [INFO] 🔗 Подключение к сетевой папке: \\10.12.101.40\Database_Backups
[2026-07-21 21:47:45] [INFO] ✅ Папка уже доступна
[2026-07-21 21:47:45] [INFO] 
📌 ШАГ 1: Проверка архива
[2026-07-21 21:47:45] [INFO] ----------------------------------------
[2026-07-21 21:47:45] [INFO] ✅ Архив найден: \\nsshare.trbonet.com\Share\Tester_common\bd_for_test\!bd_migration\bd_6.3.0\TRBOnet_6.3.0.bak.zip
[2026-07-21 21:47:45] [INFO]    Размер: 785.22 МБ
[2026-07-21 21:47:45] [INFO] 
📌 ШАГ 2: Проверка свободного места
[2026-07-21 21:47:45] [INFO] ----------------------------------------
[2026-07-21 21:47:45] [INFO] ✅ Свободного места достаточно: 138.74 ГБ
[2026-07-21 21:47:45] [INFO] ℹ️  Режим отладки: архив уже существует, пропускаем копирование
[2026-07-21 21:47:45] [INFO]    Файл: \\10.12.101.40\Database_Backups\TRBOnet_6.3.0.bak.zip
[2026-07-21 21:47:45] [INFO]    Размер: 785.22 МБ
[2026-07-21 21:47:45] [INFO] 
📌 ШАГ 4: Разархивация
[2026-07-21 21:47:45] [INFO] ----------------------------------------
[2026-07-21 21:47:45] [INFO] ℹ️  Режим отладки: .bak-файл уже существует, пропускаем разархивацию
[2026-07-21 21:47:45] [INFO]    Файл: \\10.12.101.40\Database_Backups\TRBOnet_6.3.0.bak
[2026-07-21 21:47:45] [INFO]    Размер: 4.69 ГБ
[2026-07-21 21:47:45] [INFO] 
📌 ШАГ 5: Подключение к SQL Server
[2026-07-21 21:47:45] [INFO] ----------------------------------------
[2026-07-21 21:47:45] [INFO] 🔌 Подключение к SQL Server: 10.12.101.40\SQLEXPRESS
[2026-07-21 21:47:46] [INFO] ✅ Подключено к SQL Server
[2026-07-21 21:47:46] [INFO]    Версия: Microsoft SQL Server 2025
[2026-07-21 21:47:46] [INFO] 
📌 ШАГ 6: Восстановление базы данных
[2026-07-21 21:47:46] [INFO] ----------------------------------------
[2026-07-21 21:47:46] [INFO]    База данных TRBOnet_63_auto_script уже существует (state=0)
[2026-07-21 21:47:46] [INFO]    Закрываем подключения и удаляем БД...
[2026-07-21 21:47:46] [INFO]    ✅ БД TRBOnet_63_auto_script удалена
[2026-07-21 21:47:46] [INFO]    🗑️ Удаление физических файлов БД...
[2026-07-21 21:47:46] [INFO] 🔄 Восстановление базы данных TRBOnet_63_auto_script из TRBOnet_6.3.0.bak
[2026-07-21 21:47:46] [INFO]    Размер файла: 4.69 ГБ
[2026-07-21 21:47:46] [INFO]    Получение информации о файлах из бэкапа...
[2026-07-21 21:47:46] [INFO]    Путь для SQL Server: C:\Database_Backups
[2026-07-21 21:47:46] [INFO]    Файл данных: TRBOnet → C:\Database_Backups\TRBOnet_63_auto_script.mdf
[2026-07-21 21:47:46] [INFO]    Файл лога: TRBOnet_log → C:\Database_Backups\TRBOnet_63_auto_script_log.ldf
[2026-07-21 21:47:46] [INFO]    .bak-файл для SQL Server: C:\Database_Backups\TRBOnet_6.3.0.bak
[2026-07-21 21:47:46] [INFO]    Выполнение восстановления (это может занять длительное время)...
[2026-07-21 21:47:46] [ERROR] База данных не восстановлена или находится в неправильном состоянии
[2026-07-21 21:47:46] [ERROR] ❌ Ошибка при восстановлении базы данных
[2026-07-21 21:47:46] [ERROR] ❌ Ошибка при восстановлении: Ошибка при восстановлении базы данных
[2026-07-21 21:47:46] [ERROR] 
❌ Критическая ошибка: Ошибка при восстановлении базы данных
[2026-07-21 21:50:06] [INFO] ================================================================================
[2026-07-21 21:50:06] [INFO] 🚀 ВОССТАНОВЛЕНИЕ БАЗЫ ДАННЫХ: TRBOnet_63_auto_script
[2026-07-21 21:50:06] [INFO] ================================================================================
[2026-07-21 21:50:06] [INFO] 📋 Параметры:
[2026-07-21 21:50:06] [INFO]    Источник: \\nsshare.trbonet.com\Share\Tester_common\bd_for_test\!bd_migration\bd_6.3.0
[2026-07-21 21:50:06] [INFO]    Архив: TRBOnet_6.3.0.bak.zip
[2026-07-21 21:50:06] [INFO]    Назначение (скрипт): \\10.12.101.40\Database_Backups
[2026-07-21 21:50:06] [INFO]    Назначение (SQL): C:\Database_Backups
[2026-07-21 21:50:06] [INFO]    SQL Server: 10.12.101.40\SQLEXPRESS
[2026-07-21 21:50:06] [INFO]    Аутентификация: sql
[2026-07-21 21:50:06] [INFO]    База данных: TRBOnet_63_auto_script
[2026-07-21 21:50:06] [INFO]    Сетевой пользователь: TRBONET\e.nikitina
[2026-07-21 21:50:06] [INFO] ================================================================================
[2026-07-21 21:50:06] [INFO] 
📌 ШАГ 0: Подготовка сетевого доступа
[2026-07-21 21:50:06] [INFO] ----------------------------------------
[2026-07-21 21:50:06] [INFO] 🔗 Подключение к сетевой папке: \\nsshare.trbonet.com\Share\Tester_common\bd_for_test\!bd_migration\bd_6.3.0
[2026-07-21 21:50:06] [INFO] ✅ Папка уже доступна
[2026-07-21 21:50:06] [INFO] 🔗 Подключение к сетевой папке: \\10.12.101.40\Database_Backups
[2026-07-21 21:50:06] [INFO] ✅ Папка уже доступна
[2026-07-21 21:50:06] [INFO] 
📌 ШАГ 1: Проверка архива
[2026-07-21 21:50:06] [INFO] ----------------------------------------
[2026-07-21 21:50:06] [INFO] ✅ Архив найден: \\nsshare.trbonet.com\Share\Tester_common\bd_for_test\!bd_migration\bd_6.3.0\TRBOnet_6.3.0.bak.zip
[2026-07-21 21:50:06] [INFO]    Размер: 785.22 МБ
[2026-07-21 21:50:06] [INFO] 
📌 ШАГ 2: Проверка свободного места
[2026-07-21 21:50:06] [INFO] ----------------------------------------
[2026-07-21 21:50:06] [INFO] ✅ Свободного места достаточно: 138.74 ГБ
[2026-07-21 21:50:06] [INFO] ℹ️  Режим отладки: архив уже существует, пропускаем копирование
[2026-07-21 21:50:06] [INFO]    Файл: \\10.12.101.40\Database_Backups\TRBOnet_6.3.0.bak.zip
[2026-07-21 21:50:06] [INFO]    Размер: 785.22 МБ
[2026-07-21 21:50:06] [INFO] 
📌 ШАГ 4: Разархивация
[2026-07-21 21:50:06] [INFO] ----------------------------------------
[2026-07-21 21:50:06] [INFO] ℹ️  Режим отладки: .bak-файл уже существует, пропускаем разархивацию
[2026-07-21 21:50:06] [INFO]    Файл: \\10.12.101.40\Database_Backups\TRBOnet_6.3.0.bak
[2026-07-21 21:50:06] [INFO]    Размер: 4.69 ГБ
[2026-07-21 21:50:06] [INFO] 
📌 ШАГ 5: Подключение к SQL Server
[2026-07-21 21:50:06] [INFO] ----------------------------------------
[2026-07-21 21:50:06] [INFO] 🔌 Подключение к SQL Server: 10.12.101.40\SQLEXPRESS
[2026-07-21 21:50:06] [INFO] ✅ Подключено к SQL Server
[2026-07-21 21:50:06] [INFO]    Версия: Microsoft SQL Server 2025
[2026-07-21 21:50:06] [INFO] 
📌 ШАГ 6: Восстановление базы данных
[2026-07-21 21:50:06] [INFO] ----------------------------------------
[2026-07-21 21:50:06] [INFO] 🔄 Восстановление базы данных TRBOnet_63_auto_script из TRBOnet_6.3.0.bak
[2026-07-21 21:50:06] [INFO]    Размер файла: 4.69 ГБ
[2026-07-21 21:50:06] [INFO]    Получение информации о файлах из бэкапа...
[2026-07-21 21:50:06] [INFO]    Путь для SQL Server: C:\Database_Backups
[2026-07-21 21:50:06] [INFO]    Файл данных: TRBOnet → C:\Database_Backups\TRBOnet_63_auto_script.mdf
[2026-07-21 21:50:06] [INFO]    Файл лога: TRBOnet_log → C:\Database_Backups\TRBOnet_63_auto_script_log.ldf
[2026-07-21 21:50:06] [INFO]    .bak-файл для SQL Server: C:\Database_Backups\TRBOnet_6.3.0.bak
[2026-07-21 21:50:06] [INFO]    База данных TRBOnet_63_auto_script уже существует, удаляем...
[2026-07-21 21:50:06] [WARNING]    Не удалось удалить БД: ('42000', '[42000] [Microsoft][ODBC Driver 17 for SQL Server][SQL Server]ALTER DATABASE is not permitted while a database is in the Restoring state. (5052) (SQLExecDirectW); [42000] [Microsoft][ODBC Driver 17 for SQL Server][SQL Server]ALTER DATABASE statement failed. (5069)')
[2026-07-21 21:50:06] [INFO]    Выполнение восстановления (это может занять длительное время)...
[2026-07-21 21:50:07] [ERROR] База данных не восстановлена или находится в неправильном состоянии
[2026-07-21 21:50:07] [ERROR] ❌ Ошибка при восстановлении базы данных
[2026-07-21 21:50:07] [ERROR] ❌ Ошибка при восстановлении: Ошибка при восстановлении базы данных
[2026-07-21 21:50:07] [ERROR] 
❌ Критическая ошибка: Ошибка при восстановлении базы данных
[2026-07-21 21:51:53] [INFO] ================================================================================
[2026-07-21 21:51:53] [INFO] 🚀 ВОССТАНОВЛЕНИЕ БАЗЫ ДАННЫХ: TRBOnet_63_auto_script
[2026-07-21 21:51:53] [INFO] ================================================================================
[2026-07-21 21:51:53] [INFO] 📋 Параметры:
[2026-07-21 21:51:53] [INFO]    Источник: \\nsshare.trbonet.com\Share\Tester_common\bd_for_test\!bd_migration\bd_6.3.0
[2026-07-21 21:51:53] [INFO]    Архив: TRBOnet_6.3.0.bak.zip
[2026-07-21 21:51:53] [INFO]    Назначение (скрипт): \\10.12.101.40\Database_Backups
[2026-07-21 21:51:53] [INFO]    Назначение (SQL): C:\Database_Backups
[2026-07-21 21:51:53] [INFO]    SQL Server: 10.12.101.40\SQLEXPRESS
[2026-07-21 21:51:53] [INFO]    Аутентификация: sql
[2026-07-21 21:51:53] [INFO]    База данных: TRBOnet_63_auto_script
[2026-07-21 21:51:53] [INFO]    Сетевой пользователь: TRBONET\e.nikitina
[2026-07-21 21:51:53] [INFO] ================================================================================
[2026-07-21 21:51:53] [INFO] 
📌 ШАГ 0: Подготовка сетевого доступа
[2026-07-21 21:51:53] [INFO] ----------------------------------------
[2026-07-21 21:51:53] [INFO] 🔗 Подключение к сетевой папке: \\nsshare.trbonet.com\Share\Tester_common\bd_for_test\!bd_migration\bd_6.3.0
[2026-07-21 21:51:53] [INFO] ✅ Папка уже доступна
[2026-07-21 21:51:53] [INFO] 🔗 Подключение к сетевой папке: \\10.12.101.40\Database_Backups
[2026-07-21 21:51:53] [INFO] ✅ Папка уже доступна
[2026-07-21 21:51:53] [INFO] 
📌 ШАГ 1: Проверка архива
[2026-07-21 21:51:53] [INFO] ----------------------------------------
[2026-07-21 21:51:53] [INFO] ✅ Архив найден: \\nsshare.trbonet.com\Share\Tester_common\bd_for_test\!bd_migration\bd_6.3.0\TRBOnet_6.3.0.bak.zip
[2026-07-21 21:51:53] [INFO]    Размер: 785.22 МБ
[2026-07-21 21:51:53] [INFO] 
📌 ШАГ 2: Проверка свободного места
[2026-07-21 21:51:53] [INFO] ----------------------------------------
[2026-07-21 21:51:53] [INFO] ✅ Свободного места достаточно: 138.74 ГБ
[2026-07-21 21:51:53] [INFO] ℹ️  Режим отладки: архив уже существует, пропускаем копирование
[2026-07-21 21:51:53] [INFO]    Файл: \\10.12.101.40\Database_Backups\TRBOnet_6.3.0.bak.zip
[2026-07-21 21:51:53] [INFO]    Размер: 785.22 МБ
[2026-07-21 21:51:53] [INFO] 
📌 ШАГ 4: Разархивация
[2026-07-21 21:51:53] [INFO] ----------------------------------------
[2026-07-21 21:51:53] [INFO] ℹ️  Режим отладки: .bak-файл уже существует, пропускаем разархивацию
[2026-07-21 21:51:53] [INFO]    Файл: \\10.12.101.40\Database_Backups\TRBOnet_6.3.0.bak
[2026-07-21 21:51:53] [INFO]    Размер: 4.69 ГБ
[2026-07-21 21:51:53] [INFO] 
📌 ШАГ 5: Подключение к SQL Server
[2026-07-21 21:51:53] [INFO] ----------------------------------------
[2026-07-21 21:51:53] [INFO] 🔌 Подключение к SQL Server: 10.12.101.40\SQLEXPRESS
[2026-07-21 21:51:53] [INFO] ✅ Подключено к SQL Server
[2026-07-21 21:51:53] [INFO]    Версия: Microsoft SQL Server 2025
[2026-07-21 21:51:53] [INFO] 
📌 ШАГ 6: Восстановление базы данных
[2026-07-21 21:51:53] [INFO] ----------------------------------------
[2026-07-21 21:51:53] [INFO] 🔄 Восстановление базы данных TRBOnet_63_auto_script из TRBOnet_6.3.0.bak
[2026-07-21 21:51:53] [INFO]    Размер файла: 4.69 ГБ
[2026-07-21 21:51:53] [INFO]    Получение информации о файлах из бэкапа...
[2026-07-21 21:51:53] [INFO]    Путь для SQL Server: C:\Database_Backups
[2026-07-21 21:51:53] [INFO]    Файл данных: TRBOnet → C:\Database_Backups\TRBOnet_63_auto_script.mdf
[2026-07-21 21:51:53] [INFO]    Файл лога: TRBOnet_log → C:\Database_Backups\TRBOnet_63_auto_script_log.ldf
[2026-07-21 21:51:53] [INFO]    .bak-файл для SQL Server: C:\Database_Backups\TRBOnet_6.3.0.bak
[2026-07-21 21:51:53] [INFO]    База данных TRBOnet_63_auto_script уже существует (state=1)
[2026-07-21 21:51:53] [INFO]    БД в состоянии Restoring, завершаем восстановление...
[2026-07-21 21:51:53] [WARNING]    Не удалось восстановить БД из Restoring: ('42000', '[42000] [Microsoft][ODBC Driver 17 for SQL Server][SQL Server]The database cannot be recovered because the log was not restored. (4333) (SQLExecDirectW); [42000] [Microsoft][ODBC Driver 17 for SQL Server][SQL Server]RESTORE DATABASE is terminating abnormally. (3013)')
[2026-07-21 21:51:53] [WARNING]    Не удалось удалить БД: ('42000', "[42000] [Microsoft][ODBC Driver 17 for SQL Server][SQL Server]Incorrect syntax near the keyword 'with'. If this statement is a common table expression, an xmlnamespaces clause or a change tracking context clause, the previous statement must be terminated with a semicolon. (319) (SQLExecDirectW)")
[2026-07-21 21:51:53] [WARNING]    Не удалось удалить БД: ('42000', '[42000] [Microsoft][ODBC Driver 17 for SQL Server][SQL Server]ALTER DATABASE is not permitted while a database is in the Restoring state. (5052) (SQLExecDirectW); [42000] [Microsoft][ODBC Driver 17 for SQL Server][SQL Server]ALTER DATABASE statement failed. (5069)')
[2026-07-21 21:51:53] [INFO]    Выполнение восстановления (это может занять длительное время)...
[2026-07-21 21:51:53] [ERROR] База данных не восстановлена или находится в неправильном состоянии
[2026-07-21 21:51:53] [ERROR] ❌ Ошибка при восстановлении базы данных
[2026-07-21 21:51:53] [ERROR] ❌ Ошибка при восстановлении: Ошибка при восстановлении базы данных
[2026-07-21 21:51:53] [ERROR] 
❌ Критическая ошибка: Ошибка при восстановлении базы данных
[2026-07-21 21:56:49] [INFO] ================================================================================
[2026-07-21 21:56:49] [INFO] 🚀 ВОССТАНОВЛЕНИЕ БАЗЫ ДАННЫХ: TRBOnet_63_auto_script
[2026-07-21 21:56:49] [INFO] ================================================================================
[2026-07-21 21:56:49] [INFO] 📋 Параметры:
[2026-07-21 21:56:49] [INFO]    Источник: \\nsshare.trbonet.com\Share\Tester_common\bd_for_test\!bd_migration\bd_6.3.0
[2026-07-21 21:56:49] [INFO]    Архив: TRBOnet_6.3.0.bak.zip
[2026-07-21 21:56:49] [INFO]    Назначение (скрипт): \\10.12.101.40\Database_Backups
[2026-07-21 21:56:49] [INFO]    Назначение (SQL): C:\Database_Backups
[2026-07-21 21:56:49] [INFO]    SQL Server: 10.12.101.40\SQLEXPRESS
[2026-07-21 21:56:49] [INFO]    Аутентификация: sql
[2026-07-21 21:56:49] [INFO]    База данных: TRBOnet_63_auto_script
[2026-07-21 21:56:49] [INFO]    Сетевой пользователь: TRBONET\e.nikitina
[2026-07-21 21:56:49] [INFO] ================================================================================
[2026-07-21 21:56:49] [INFO] 
📌 ШАГ 0: Подготовка сетевого доступа
[2026-07-21 21:56:49] [INFO] ----------------------------------------
[2026-07-21 21:56:49] [INFO] 🔗 Подключение к сетевой папке: \\nsshare.trbonet.com\Share\Tester_common\bd_for_test\!bd_migration\bd_6.3.0
[2026-07-21 21:56:49] [INFO] ✅ Папка уже доступна
[2026-07-21 21:56:49] [INFO] 🔗 Подключение к сетевой папке: \\10.12.101.40\Database_Backups
[2026-07-21 21:56:49] [INFO] ✅ Папка уже доступна
[2026-07-21 21:56:49] [INFO] 
📌 ШАГ 1: Проверка архива
[2026-07-21 21:56:49] [INFO] ----------------------------------------
[2026-07-21 21:56:49] [INFO] ✅ Архив найден: \\nsshare.trbonet.com\Share\Tester_common\bd_for_test\!bd_migration\bd_6.3.0\TRBOnet_6.3.0.bak.zip
[2026-07-21 21:56:49] [INFO]    Размер: 785.22 МБ
[2026-07-21 21:56:49] [INFO] 
📌 ШАГ 2: Проверка свободного места
[2026-07-21 21:56:49] [INFO] ----------------------------------------
[2026-07-21 21:56:49] [INFO] ✅ Свободного места достаточно: 138.74 ГБ
[2026-07-21 21:56:49] [INFO] ℹ️  Режим отладки: архив уже существует, пропускаем копирование
[2026-07-21 21:56:49] [INFO]    Файл: \\10.12.101.40\Database_Backups\TRBOnet_6.3.0.bak.zip
[2026-07-21 21:56:49] [INFO]    Размер: 785.22 МБ
[2026-07-21 21:56:49] [INFO] 
📌 ШАГ 4: Разархивация
[2026-07-21 21:56:49] [INFO] ----------------------------------------
[2026-07-21 21:56:49] [INFO] ℹ️  Режим отладки: .bak-файл уже существует, пропускаем разархивацию
[2026-07-21 21:56:49] [INFO]    Файл: \\10.12.101.40\Database_Backups\TRBOnet_6.3.0.bak
[2026-07-21 21:56:49] [INFO]    Размер: 4.69 ГБ
[2026-07-21 21:56:49] [INFO] 
📌 ШАГ 5: Подключение к SQL Server
[2026-07-21 21:56:49] [INFO] ----------------------------------------
[2026-07-21 21:56:49] [INFO] 🔌 Подключение к SQL Server: 10.12.101.40\SQLEXPRESS
[2026-07-21 21:56:49] [INFO] ✅ Подключено к SQL Server
[2026-07-21 21:56:49] [INFO]    Версия: Microsoft SQL Server 2025
[2026-07-21 21:56:49] [INFO] 
📌 ШАГ 6: Восстановление базы данных
[2026-07-21 21:56:49] [INFO] ----------------------------------------
[2026-07-21 21:56:49] [INFO] 🔄 Восстановление базы данных TRBOnet_63_auto_script из TRBOnet_6.3.0.bak
[2026-07-21 21:56:49] [INFO]    Размер файла: 4.69 ГБ
[2026-07-21 21:56:49] [INFO]    Получение информации о файлах из бэкапа...
[2026-07-21 21:56:49] [INFO]    Путь для SQL Server: C:\Database_Backups
[2026-07-21 21:56:49] [INFO]    Файл данных: TRBOnet → C:\Database_Backups\TRBOnet_63_auto_script.mdf
[2026-07-21 21:56:49] [INFO]    Файл лога: TRBOnet_log → C:\Database_Backups\TRBOnet_63_auto_script_log.ldf
[2026-07-21 21:56:49] [INFO]    .bak-файл для SQL Server: C:\Database_Backups\TRBOnet_6.3.0.bak
[2026-07-21 21:56:49] [INFO]    База данных TRBOnet_63_auto_script уже существует (state=1)
[2026-07-21 21:56:49] [INFO]    ✅ Подключения завершены
[2026-07-21 21:56:49] [INFO]    ✅ БД TRBOnet_63_auto_script удалена
[2026-07-21 21:56:49] [INFO]    Выполнение восстановления (это может занять длительное время)...
[2026-07-21 21:56:49] [ERROR] База данных не восстановлена или находится в неправильном состоянии
[2026-07-21 21:56:49] [ERROR] ❌ Ошибка при восстановлении базы данных
[2026-07-21 21:56:49] [ERROR] ❌ Ошибка при восстановлении: Ошибка при восстановлении базы данных
[2026-07-21 21:56:49] [ERROR] 
❌ Критическая ошибка: Ошибка при восстановлении базы данных
[2026-07-21 21:59:13] [INFO] ================================================================================
[2026-07-21 21:59:13] [INFO] 🚀 ВОССТАНОВЛЕНИЕ БАЗЫ ДАННЫХ: TRBOnet_63_auto_script
[2026-07-21 21:59:13] [INFO] ================================================================================
[2026-07-21 21:59:13] [INFO] 📋 Параметры:
[2026-07-21 21:59:13] [INFO]    Источник: \\nsshare.trbonet.com\Share\Tester_common\bd_for_test\!bd_migration\bd_6.3.0
[2026-07-21 21:59:13] [INFO]    Архив: TRBOnet_6.3.0.bak.zip
[2026-07-21 21:59:13] [INFO]    Назначение (скрипт): \\10.12.101.40\Database_Backups
[2026-07-21 21:59:13] [INFO]    Назначение (SQL): C:\Database_Backups
[2026-07-21 21:59:13] [INFO]    SQL Server: 10.12.101.40\SQLEXPRESS
[2026-07-21 21:59:13] [INFO]    Аутентификация: sql
[2026-07-21 21:59:13] [INFO]    База данных: TRBOnet_63_auto_script
[2026-07-21 21:59:13] [INFO]    Сетевой пользователь: TRBONET\e.nikitina
[2026-07-21 21:59:13] [INFO] ================================================================================
[2026-07-21 21:59:13] [INFO] 
📌 ШАГ 0: Подготовка сетевого доступа
[2026-07-21 21:59:13] [INFO] ----------------------------------------
[2026-07-21 21:59:13] [INFO] 🔗 Подключение к сетевой папке: \\nsshare.trbonet.com\Share\Tester_common\bd_for_test\!bd_migration\bd_6.3.0
[2026-07-21 21:59:13] [INFO] ✅ Папка уже доступна
[2026-07-21 21:59:13] [INFO] 🔗 Подключение к сетевой папке: \\10.12.101.40\Database_Backups
[2026-07-21 21:59:13] [INFO] ✅ Папка уже доступна
[2026-07-21 21:59:13] [INFO] 
📌 ШАГ 1: Проверка архива
[2026-07-21 21:59:13] [INFO] ----------------------------------------
[2026-07-21 21:59:13] [INFO] ✅ Архив найден: \\nsshare.trbonet.com\Share\Tester_common\bd_for_test\!bd_migration\bd_6.3.0\TRBOnet_6.3.0.bak.zip
[2026-07-21 21:59:13] [INFO]    Размер: 785.22 МБ
[2026-07-21 21:59:13] [INFO] 
📌 ШАГ 2: Проверка свободного места
[2026-07-21 21:59:13] [INFO] ----------------------------------------
[2026-07-21 21:59:13] [INFO] ✅ Свободного места достаточно: 138.74 ГБ
[2026-07-21 21:59:13] [INFO] ℹ️  Режим отладки: архив уже существует, пропускаем копирование
[2026-07-21 21:59:13] [INFO]    Файл: \\10.12.101.40\Database_Backups\TRBOnet_6.3.0.bak.zip
[2026-07-21 21:59:13] [INFO]    Размер: 785.22 МБ
[2026-07-21 21:59:13] [INFO] 
📌 ШАГ 4: Разархивация
[2026-07-21 21:59:13] [INFO] ----------------------------------------
[2026-07-21 21:59:13] [INFO] ℹ️  Режим отладки: .bak-файл уже существует, пропускаем разархивацию
[2026-07-21 21:59:13] [INFO]    Файл: \\10.12.101.40\Database_Backups\TRBOnet_6.3.0.bak
[2026-07-21 21:59:13] [INFO]    Размер: 4.69 ГБ
[2026-07-21 21:59:13] [INFO] 
📌 ШАГ 5: Подключение к SQL Server
[2026-07-21 21:59:13] [INFO] ----------------------------------------
[2026-07-21 21:59:13] [INFO] 🔌 Подключение к SQL Server: 10.12.101.40\SQLEXPRESS
[2026-07-21 21:59:13] [INFO] ✅ Подключено к SQL Server
[2026-07-21 21:59:13] [INFO]    Версия: Microsoft SQL Server 2025
[2026-07-21 21:59:13] [INFO] 
📌 ШАГ 6: Восстановление базы данных
[2026-07-21 21:59:13] [INFO] ----------------------------------------
[2026-07-21 21:59:13] [INFO] 🔄 Восстановление базы данных TRBOnet_63_auto_script из TRBOnet_6.3.0.bak
[2026-07-21 21:59:13] [INFO]    Размер файла: 4.69 ГБ
[2026-07-21 21:59:13] [INFO]    Получение информации о файлах из бэкапа...
[2026-07-21 21:59:13] [INFO]    Путь для SQL Server: C:\Database_Backups
[2026-07-21 21:59:13] [INFO]    Файл данных: TRBOnet → C:\Database_Backups\TRBOnet_63_auto_script.mdf
[2026-07-21 21:59:13] [INFO]    Файл лога: TRBOnet_log → C:\Database_Backups\TRBOnet_63_auto_script_log.ldf
[2026-07-21 21:59:13] [INFO]    .bak-файл для SQL Server: C:\Database_Backups\TRBOnet_6.3.0.bak
[2026-07-21 21:59:13] [INFO]    Проверка существования БД...
[2026-07-21 21:59:13] [INFO]    База данных TRBOnet_63_auto_script уже существует (state=1)
[2026-07-21 21:59:13] [INFO]    БД в состоянии Restoring, пробуем восстановить...
[2026-07-21 21:59:13] [WARNING]    Не удалось восстановить БД из Restoring: ('42000', '[42000] [Microsoft][ODBC Driver 17 for SQL Server][SQL Server]The database cannot be recovered because the log was not restored. (4333) (SQLExecDirectW); [42000] [Microsoft][ODBC Driver 17 for SQL Server][SQL Server]RESTORE DATABASE is terminating abnormally. (3013)')
[2026-07-21 21:59:13] [INFO]    ✅ БД TRBOnet_63_auto_script удалена
[2026-07-21 21:59:13] [INFO]    Удаление физических файлов (если есть)...
[2026-07-21 21:59:13] [INFO]    Подготовка к восстановлению...
[2026-07-21 21:59:14] [INFO]    Создание нового подключения для RESTORE...
[2026-07-21 21:59:14] [INFO]    Выполнение восстановления (это может занять длительное время)...
[2026-07-21 21:59:14] [ERROR] ❌ ОШИБКА SQL при выполнении RESTORE:
[2026-07-21 21:59:14] [ERROR]    42000
[2026-07-21 21:59:14] [ERROR]    [42000] [Microsoft][ODBC Driver 17 for SQL Server][SQL Server]Cannot perform a backup or restore operation within a transaction. (3021) (SQLExecDirectW); [42000] [Microsoft][ODBC Driver 17 for SQL Server][SQL Server]RESTORE DATABASE is terminating abnormally. (3013)
[2026-07-21 21:59:14] [ERROR]    Дополнительно: None
[2026-07-21 21:59:14] [ERROR] ❌ Ошибка при восстановлении базы данных
[2026-07-21 21:59:14] [ERROR] ❌ Ошибка при восстановлении: Attempt to use a closed connection.
[2026-07-21 21:59:14] [ERROR] 
❌ Критическая ошибка: Attempt to use a closed connection.
[2026-07-21 22:03:33] [INFO] ================================================================================
[2026-07-21 22:03:33] [INFO] 🚀 ВОССТАНОВЛЕНИЕ БАЗЫ ДАННЫХ: TRBOnet_63_auto_script
[2026-07-21 22:03:33] [INFO] ================================================================================
[2026-07-21 22:03:33] [INFO] 📋 Параметры:
[2026-07-21 22:03:33] [INFO]    Источник: \\nsshare.trbonet.com\Share\Tester_common\bd_for_test\!bd_migration\bd_6.3.0
[2026-07-21 22:03:33] [INFO]    Архив: TRBOnet_6.3.0.bak.zip
[2026-07-21 22:03:33] [INFO]    Назначение (скрипт): \\10.12.101.40\Database_Backups
[2026-07-21 22:03:33] [INFO]    Назначение (SQL): C:\Database_Backups
[2026-07-21 22:03:33] [INFO]    SQL Server: 10.12.101.40\SQLEXPRESS
[2026-07-21 22:03:33] [INFO]    Аутентификация: sql
[2026-07-21 22:03:33] [INFO]    База данных: TRBOnet_63_auto_script
[2026-07-21 22:03:33] [INFO]    Сетевой пользователь: TRBONET\e.nikitina
[2026-07-21 22:03:33] [INFO] ================================================================================
[2026-07-21 22:03:33] [INFO] 
📌 ШАГ 0: Подготовка сетевого доступа
[2026-07-21 22:03:33] [INFO] ----------------------------------------
[2026-07-21 22:03:33] [INFO] 🔗 Подключение к сетевой папке: \\nsshare.trbonet.com\Share\Tester_common\bd_for_test\!bd_migration\bd_6.3.0
[2026-07-21 22:03:33] [INFO] ✅ Папка уже доступна
[2026-07-21 22:03:33] [INFO] 🔗 Подключение к сетевой папке: \\10.12.101.40\Database_Backups
[2026-07-21 22:03:33] [INFO] ✅ Папка уже доступна
[2026-07-21 22:03:33] [INFO] 
📌 ШАГ 1: Проверка архива
[2026-07-21 22:03:33] [INFO] ----------------------------------------
[2026-07-21 22:03:33] [INFO] ✅ Архив найден: \\nsshare.trbonet.com\Share\Tester_common\bd_for_test\!bd_migration\bd_6.3.0\TRBOnet_6.3.0.bak.zip
[2026-07-21 22:03:33] [INFO]    Размер: 785.22 МБ
[2026-07-21 22:03:33] [INFO] 
📌 ШАГ 2: Проверка свободного места
[2026-07-21 22:03:33] [INFO] ----------------------------------------
[2026-07-21 22:03:33] [INFO] ✅ Свободного места достаточно: 143.42 ГБ
[2026-07-21 22:03:33] [INFO] ℹ️  Режим отладки: архив уже существует, пропускаем копирование
[2026-07-21 22:03:33] [INFO]    Файл: \\10.12.101.40\Database_Backups\TRBOnet_6.3.0.bak.zip
[2026-07-21 22:03:33] [INFO]    Размер: 785.22 МБ
[2026-07-21 22:03:33] [INFO] 
📌 ШАГ 4: Разархивация
[2026-07-21 22:03:33] [INFO] ----------------------------------------
[2026-07-21 22:03:33] [INFO] ℹ️  Режим отладки: .bak-файл уже существует, пропускаем разархивацию
[2026-07-21 22:03:33] [INFO]    Файл: \\10.12.101.40\Database_Backups\TRBOnet_6.3.0.bak
[2026-07-21 22:03:33] [INFO]    Размер: 4.69 ГБ
[2026-07-21 22:03:33] [INFO] 
📌 ШАГ 5: Подключение к SQL Server
[2026-07-21 22:03:33] [INFO] ----------------------------------------
[2026-07-21 22:03:33] [INFO] 🔌 Подключение к SQL Server: 10.12.101.40\SQLEXPRESS
[2026-07-21 22:03:33] [INFO] ✅ Подключено к SQL Server
[2026-07-21 22:03:33] [INFO]    Версия: Microsoft SQL Server 2025
[2026-07-21 22:03:33] [INFO] 
📌 ШАГ 6: Восстановление базы данных
[2026-07-21 22:03:33] [INFO] ----------------------------------------
[2026-07-21 22:03:33] [INFO] 🔄 Восстановление базы данных TRBOnet_63_auto_script из TRBOnet_6.3.0.bak
[2026-07-21 22:03:33] [INFO]    Размер файла: 4.69 ГБ
[2026-07-21 22:03:33] [INFO]    autocommit включён
[2026-07-21 22:03:33] [INFO]    Получение информации о файлах из бэкапа...
[2026-07-21 22:03:33] [INFO]    Путь для SQL Server: C:\Database_Backups
[2026-07-21 22:03:33] [INFO]    Файл данных: TRBOnet → C:\Database_Backups\TRBOnet_63_auto_script.mdf
[2026-07-21 22:03:33] [INFO]    Файл лога: TRBOnet_log → C:\Database_Backups\TRBOnet_63_auto_script_log.ldf
[2026-07-21 22:03:33] [INFO]    .bak-файл для SQL Server: C:\Database_Backups\TRBOnet_6.3.0.bak
[2026-07-21 22:03:33] [INFO]    Проверка существования БД...
[2026-07-21 22:03:33] [INFO]    Выполнение восстановления (это может занять длительное время)...
[2026-07-21 22:03:34] [ERROR] ❌ База данных не восстановлена. Состояние: 1
[2026-07-21 22:03:34] [ERROR] ❌ Ошибка при восстановлении базы данных
[2026-07-21 22:03:34] [ERROR] ❌ Ошибка при восстановлении: Ошибка при восстановлении базы данных
[2026-07-21 22:03:34] [ERROR] 
❌ Критическая ошибка: Ошибка при восстановлении базы данных
[2026-07-21 22:05:36] [INFO] ================================================================================
[2026-07-21 22:05:36] [INFO] 🚀 ВОССТАНОВЛЕНИЕ БАЗЫ ДАННЫХ: TRBOnet_63_auto_script
[2026-07-21 22:05:36] [INFO] ================================================================================
[2026-07-21 22:05:36] [INFO] 📋 Параметры:
[2026-07-21 22:05:36] [INFO]    Источник: \\nsshare.trbonet.com\Share\Tester_common\bd_for_test\!bd_migration\bd_6.3.0
[2026-07-21 22:05:36] [INFO]    Архив: TRBOnet_6.3.0.bak.zip
[2026-07-21 22:05:36] [INFO]    Назначение (скрипт): \\10.12.101.40\Database_Backups
[2026-07-21 22:05:36] [INFO]    Назначение (SQL): C:\Database_Backups
[2026-07-21 22:05:36] [INFO]    SQL Server: 10.12.101.40\SQLEXPRESS
[2026-07-21 22:05:36] [INFO]    Аутентификация: sql
[2026-07-21 22:05:36] [INFO]    База данных: TRBOnet_63_auto_script
[2026-07-21 22:05:36] [INFO]    Сетевой пользователь: TRBONET\e.nikitina
[2026-07-21 22:05:36] [INFO] ================================================================================
[2026-07-21 22:05:36] [INFO] 
📌 ШАГ 0: Подготовка сетевого доступа
[2026-07-21 22:05:36] [INFO] ----------------------------------------
[2026-07-21 22:05:36] [INFO] 🔗 Подключение к сетевой папке: \\nsshare.trbonet.com\Share\Tester_common\bd_for_test\!bd_migration\bd_6.3.0
[2026-07-21 22:05:36] [INFO] ✅ Папка уже доступна
[2026-07-21 22:05:36] [INFO] 🔗 Подключение к сетевой папке: \\10.12.101.40\Database_Backups
[2026-07-21 22:05:37] [INFO] ✅ Папка уже доступна
[2026-07-21 22:05:37] [INFO] 
📌 ШАГ 1: Проверка архива
[2026-07-21 22:05:37] [INFO] ----------------------------------------
[2026-07-21 22:05:37] [INFO] ✅ Архив найден: \\nsshare.trbonet.com\Share\Tester_common\bd_for_test\!bd_migration\bd_6.3.0\TRBOnet_6.3.0.bak.zip
[2026-07-21 22:05:37] [INFO]    Размер: 785.22 МБ
[2026-07-21 22:05:37] [INFO] 
📌 ШАГ 2: Проверка свободного места
[2026-07-21 22:05:37] [INFO] ----------------------------------------
[2026-07-21 22:05:37] [INFO] ✅ Свободного места достаточно: 138.74 ГБ
[2026-07-21 22:05:37] [INFO] ℹ️  Режим отладки: архив уже существует, пропускаем копирование
[2026-07-21 22:05:37] [INFO]    Файл: \\10.12.101.40\Database_Backups\TRBOnet_6.3.0.bak.zip
[2026-07-21 22:05:37] [INFO]    Размер: 785.22 МБ
[2026-07-21 22:05:37] [INFO] 
📌 ШАГ 4: Разархивация
[2026-07-21 22:05:37] [INFO] ----------------------------------------
[2026-07-21 22:05:37] [INFO] ℹ️  Режим отладки: .bak-файл уже существует, пропускаем разархивацию
[2026-07-21 22:05:37] [INFO]    Файл: \\10.12.101.40\Database_Backups\TRBOnet_6.3.0.bak
[2026-07-21 22:05:37] [INFO]    Размер: 4.69 ГБ
[2026-07-21 22:05:37] [INFO] 
📌 ШАГ 5: Подключение к SQL Server
[2026-07-21 22:05:37] [INFO] ----------------------------------------
[2026-07-21 22:05:37] [INFO] 🔌 Подключение к SQL Server: 10.12.101.40\SQLEXPRESS
[2026-07-21 22:05:37] [INFO] ✅ Подключено к SQL Server
[2026-07-21 22:05:37] [INFO]    Версия: Microsoft SQL Server 2025
[2026-07-21 22:05:37] [INFO] 
📌 ШАГ 6: Восстановление базы данных
[2026-07-21 22:05:37] [INFO] ----------------------------------------
[2026-07-21 22:05:37] [INFO] 🔄 Восстановление базы данных TRBOnet_63_auto_script из TRBOnet_6.3.0.bak
[2026-07-21 22:05:37] [INFO]    Размер файла: 4.69 ГБ
[2026-07-21 22:05:37] [INFO]    autocommit включён
[2026-07-21 22:05:37] [INFO]    Получение информации о файлах из бэкапа...
[2026-07-21 22:05:37] [INFO]    Путь для SQL Server: C:\Database_Backups
[2026-07-21 22:05:37] [INFO]    Файл данных: TRBOnet → C:\Database_Backups\TRBOnet_63_auto_script.mdf
[2026-07-21 22:05:37] [INFO]    Файл лога: TRBOnet_log → C:\Database_Backups\TRBOnet_63_auto_script_log.ldf
[2026-07-21 22:05:37] [INFO]    .bak-файл для SQL Server: C:\Database_Backups\TRBOnet_6.3.0.bak
[2026-07-21 22:05:37] [INFO]    Проверка существования БД...
[2026-07-21 22:05:37] [INFO]    База данных TRBOnet_63_auto_script уже существует (state=1)
[2026-07-21 22:05:37] [INFO]    БД в состоянии Restoring, выполняем RECOVERY...
[2026-07-21 22:05:37] [WARNING]    RECOVERY не удался: ('42000', '[42000] [Microsoft][ODBC Driver 17 for SQL Server][SQL Server]The database cannot be recovered because the log was not restored. (4333) (SQLExecDirectW); [42000] [Microsoft][ODBC Driver 17 for SQL Server][SQL Server]RESTORE DATABASE is terminating abnormally. (3013)')
[2026-07-21 22:05:37] [INFO]    Попытка удалить БД...
[2026-07-21 22:05:37] [INFO]    ✅ БД TRBOnet_63_auto_script удалена
[2026-07-21 22:05:37] [INFO]    Выполнение восстановления (это может занять длительное время)...
[2026-07-21 22:05:37] [ERROR] ❌ База данных не восстановлена. Состояние: 1
[2026-07-21 22:05:37] [ERROR] ❌ Ошибка при восстановлении базы данных
[2026-07-21 22:05:37] [ERROR] ❌ Ошибка при восстановлении: Ошибка при восстановлении базы данных
[2026-07-21 22:05:37] [ERROR] 
❌ Критическая ошибка: Ошибка при восстановлении базы данных
[2026-07-21 22:08:06] [INFO] ================================================================================
[2026-07-21 22:08:06] [INFO] 🚀 ВОССТАНОВЛЕНИЕ БАЗЫ ДАННЫХ: TRBOnet_63_auto_script
[2026-07-21 22:08:06] [INFO] ================================================================================
[2026-07-21 22:08:06] [INFO] 📋 Параметры:
[2026-07-21 22:08:06] [INFO]    Источник: \\nsshare.trbonet.com\Share\Tester_common\bd_for_test\!bd_migration\bd_6.3.0
[2026-07-21 22:08:06] [INFO]    Архив: TRBOnet_6.3.0.bak.zip
[2026-07-21 22:08:06] [INFO]    Назначение (скрипт): \\10.12.101.40\Database_Backups
[2026-07-21 22:08:06] [INFO]    Назначение (SQL): C:\Database_Backups
[2026-07-21 22:08:06] [INFO]    SQL Server: 10.12.101.40\SQLEXPRESS
[2026-07-21 22:08:06] [INFO]    Аутентификация: sql
[2026-07-21 22:08:06] [INFO]    База данных: TRBOnet_63_auto_script
[2026-07-21 22:08:06] [INFO]    Сетевой пользователь: TRBONET\e.nikitina
[2026-07-21 22:08:06] [INFO] ================================================================================
[2026-07-21 22:08:06] [INFO] 
📌 ШАГ 0: Подготовка сетевого доступа
[2026-07-21 22:08:06] [INFO] ----------------------------------------
[2026-07-21 22:08:06] [INFO] 🔗 Подключение к сетевой папке: \\nsshare.trbonet.com\Share\Tester_common\bd_for_test\!bd_migration\bd_6.3.0
[2026-07-21 22:08:06] [INFO] ✅ Папка уже доступна
[2026-07-21 22:08:06] [INFO] 🔗 Подключение к сетевой папке: \\10.12.101.40\Database_Backups
[2026-07-21 22:08:06] [INFO] ✅ Папка уже доступна
[2026-07-21 22:08:06] [INFO] 
📌 ШАГ 1: Проверка архива
[2026-07-21 22:08:06] [INFO] ----------------------------------------
[2026-07-21 22:08:06] [INFO] ✅ Архив найден: \\nsshare.trbonet.com\Share\Tester_common\bd_for_test\!bd_migration\bd_6.3.0\TRBOnet_6.3.0.bak.zip
[2026-07-21 22:08:06] [INFO]    Размер: 785.22 МБ
[2026-07-21 22:08:06] [INFO] 
📌 ШАГ 2: Проверка свободного места
[2026-07-21 22:08:06] [INFO] ----------------------------------------
[2026-07-21 22:08:06] [INFO] ✅ Свободного места достаточно: 138.74 ГБ
[2026-07-21 22:08:06] [INFO] ℹ️  Режим отладки: архив уже существует, пропускаем копирование
[2026-07-21 22:08:06] [INFO]    Файл: \\10.12.101.40\Database_Backups\TRBOnet_6.3.0.bak.zip
[2026-07-21 22:08:06] [INFO]    Размер: 785.22 МБ
[2026-07-21 22:08:06] [INFO] 
📌 ШАГ 4: Разархивация
[2026-07-21 22:08:06] [INFO] ----------------------------------------
[2026-07-21 22:08:06] [INFO] ℹ️  Режим отладки: .bak-файл уже существует, пропускаем разархивацию
[2026-07-21 22:08:06] [INFO]    Файл: \\10.12.101.40\Database_Backups\TRBOnet_6.3.0.bak
[2026-07-21 22:08:06] [INFO]    Размер: 4.69 ГБ
[2026-07-21 22:08:06] [INFO] 
📌 ШАГ 5: Подключение к SQL Server
[2026-07-21 22:08:06] [INFO] ----------------------------------------
[2026-07-21 22:08:06] [INFO] 🔌 Подключение к SQL Server: 10.12.101.40\SQLEXPRESS
[2026-07-21 22:08:07] [INFO] ✅ Подключено к SQL Server
[2026-07-21 22:08:07] [INFO]    Версия: Microsoft SQL Server 2025
[2026-07-21 22:08:07] [INFO] 
📌 ШАГ 6: Восстановление базы данных
[2026-07-21 22:08:07] [INFO] ----------------------------------------
[2026-07-21 22:08:07] [INFO] 🔄 Восстановление базы данных TRBOnet_63_auto_script из TRBOnet_6.3.0.bak
[2026-07-21 22:08:07] [INFO]    Размер файла: 4.69 ГБ
[2026-07-21 22:08:07] [INFO]    autocommit включён
[2026-07-21 22:08:07] [INFO]    Получение информации о файлах из бэкапа...
[2026-07-21 22:08:07] [INFO]    Путь для SQL Server: C:\Database_Backups
[2026-07-21 22:08:07] [INFO]    Файл данных: TRBOnet → C:\Database_Backups\TRBOnet_63_auto_script.mdf
[2026-07-21 22:08:07] [INFO]    Файл лога: TRBOnet_log → C:\Database_Backups\TRBOnet_63_auto_script_log.ldf
[2026-07-21 22:08:07] [INFO]    .bak-файл для SQL Server: C:\Database_Backups\TRBOnet_6.3.0.bak
[2026-07-21 22:08:07] [INFO]    Проверка существования БД...
[2026-07-21 22:08:07] [INFO]    База данных TRBOnet_63_auto_script уже существует (state=1)
[2026-07-21 22:08:07] [INFO]    БД в состоянии Restoring, выполняем RECOVERY...
[2026-07-21 22:08:07] [WARNING]    RECOVERY не удался: ('42000', '[42000] [Microsoft][ODBC Driver 17 for SQL Server][SQL Server]The database cannot be recovered because the log was not restored. (4333) (SQLExecDirectW); [42000] [Microsoft][ODBC Driver 17 for SQL Server][SQL Server]RESTORE DATABASE is terminating abnormally. (3013)')
[2026-07-21 22:08:07] [INFO]    Попытка удалить БД...
[2026-07-21 22:08:07] [INFO]    ✅ БД TRBOnet_63_auto_script удалена
[2026-07-21 22:08:07] [INFO]    Выполнение восстановления (это может занять длительное время)...
[2026-07-21 22:08:07] [ERROR] ❌ База данных не восстановлена. Состояние: 1
[2026-07-21 22:08:07] [ERROR] ❌ Ошибка при восстановлении базы данных
[2026-07-21 22:08:07] [ERROR] ❌ Ошибка при восстановлении: Ошибка при восстановлении базы данных
[2026-07-21 22:08:07] [ERROR] 
❌ Критическая ошибка: Ошибка при восстановлении базы данных
[2026-07-21 22:25:36] [INFO] ================================================================================
[2026-07-21 22:25:36] [INFO] 🚀 ВОССТАНОВЛЕНИЕ БАЗЫ ДАННЫХ: TRBOnet_63_auto_script
[2026-07-21 22:25:36] [INFO] ================================================================================
[2026-07-21 22:25:36] [INFO] 📋 Параметры:
[2026-07-21 22:25:36] [INFO]    Источник: \\nsshare.trbonet.com\Share\Tester_common\bd_for_test\!bd_migration\bd_6.3.0
[2026-07-21 22:25:36] [INFO]    Архив: TRBOnet_6.3.0.bak.zip
[2026-07-21 22:25:36] [INFO]    Назначение (скрипт): \\10.12.101.40\Database_Backups
[2026-07-21 22:25:36] [INFO]    Назначение (SQL): C:\Database_Backups
[2026-07-21 22:25:36] [INFO]    SQL Server: 10.12.101.40\SQLEXPRESS
[2026-07-21 22:25:36] [INFO]    Аутентификация: sql
[2026-07-21 22:25:36] [INFO]    База данных: TRBOnet_63_auto_script
[2026-07-21 22:25:36] [INFO]    Сетевой пользователь: TRBONET\e.nikitina
[2026-07-21 22:25:36] [INFO] ================================================================================
[2026-07-21 22:25:36] [INFO] 
📌 ШАГ 0: Подготовка сетевого доступа
[2026-07-21 22:25:36] [INFO] ----------------------------------------
[2026-07-21 22:25:36] [INFO] 🔗 Подключение к сетевой папке: \\nsshare.trbonet.com\Share\Tester_common\bd_for_test\!bd_migration\bd_6.3.0
[2026-07-21 22:25:36] [INFO] ✅ Папка уже доступна
[2026-07-21 22:25:36] [INFO] 🔗 Подключение к сетевой папке: \\10.12.101.40\Database_Backups
[2026-07-21 22:25:36] [INFO] ✅ Папка уже доступна
[2026-07-21 22:25:36] [INFO] 
📌 ШАГ 1: Проверка архива
[2026-07-21 22:25:36] [INFO] ----------------------------------------
[2026-07-21 22:25:36] [INFO] ✅ Архив найден: \\nsshare.trbonet.com\Share\Tester_common\bd_for_test\!bd_migration\bd_6.3.0\TRBOnet_6.3.0.bak.zip
[2026-07-21 22:25:36] [INFO]    Размер: 785.22 МБ
[2026-07-21 22:25:36] [INFO] 
📌 ШАГ 2: Проверка свободного места
[2026-07-21 22:25:36] [INFO] ----------------------------------------
[2026-07-21 22:25:36] [INFO] ✅ Свободного места достаточно: 138.73 ГБ
[2026-07-21 22:25:36] [INFO] ℹ️  Режим отладки: архив уже существует, пропускаем копирование
[2026-07-21 22:25:36] [INFO]    Файл: \\10.12.101.40\Database_Backups\TRBOnet_6.3.0.bak.zip
[2026-07-21 22:25:36] [INFO]    Размер: 785.22 МБ
[2026-07-21 22:25:36] [INFO] 
📌 ШАГ 4: Разархивация
[2026-07-21 22:25:36] [INFO] ----------------------------------------
[2026-07-21 22:25:36] [INFO] ℹ️  Режим отладки: .bak-файл уже существует, пропускаем разархивацию
[2026-07-21 22:25:36] [INFO]    Файл: \\10.12.101.40\Database_Backups\TRBOnet_6.3.0.bak
[2026-07-21 22:25:36] [INFO]    Размер: 4.69 ГБ
[2026-07-21 22:25:36] [INFO] 
📌 ШАГ 5: Подключение к SQL Server
[2026-07-21 22:25:36] [INFO] ----------------------------------------
[2026-07-21 22:25:36] [INFO] 🔌 Подключение к SQL Server: 10.12.101.40\SQLEXPRESS
[2026-07-21 22:25:36] [INFO] ✅ Подключено к SQL Server
[2026-07-21 22:25:36] [INFO]    Версия: Microsoft SQL Server 2025
[2026-07-21 22:25:36] [INFO] 
📌 ШАГ 6: Восстановление базы данных
[2026-07-21 22:25:36] [INFO] ----------------------------------------
[2026-07-21 22:25:36] [INFO] 🔄 Восстановление базы данных TRBOnet_63_auto_script из TRBOnet_6.3.0.bak
[2026-07-21 22:25:36] [INFO]    Размер файла: 4.69 ГБ
[2026-07-21 22:25:36] [INFO]    autocommit включён
[2026-07-21 22:25:36] [INFO]    Получение информации о файлах из бэкапа...
[2026-07-21 22:25:36] [INFO]    Путь для SQL Server: C:\Database_Backups
[2026-07-21 22:25:36] [INFO]    Файл данных: TRBOnet → C:\Database_Backups\TRBOnet_63_auto_script.mdf
[2026-07-21 22:25:36] [INFO]    Файл лога: TRBOnet_log → C:\Database_Backups\TRBOnet_63_auto_script_log.ldf
[2026-07-21 22:25:36] [INFO]    .bak-файл для SQL Server: C:\Database_Backups\TRBOnet_6.3.0.bak
[2026-07-21 22:25:36] [INFO]    Проверка существования БД...
[2026-07-21 22:25:36] [INFO]    База данных TRBOnet_63_auto_script уже существует (state=1)
[2026-07-21 22:25:36] [INFO]    БД в состоянии Restoring, выполняем RECOVERY...
[2026-07-21 22:25:36] [WARNING]    RECOVERY не удался: ('42000', '[42000] [Microsoft][ODBC Driver 17 for SQL Server][SQL Server]The database cannot be recovered because the log was not restored. (4333) (SQLExecDirectW); [42000] [Microsoft][ODBC Driver 17 for SQL Server][SQL Server]RESTORE DATABASE is terminating abnormally. (3013)')
[2026-07-21 22:25:36] [INFO]    Попытка удалить БД...
[2026-07-21 22:25:36] [INFO]    ✅ БД TRBOnet_63_auto_script удалена
[2026-07-21 22:25:36] [INFO]    Выполнение восстановления (это может занять длительное время)...
[2026-07-21 22:25:37] [ERROR] ❌ База данных не восстановлена. Состояние: 1
[2026-07-21 22:25:37] [ERROR] ❌ Ошибка при восстановлении базы данных
[2026-07-21 22:25:37] [ERROR] ❌ Ошибка при восстановлении: Ошибка при восстановлении базы данных
[2026-07-21 22:25:37] [ERROR] 
❌ Критическая ошибка: Ошибка при восстановлении базы данных
[2026-07-21 22:28:57] [INFO] ================================================================================
[2026-07-21 22:28:57] [INFO] 🚀 ВОССТАНОВЛЕНИЕ БАЗЫ ДАННЫХ: TRBOnet_63_auto_script
[2026-07-21 22:28:57] [INFO] ================================================================================
[2026-07-21 22:28:57] [INFO] 📋 Параметры:
[2026-07-21 22:28:57] [INFO]    Источник: \\nsshare.trbonet.com\Share\Tester_common\bd_for_test\!bd_migration\bd_6.3.0
[2026-07-21 22:28:57] [INFO]    Архив: TRBOnet_6.3.0.bak.zip
[2026-07-21 22:28:57] [INFO]    Назначение (скрипт): \\10.12.101.40\Database_Backups
[2026-07-21 22:28:57] [INFO]    Назначение (SQL): C:\Database_Backups
[2026-07-21 22:28:57] [INFO]    SQL Server: 10.12.101.40\SQLEXPRESS
[2026-07-21 22:28:57] [INFO]    Аутентификация: sql
[2026-07-21 22:28:57] [INFO]    База данных: TRBOnet_63_auto_script
[2026-07-21 22:28:57] [INFO]    Сетевой пользователь: TRBONET\e.nikitina
[2026-07-21 22:28:57] [INFO] ================================================================================
[2026-07-21 22:28:57] [INFO] 
📌 ШАГ 0: Подготовка сетевого доступа
[2026-07-21 22:28:57] [INFO] ----------------------------------------
[2026-07-21 22:28:57] [INFO] 🔗 Подключение к сетевой папке: \\nsshare.trbonet.com\Share\Tester_common\bd_for_test\!bd_migration\bd_6.3.0
[2026-07-21 22:28:57] [INFO] ✅ Папка уже доступна
[2026-07-21 22:28:57] [INFO] 🔗 Подключение к сетевой папке: \\10.12.101.40\Database_Backups
[2026-07-21 22:28:57] [INFO] ✅ Папка уже доступна
[2026-07-21 22:28:57] [INFO] 
📌 ШАГ 1: Проверка архива
[2026-07-21 22:28:57] [INFO] ----------------------------------------
[2026-07-21 22:28:57] [INFO] ✅ Архив найден: \\nsshare.trbonet.com\Share\Tester_common\bd_for_test\!bd_migration\bd_6.3.0\TRBOnet_6.3.0.bak.zip
[2026-07-21 22:28:57] [INFO]    Размер: 785.22 МБ
[2026-07-21 22:28:57] [INFO] 
📌 ШАГ 2: Проверка свободного места
[2026-07-21 22:28:57] [INFO] ----------------------------------------
[2026-07-21 22:28:57] [INFO] ✅ Свободного места достаточно: 134.04 ГБ
[2026-07-21 22:28:57] [INFO] ℹ️  Режим отладки: архив уже существует, пропускаем копирование
[2026-07-21 22:28:57] [INFO]    Файл: \\10.12.101.40\Database_Backups\TRBOnet_6.3.0.bak.zip
[2026-07-21 22:28:57] [INFO]    Размер: 785.22 МБ
[2026-07-21 22:28:57] [INFO] 
📌 ШАГ 4: Разархивация
[2026-07-21 22:28:57] [INFO] ----------------------------------------
[2026-07-21 22:28:57] [INFO] ℹ️  Режим отладки: .bak-файл уже существует, пропускаем разархивацию
[2026-07-21 22:28:57] [INFO]    Файл: \\10.12.101.40\Database_Backups\TRBOnet_6.3.0.bak
[2026-07-21 22:28:57] [INFO]    Размер: 4.69 ГБ
[2026-07-21 22:28:57] [INFO] 
📌 ШАГ 5: Подключение к SQL Server
[2026-07-21 22:28:57] [INFO] ----------------------------------------
[2026-07-21 22:28:57] [INFO] 🔌 Подключение к SQL Server: 10.12.101.40\SQLEXPRESS
[2026-07-21 22:28:57] [INFO] ✅ Подключено к SQL Server
[2026-07-21 22:28:57] [INFO]    Версия: Microsoft SQL Server 2025
[2026-07-21 22:28:57] [INFO] 
📌 ШАГ 6: Восстановление базы данных
[2026-07-21 22:28:57] [INFO] ----------------------------------------
[2026-07-21 22:28:57] [INFO] 🔄 Восстановление базы данных TRBOnet_63_auto_script из TRBOnet_6.3.0.bak
[2026-07-21 22:28:57] [INFO]    Размер файла: 4.69 ГБ
[2026-07-21 22:28:57] [INFO]    autocommit включён
[2026-07-21 22:28:57] [INFO]    Получение информации о файлах из бэкапа...
[2026-07-21 22:28:57] [INFO]    Путь для SQL Server: C:\Database_Backups
[2026-07-21 22:28:57] [INFO]    Файл данных: TRBOnet → C:\Database_Backups\TRBOnet_63_auto_script.mdf
[2026-07-21 22:28:57] [INFO]    Файл лога: TRBOnet_log → C:\Database_Backups\TRBOnet_63_auto_script_log.ldf
[2026-07-21 22:28:57] [INFO]    .bak-файл для SQL Server: C:\Database_Backups\TRBOnet_6.3.0.bak
[2026-07-21 22:28:57] [INFO]    Проверка существования БД...
[2026-07-21 22:28:59] [INFO]    ✅ БД TRBOnet_63_auto_script помечена на удаление
[2026-07-21 22:28:59] [INFO]    Выполнение восстановления (это может занять длительное время)...
[2026-07-21 22:29:00] [ERROR] ❌ База данных не восстановлена. Состояние: 1
[2026-07-21 22:29:00] [ERROR] ❌ Ошибка при восстановлении базы данных
[2026-07-21 22:29:00] [ERROR] ❌ Ошибка при восстановлении: Ошибка при восстановлении базы данных
[2026-07-21 22:29:00] [ERROR] 
❌ Критическая ошибка: Ошибка при восстановлении базы данных
[2026-07-21 23:20:44] [INFO] ================================================================================
[2026-07-21 23:20:44] [INFO] 🚀 ВОССТАНОВЛЕНИЕ БАЗЫ ДАННЫХ: TRBOnet_63_auto_script
[2026-07-21 23:20:44] [INFO] ================================================================================
[2026-07-21 23:20:44] [INFO] 📋 Параметры:
[2026-07-21 23:20:44] [INFO]    Источник: \\nsshare.trbonet.com\Share\Tester_common\bd_for_test\!bd_migration\bd_6.3.0
[2026-07-21 23:20:44] [INFO]    Архив: TRBOnet_6.3.0.bak.zip
[2026-07-21 23:20:44] [INFO]    Назначение (скрипт): \\10.12.101.40\Database_Backups
[2026-07-21 23:20:44] [INFO]    Назначение (SQL): C:\Database_Backups
[2026-07-21 23:20:44] [INFO]    SQL Server: 10.12.101.40\SQLEXPRESS
[2026-07-21 23:20:44] [INFO]    Аутентификация: sql
[2026-07-21 23:20:44] [INFO]    База данных: TRBOnet_63_auto_script
[2026-07-21 23:20:44] [INFO]    Сетевой пользователь: TRBONET\e.nikitina
[2026-07-21 23:20:44] [INFO] ================================================================================
[2026-07-21 23:20:44] [INFO] 
📌 ШАГ 0: Подготовка сетевого доступа
[2026-07-21 23:20:44] [INFO] ----------------------------------------
[2026-07-21 23:20:44] [INFO] 🔗 Подключение к сетевой папке: \\nsshare.trbonet.com\Share\Tester_common\bd_for_test\!bd_migration\bd_6.3.0
[2026-07-21 23:20:44] [INFO] ✅ Папка уже доступна
[2026-07-21 23:20:44] [INFO] 🔗 Подключение к сетевой папке: \\10.12.101.40\Database_Backups
[2026-07-21 23:20:44] [INFO] ✅ Папка уже доступна
[2026-07-21 23:20:44] [INFO] 
📌 ШАГ 1: Проверка архива
[2026-07-21 23:20:44] [INFO] ----------------------------------------
[2026-07-21 23:20:44] [INFO] ✅ Архив найден: \\nsshare.trbonet.com\Share\Tester_common\bd_for_test\!bd_migration\bd_6.3.0\TRBOnet_6.3.0.bak.zip
[2026-07-21 23:20:44] [INFO]    Размер: 785.22 МБ
[2026-07-21 23:20:44] [INFO] 
📌 ШАГ 2: Проверка свободного места
[2026-07-21 23:20:44] [INFO] ----------------------------------------
[2026-07-21 23:20:44] [INFO] ✅ Свободного места достаточно: 125.53 ГБ
[2026-07-21 23:20:44] [INFO] ℹ️  Режим отладки: архив уже существует, пропускаем копирование
[2026-07-21 23:20:44] [INFO]    Файл: \\10.12.101.40\Database_Backups\TRBOnet_6.3.0.bak.zip
[2026-07-21 23:20:44] [INFO]    Размер: 785.22 МБ
[2026-07-21 23:20:44] [INFO] 
📌 ШАГ 4: Разархивация
[2026-07-21 23:20:44] [INFO] ----------------------------------------
[2026-07-21 23:20:44] [INFO] ℹ️  Режим отладки: .bak-файл уже существует, пропускаем разархивацию
[2026-07-21 23:20:44] [INFO]    Файл: \\10.12.101.40\Database_Backups\TRBOnet_6.3.0.bak
[2026-07-21 23:20:44] [INFO]    Размер: 4.69 ГБ
[2026-07-21 23:20:44] [INFO] 
📌 ШАГ 5: Подключение к SQL Server
[2026-07-21 23:20:44] [INFO] ----------------------------------------
[2026-07-21 23:20:44] [INFO] 🔌 Подключение к SQL Server: 10.12.101.40\SQLEXPRESS
[2026-07-21 23:20:44] [ERROR] ❌ Ошибка подключения: ('08001', '[08001] [Microsoft][ODBC Driver 18 for SQL Server]SSL Provider: The certificate chain was issued by an authority that is not trusted.\r\n (-2146893019) (SQLDriverConnect); [08001] [Microsoft][ODBC Driver 18 for SQL Server]Client unable to establish connection. For solutions related to encryption errors, see https://go.microsoft.com/fwlink/?linkid=2226722 (-2146893019)')
[2026-07-21 23:20:44] [ERROR] 
❌ Критическая ошибка: ❌ Ошибка подключения: ('08001', '[08001] [Microsoft][ODBC Driver 18 for SQL Server]SSL Provider: The certificate chain was issued by an authority that is not trusted.\r\n (-2146893019) (SQLDriverConnect); [08001] [Microsoft][ODBC Driver 18 for SQL Server]Client unable to establish connection. For solutions related to encryption errors, see https://go.microsoft.com/fwlink/?linkid=2226722 (-2146893019)')
[2026-07-21 23:27:02] [INFO] ================================================================================
[2026-07-21 23:27:02] [INFO] 🚀 ВОССТАНОВЛЕНИЕ БАЗЫ ДАННЫХ: TRBOnet_63_auto_script
[2026-07-21 23:27:02] [INFO] ================================================================================
[2026-07-21 23:27:02] [INFO] 📋 Параметры:
[2026-07-21 23:27:02] [INFO]    Источник: \\nsshare.trbonet.com\Share\Tester_common\bd_for_test\!bd_migration\bd_6.3.0
[2026-07-21 23:27:02] [INFO]    Архив: TRBOnet_6.3.0.bak.zip
[2026-07-21 23:27:02] [INFO]    Назначение (скрипт): \\10.12.101.40\Database_Backups
[2026-07-21 23:27:02] [INFO]    Назначение (SQL): C:\Database_Backups
[2026-07-21 23:27:02] [INFO]    SQL Server: S0343\SQLEXPRESS
[2026-07-21 23:27:02] [INFO]    Аутентификация: sql
[2026-07-21 23:27:02] [INFO]    База данных: TRBOnet_63_auto_script
[2026-07-21 23:27:02] [INFO]    Сетевой пользователь: TRBONET\e.nikitina
[2026-07-21 23:27:02] [INFO] ================================================================================
[2026-07-21 23:27:02] [INFO] 
📌 ШАГ 0: Подготовка сетевого доступа
[2026-07-21 23:27:02] [INFO] ----------------------------------------
[2026-07-21 23:27:02] [INFO] 🔗 Подключение к сетевой папке: \\nsshare.trbonet.com\Share\Tester_common\bd_for_test\!bd_migration\bd_6.3.0
[2026-07-21 23:27:02] [INFO] ✅ Папка уже доступна
[2026-07-21 23:27:02] [INFO] 🔗 Подключение к сетевой папке: \\10.12.101.40\Database_Backups
[2026-07-21 23:27:02] [INFO] ✅ Папка уже доступна
[2026-07-21 23:27:02] [INFO] 
📌 ШАГ 1: Проверка архива
[2026-07-21 23:27:02] [INFO] ----------------------------------------
[2026-07-21 23:27:02] [INFO] ✅ Архив найден: \\nsshare.trbonet.com\Share\Tester_common\bd_for_test\!bd_migration\bd_6.3.0\TRBOnet_6.3.0.bak.zip
[2026-07-21 23:27:02] [INFO]    Размер: 785.22 МБ
[2026-07-21 23:27:02] [INFO] 
📌 ШАГ 2: Проверка свободного места
[2026-07-21 23:27:02] [INFO] ----------------------------------------
[2026-07-21 23:27:02] [INFO] ✅ Свободного места достаточно: 125.52 ГБ
[2026-07-21 23:27:02] [INFO] ℹ️  Режим отладки: архив уже существует, пропускаем копирование
[2026-07-21 23:27:02] [INFO]    Файл: \\10.12.101.40\Database_Backups\TRBOnet_6.3.0.bak.zip
[2026-07-21 23:27:02] [INFO]    Размер: 785.22 МБ
[2026-07-21 23:27:02] [INFO] 
📌 ШАГ 4: Разархивация
[2026-07-21 23:27:02] [INFO] ----------------------------------------
[2026-07-21 23:27:02] [INFO] ℹ️  Режим отладки: .bak-файл уже существует, пропускаем разархивацию
[2026-07-21 23:27:02] [INFO]    Файл: \\10.12.101.40\Database_Backups\TRBOnet_6.3.0.bak
[2026-07-21 23:27:02] [INFO]    Размер: 4.69 ГБ
[2026-07-21 23:27:02] [INFO] 
📌 ШАГ 5: Подключение к SQL Server
[2026-07-21 23:27:02] [INFO] ----------------------------------------
[2026-07-21 23:27:02] [INFO] 🔌 Подключение к SQL Server: S0343\SQLEXPRESS
[2026-07-21 23:27:02] [INFO] ✅ Подключено к SQL Server
[2026-07-21 23:27:02] [INFO]    Версия: Microsoft SQL Server 2025
[2026-07-21 23:27:02] [INFO] 
📌 ШАГ 6: Восстановление базы данных
[2026-07-21 23:27:02] [INFO] ----------------------------------------
[2026-07-21 23:27:02] [INFO] 🔄 Восстановление базы данных TRBOnet_63_auto_script из TRBOnet_6.3.0.bak
[2026-07-21 23:27:02] [INFO]    Размер файла: 4.69 ГБ
[2026-07-21 23:27:02] [INFO]    autocommit включён
[2026-07-21 23:27:02] [INFO]    Получение информации о файлах из бэкапа...
[2026-07-21 23:27:02] [INFO]    Путь для SQL Server: C:\Database_Backups
[2026-07-21 23:27:02] [INFO]    Файл данных: TRBOnet → C:\Database_Backups\TRBOnet_63_auto_script.mdf
[2026-07-21 23:27:02] [INFO]    Файл лога: TRBOnet_log → C:\Database_Backups\TRBOnet_63_auto_script_log.ldf
[2026-07-21 23:27:02] [INFO]    .bak-файл для SQL Server: C:\Database_Backups\TRBOnet_6.3.0.bak
[2026-07-21 23:27:02] [INFO]    Проверка существования БД...
[2026-07-21 23:27:04] [INFO]    ✅ БД TRBOnet_63_auto_script помечена на удаление
[2026-07-21 23:27:04] [INFO]    Выполнение восстановления (это может занять длительное время)...
[2026-07-21 23:27:04] [INFO]    Выполнение финальной проверки доступности файла...
[2026-07-21 23:27:04] [ERROR] ❌ Ошибка при восстановлении: ❌ Файл физически недоступен по пути \\localhost\C$\"Database_Backups\TRBOnet_6.3.0.bak
[2026-07-21 23:27:04] [ERROR] ❌ Ошибка при восстановлении базы данных
[2026-07-21 23:27:04] [ERROR] ❌ Ошибка при восстановлении: Ошибка при восстановлении базы данных
[2026-07-21 23:27:04] [ERROR] 
❌ Критическая ошибка: Ошибка при восстановлении базы данных
[2026-07-21 23:36:29] [INFO] ================================================================================
[2026-07-21 23:36:29] [INFO] 🚀 ВОССТАНОВЛЕНИЕ БАЗЫ ДАННЫХ: TRBOnet_63_auto_script
[2026-07-21 23:36:29] [INFO] ================================================================================
[2026-07-21 23:36:29] [INFO] 📋 Параметры:
[2026-07-21 23:36:29] [INFO]    Источник: \\nsshare.trbonet.com\Share\Tester_common\bd_for_test\!bd_migration\bd_6.3.0
[2026-07-21 23:36:29] [INFO]    Архив: TRBOnet_6.3.0.bak.zip
[2026-07-21 23:36:29] [INFO]    Назначение (скрипт): \\10.12.101.40\Database_Backups
[2026-07-21 23:36:29] [INFO]    Назначение (SQL): C:\Database_Backups
[2026-07-21 23:36:29] [INFO]    SQL Server: S0343\SQLEXPRESS
[2026-07-21 23:36:29] [INFO]    Аутентификация: sql
[2026-07-21 23:36:29] [INFO]    База данных: TRBOnet_63_auto_script
[2026-07-21 23:36:29] [INFO]    Сетевой пользователь: TRBONET\e.nikitina
[2026-07-21 23:36:29] [INFO] ================================================================================
[2026-07-21 23:36:29] [INFO] 
📌 ШАГ 0: Подготовка сетевого доступа
[2026-07-21 23:36:29] [INFO] ----------------------------------------
[2026-07-21 23:36:29] [INFO] 🔗 Подключение к сетевой папке: \\nsshare.trbonet.com\Share\Tester_common\bd_for_test\!bd_migration\bd_6.3.0
[2026-07-21 23:36:29] [INFO] ✅ Папка уже доступна
[2026-07-21 23:36:29] [INFO] 🔗 Подключение к сетевой папке: \\10.12.101.40\Database_Backups
[2026-07-21 23:36:29] [INFO] ✅ Папка уже доступна
[2026-07-21 23:36:29] [INFO] 
📌 ШАГ 1: Проверка архива
[2026-07-21 23:36:29] [INFO] ----------------------------------------
[2026-07-21 23:36:29] [INFO] ✅ Архив найден: \\nsshare.trbonet.com\Share\Tester_common\bd_for_test\!bd_migration\bd_6.3.0\TRBOnet_6.3.0.bak.zip
[2026-07-21 23:36:29] [INFO]    Размер: 785.22 МБ
[2026-07-21 23:36:29] [INFO] 
📌 ШАГ 2: Проверка свободного места
[2026-07-21 23:36:29] [INFO] ----------------------------------------
[2026-07-21 23:36:29] [INFO] ✅ Свободного места достаточно: 125.51 ГБ
[2026-07-21 23:36:29] [INFO] ℹ️  Режим отладки: архив уже существует, пропускаем копирование
[2026-07-21 23:36:29] [INFO]    Файл: \\10.12.101.40\Database_Backups\TRBOnet_6.3.0.bak.zip
[2026-07-21 23:36:29] [INFO]    Размер: 785.22 МБ
[2026-07-21 23:36:29] [INFO] 
📌 ШАГ 4: Разархивация
[2026-07-21 23:36:29] [INFO] ----------------------------------------
[2026-07-21 23:36:29] [INFO] ℹ️  Режим отладки: .bak-файл уже существует, пропускаем разархивацию
[2026-07-21 23:36:29] [INFO]    Файл: \\10.12.101.40\Database_Backups\TRBOnet_6.3.0.bak
[2026-07-21 23:36:29] [INFO]    Размер: 4.69 ГБ
[2026-07-21 23:36:29] [INFO] 
📌 ШАГ 5: Подключение к SQL Server
[2026-07-21 23:36:29] [INFO] ----------------------------------------
[2026-07-21 23:36:29] [INFO] 🔌 Подключение к SQL Server: S0343\SQLEXPRESS
[2026-07-21 23:36:29] [INFO] ✅ Подключено к SQL Server
[2026-07-21 23:36:29] [INFO]    Версия: Microsoft SQL Server 2025
[2026-07-21 23:36:29] [INFO] 
📌 ШАГ 6: Восстановление базы данных
[2026-07-21 23:36:29] [INFO] ----------------------------------------
[2026-07-21 23:36:29] [INFO] 🔄 Восстановление базы данных TRBOnet_63_auto_script из TRBOnet_6.3.0.bak
[2026-07-21 23:36:29] [INFO]    Размер файла: 4.69 ГБ
[2026-07-21 23:36:29] [INFO]    autocommit включён
[2026-07-21 23:36:29] [INFO]    Получение информации о файлах из бэкапа...
[2026-07-21 23:36:29] [INFO]    Путь для SQL Server: C:\Database_Backups
[2026-07-21 23:36:29] [INFO]    Файл данных: TRBOnet → C:\Database_Backups\TRBOnet_63_auto_script.mdf
[2026-07-21 23:36:29] [INFO]    Файл лога: TRBOnet_log → C:\Database_Backups\TRBOnet_63_auto_script_log.ldf
[2026-07-21 23:36:29] [INFO]    .bak-файл для SQL Server: C:\Database_Backups\TRBOnet_6.3.0.bak
[2026-07-21 23:36:29] [INFO]    Проверка существования БД...
[2026-07-21 23:36:31] [INFO]    ✅ БД TRBOnet_63_auto_script помечена на удаление
[2026-07-21 23:36:31] [INFO]    Выполнение восстановления (это может занять длительное время)...
[2026-07-21 23:36:31] [INFO]    Выполнение финальной проверки доступности файла...
[2026-07-21 23:36:31] [ERROR] ❌ Ошибка при восстановлении: ❌ Файл физически недоступен по пути \\S0343\C$\Database_Backups\TRBOnet_6.3.0.bak
[2026-07-21 23:36:31] [ERROR] ❌ Ошибка при восстановлении базы данных
[2026-07-21 23:36:31] [ERROR] ❌ Ошибка при восстановлении: Ошибка при восстановлении базы данных
[2026-07-21 23:36:31] [ERROR] 
❌ Критическая ошибка: Ошибка при восстановлении базы данных
[2026-07-21 23:39:25] [INFO] ================================================================================
[2026-07-21 23:39:25] [INFO] 🚀 ВОССТАНОВЛЕНИЕ БАЗЫ ДАННЫХ: TRBOnet_63_auto_script
[2026-07-21 23:39:25] [INFO] ================================================================================
[2026-07-21 23:39:25] [INFO] 📋 Параметры:
[2026-07-21 23:39:25] [INFO]    Источник: \\nsshare.trbonet.com\Share\Tester_common\bd_for_test\!bd_migration\bd_6.3.0
[2026-07-21 23:39:25] [INFO]    Архив: TRBOnet_6.3.0.bak.zip
[2026-07-21 23:39:25] [INFO]    Назначение (скрипт): \\10.12.101.40\Database_Backups
[2026-07-21 23:39:25] [INFO]    Назначение (SQL): C:\Database_Backups
[2026-07-21 23:39:25] [INFO]    SQL Server: S0343\SQLEXPRESS
[2026-07-21 23:39:25] [INFO]    Аутентификация: sql
[2026-07-21 23:39:25] [INFO]    База данных: TRBOnet_63_auto_script
[2026-07-21 23:39:25] [INFO]    Сетевой пользователь: TRBONET\e.nikitina
[2026-07-21 23:39:25] [INFO] ================================================================================
[2026-07-21 23:39:25] [INFO] 
📌 ШАГ 0: Подготовка сетевого доступа
[2026-07-21 23:39:25] [INFO] ----------------------------------------
[2026-07-21 23:39:25] [INFO] 🔗 Подключение к сетевой папке: \\nsshare.trbonet.com\Share\Tester_common\bd_for_test\!bd_migration\bd_6.3.0
[2026-07-21 23:39:25] [INFO] ✅ Папка уже доступна
[2026-07-21 23:39:25] [INFO] 🔗 Подключение к сетевой папке: \\10.12.101.40\Database_Backups
[2026-07-21 23:39:25] [INFO] ✅ Папка уже доступна
[2026-07-21 23:39:25] [INFO] 
📌 ШАГ 1: Проверка архива
[2026-07-21 23:39:25] [INFO] ----------------------------------------
[2026-07-21 23:39:25] [INFO] ✅ Архив найден: \\nsshare.trbonet.com\Share\Tester_common\bd_for_test\!bd_migration\bd_6.3.0\TRBOnet_6.3.0.bak.zip
[2026-07-21 23:39:25] [INFO]    Размер: 785.22 МБ
[2026-07-21 23:39:25] [INFO] 
📌 ШАГ 2: Проверка свободного места
[2026-07-21 23:39:25] [INFO] ----------------------------------------
[2026-07-21 23:39:25] [INFO] ✅ Свободного места достаточно: 125.50 ГБ
[2026-07-21 23:39:25] [INFO] ℹ️  Режим отладки: архив уже существует, пропускаем копирование
[2026-07-21 23:39:25] [INFO]    Файл: \\10.12.101.40\Database_Backups\TRBOnet_6.3.0.bak.zip
[2026-07-21 23:39:25] [INFO]    Размер: 785.22 МБ
[2026-07-21 23:39:25] [INFO] 
📌 ШАГ 4: Разархивация
[2026-07-21 23:39:25] [INFO] ----------------------------------------
[2026-07-21 23:39:25] [INFO] ℹ️  Режим отладки: .bak-файл уже существует, пропускаем разархивацию
[2026-07-21 23:39:25] [INFO]    Файл: \\10.12.101.40\Database_Backups\TRBOnet_6.3.0.bak
[2026-07-21 23:39:25] [INFO]    Размер: 4.69 ГБ
[2026-07-21 23:39:25] [INFO] 
📌 ШАГ 5: Подключение к SQL Server
[2026-07-21 23:39:25] [INFO] ----------------------------------------
[2026-07-21 23:39:25] [INFO] 🔌 Подключение к SQL Server: S0343\SQLEXPRESS
[2026-07-21 23:39:25] [INFO] ✅ Подключено к SQL Server
[2026-07-21 23:39:25] [INFO]    Версия: Microsoft SQL Server 2025
[2026-07-21 23:39:25] [INFO] 
📌 ШАГ 6: Восстановление базы данных
[2026-07-21 23:39:25] [INFO] ----------------------------------------
[2026-07-21 23:39:25] [INFO] 🔄 Восстановление базы данных TRBOnet_63_auto_script из TRBOnet_6.3.0.bak
[2026-07-21 23:39:25] [INFO]    Размер файла: 4.69 ГБ
[2026-07-21 23:39:25] [INFO]    autocommit включён
[2026-07-21 23:39:25] [INFO]    Получение информации о файлах из бэкапа...
[2026-07-21 23:39:25] [INFO]    Путь для SQL Server: C:\Database_Backups
[2026-07-21 23:39:25] [INFO]    Файл данных: TRBOnet → C:\Database_Backups\TRBOnet_63_auto_script.mdf
[2026-07-21 23:39:25] [INFO]    Файл лога: TRBOnet_log → C:\Database_Backups\TRBOnet_63_auto_script_log.ldf
[2026-07-21 23:39:25] [INFO]    .bak-файл для SQL Server: C:\Database_Backups\TRBOnet_6.3.0.bak
[2026-07-21 23:39:25] [INFO]    Проверка существования БД...
[2026-07-21 23:39:27] [INFO]    ✅ БД TRBOnet_63_auto_script помечена на удаление
[2026-07-21 23:39:27] [INFO]    Выполнение восстановления (это может занять длительное время)...
[2026-07-21 23:39:27] [ERROR] ❌ ОШИБКА SQL при выполнении RESTORE. Код: 42000
[2026-07-21 23:39:27] [ERROR]    Текст: ('42000', '[42000] [Microsoft][ODBC Driver 18 for SQL Server][SQL Server]Cannot perform a backup or restore operation within a transaction. (3021) (SQLExecDirectW); [42000] [Microsoft][ODBC Driver 18 for SQL Server][SQL Server]RESTORE DATABASE is terminating abnormally. (3013)')
[2026-07-21 23:39:27] [ERROR] ❌ Ошибка при восстановлении базы данных
[2026-07-21 23:39:27] [ERROR] ❌ Ошибка при восстановлении: Ошибка при восстановлении базы данных
[2026-07-21 23:39:27] [ERROR] 
❌ Критическая ошибка: Ошибка при восстановлении базы данных
[2026-07-21 23:55:12] [INFO] ================================================================================
[2026-07-21 23:55:12] [INFO] 🚀 ВОССТАНОВЛЕНИЕ БАЗЫ ДАННЫХ: TRBOnet_63_auto_script
[2026-07-21 23:55:12] [INFO] ================================================================================
[2026-07-21 23:55:12] [INFO] 📋 Параметры:
[2026-07-21 23:55:12] [INFO]    Источник: \\nsshare.trbonet.com\Share\Tester_common\bd_for_test\!bd_migration\bd_6.3.0
[2026-07-21 23:55:12] [INFO]    Архив: TRBOnet_6.3.0.bak.zip
[2026-07-21 23:55:12] [INFO]    Назначение (скрипт): \\10.12.101.40\Database_Backups
[2026-07-21 23:55:12] [INFO]    Назначение (SQL): C:\Database_Backups
[2026-07-21 23:55:12] [INFO]    SQL Server: S0343\SQLEXPRESS
[2026-07-21 23:55:12] [INFO]    Аутентификация: sql
[2026-07-21 23:55:12] [INFO]    База данных: TRBOnet_63_auto_script
[2026-07-21 23:55:12] [INFO]    Сетевой пользователь: TRBONET\e.nikitina
[2026-07-21 23:55:12] [INFO] ================================================================================
[2026-07-21 23:55:12] [INFO] 
📌 ШАГ 0: Подготовка сетевого доступа
[2026-07-21 23:55:12] [INFO] ----------------------------------------
[2026-07-21 23:55:12] [INFO] 🔗 Подключение к сетевой папке: \\nsshare.trbonet.com\Share\Tester_common\bd_for_test\!bd_migration\bd_6.3.0
[2026-07-21 23:55:12] [INFO] ✅ Папка уже доступна
[2026-07-21 23:55:12] [INFO] 🔗 Подключение к сетевой папке: \\10.12.101.40\Database_Backups
[2026-07-21 23:55:12] [INFO] ✅ Папка уже доступна
[2026-07-21 23:55:12] [INFO] 
📌 ШАГ 1: Проверка архива
[2026-07-21 23:55:12] [INFO] ----------------------------------------
[2026-07-21 23:55:12] [INFO] ✅ Архив найден: \\nsshare.trbonet.com\Share\Tester_common\bd_for_test\!bd_migration\bd_6.3.0\TRBOnet_6.3.0.bak.zip
[2026-07-21 23:55:12] [INFO]    Размер: 785.22 МБ
[2026-07-21 23:55:12] [INFO] 
📌 ШАГ 2: Проверка свободного места
[2026-07-21 23:55:12] [INFO] ----------------------------------------
[2026-07-21 23:55:12] [INFO] ✅ Свободного места достаточно: 125.51 ГБ
[2026-07-21 23:55:12] [INFO] ℹ️  Режим отладки: архив уже существует, пропускаем копирование
[2026-07-21 23:55:12] [INFO]    Файл: \\10.12.101.40\Database_Backups\TRBOnet_6.3.0.bak.zip
[2026-07-21 23:55:12] [INFO]    Размер: 785.22 МБ
[2026-07-21 23:55:12] [INFO] 
📌 ШАГ 4: Разархивация
[2026-07-21 23:55:12] [INFO] ----------------------------------------
[2026-07-21 23:55:12] [INFO] ℹ️  Режим отладки: .bak-файл уже существует, пропускаем разархивацию
[2026-07-21 23:55:12] [INFO]    Файл: \\10.12.101.40\Database_Backups\TRBOnet_6.3.0.bak
[2026-07-21 23:55:12] [INFO]    Размер: 4.69 ГБ
[2026-07-21 23:55:12] [INFO] 
📌 ШАГ 5: Подключение к SQL Server
[2026-07-21 23:55:12] [INFO] ----------------------------------------
[2026-07-21 23:55:12] [INFO] 🔌 Подключение к SQL Server: S0343\SQLEXPRESS
[2026-07-21 23:55:12] [INFO] ✅ Подключено к SQL Server
[2026-07-21 23:55:12] [INFO]    Версия: Microsoft SQL Server 2025
[2026-07-21 23:55:12] [INFO] 
📌 ШАГ 6: Восстановление базы данных
[2026-07-21 23:55:12] [INFO] ----------------------------------------
[2026-07-21 23:55:12] [INFO] 🔄 Восстановление базы данных TRBOnet_63_auto_script из TRBOnet_6.3.0.bak
[2026-07-21 23:55:12] [INFO]    Размер файла: 4.69 ГБ
[2026-07-21 23:55:12] [INFO]    autocommit включён
[2026-07-21 23:55:12] [INFO]    Получение информации о файлах из бэкапа...
[2026-07-21 23:55:12] [INFO]    Путь для SQL Server: C:\Database_Backups
[2026-07-21 23:55:12] [INFO]    Файл данных: TRBOnet → C:\Database_Backups\TRBOnet_63_auto_script.mdf
[2026-07-21 23:55:12] [INFO]    Файл лога: TRBOnet_log → C:\Database_Backups\TRBOnet_63_auto_script_log.ldf
[2026-07-21 23:55:12] [INFO]    .bak-файл для SQL Server: C:\Database_Backups\TRBOnet_6.3.0.bak
[2026-07-21 23:55:12] [INFO]    Проверка существования БД...
[2026-07-21 23:55:14] [INFO]    ✅ БД TRBOnet_63_auto_script помечена на удаление
[2026-07-21 23:55:14] [INFO]    Выполнение восстановления (это может занять длительное время)...
[2026-07-21 23:55:15] [ERROR] ❌ База данных не восстановлена. Состояние: 1
[2026-07-21 23:55:15] [ERROR] ❌ Ошибка при восстановлении базы данных
[2026-07-21 23:55:15] [ERROR] ❌ Ошибка при восстановлении: Ошибка при восстановлении базы данных
[2026-07-21 23:55:15] [ERROR] 
❌ Критическая ошибка: Ошибка при восстановлении базы данных
[2026-07-22 00:02:27] [INFO] ================================================================================
[2026-07-22 00:02:27] [INFO] 🚀 ВОССТАНОВЛЕНИЕ БАЗЫ ДАННЫХ: TRBOnet_63_auto_script
[2026-07-22 00:02:27] [INFO] ================================================================================
[2026-07-22 00:02:27] [INFO] 📋 Параметры:
[2026-07-22 00:02:27] [INFO]    Источник: \\nsshare.trbonet.com\Share\Tester_common\bd_for_test\!bd_migration\bd_6.3.0
[2026-07-22 00:02:27] [INFO]    Архив: TRBOnet_6.3.0.bak.zip
[2026-07-22 00:02:27] [INFO]    Назначение (скрипт): \\10.12.101.40\Database_Backups
[2026-07-22 00:02:27] [INFO]    Назначение (SQL): C:\Database_Backups
[2026-07-22 00:02:27] [INFO]    SQL Server: S0343\SQLEXPRESS
[2026-07-22 00:02:27] [INFO]    Аутентификация: sql
[2026-07-22 00:02:27] [INFO]    База данных: TRBOnet_63_auto_script
[2026-07-22 00:02:27] [INFO]    Сетевой пользователь: TRBONET\e.nikitina
[2026-07-22 00:02:27] [INFO] ================================================================================
[2026-07-22 00:02:27] [INFO] 
📌 ШАГ 0: Подготовка сетевого доступа
[2026-07-22 00:02:27] [INFO] ----------------------------------------
[2026-07-22 00:02:27] [INFO] 🔗 Подключение к сетевой папке: \\nsshare.trbonet.com\Share\Tester_common\bd_for_test\!bd_migration\bd_6.3.0
[2026-07-22 00:02:27] [INFO] ✅ Папка уже доступна
[2026-07-22 00:02:27] [INFO] 🔗 Подключение к сетевой папке: \\10.12.101.40\Database_Backups
[2026-07-22 00:02:27] [INFO] ✅ Папка уже доступна
[2026-07-22 00:02:27] [INFO] 
📌 ШАГ 1: Проверка архива
[2026-07-22 00:02:27] [INFO] ----------------------------------------
[2026-07-22 00:02:27] [INFO] ✅ Архив найден: \\nsshare.trbonet.com\Share\Tester_common\bd_for_test\!bd_migration\bd_6.3.0\TRBOnet_6.3.0.bak.zip
[2026-07-22 00:02:27] [INFO]    Размер: 785.22 МБ
[2026-07-22 00:02:27] [INFO] 
📌 ШАГ 2: Проверка свободного места
[2026-07-22 00:02:27] [INFO] ----------------------------------------
[2026-07-22 00:02:27] [INFO] ✅ Свободного места достаточно: 126.31 ГБ
[2026-07-22 00:02:27] [INFO] ℹ️  Режим отладки: архив уже существует, пропускаем копирование
[2026-07-22 00:02:27] [INFO]    Файл: \\10.12.101.40\Database_Backups\TRBOnet_6.3.0.bak.zip
[2026-07-22 00:02:27] [INFO]    Размер: 785.22 МБ
[2026-07-22 00:02:27] [INFO] 
📌 ШАГ 4: Разархивация
[2026-07-22 00:02:27] [INFO] ----------------------------------------
[2026-07-22 00:02:27] [INFO] ℹ️  Режим отладки: .bak-файл уже существует, пропускаем разархивацию
[2026-07-22 00:02:27] [INFO]    Файл: \\10.12.101.40\Database_Backups\TRBOnet_6.3.0.bak
[2026-07-22 00:02:27] [INFO]    Размер: 4.69 ГБ
[2026-07-22 00:02:27] [INFO] 
📌 ШАГ 5: Подключение к SQL Server
[2026-07-22 00:02:27] [INFO] ----------------------------------------
[2026-07-22 00:02:27] [INFO] 🔌 Подключение к SQL Server: S0343\SQLEXPRESS
[2026-07-22 00:02:27] [INFO] ✅ Подключено к SQL Server
[2026-07-22 00:02:27] [INFO]    Версия: Microsoft SQL Server 2025
[2026-07-22 00:02:27] [INFO] 
📌 ШАГ 6: Восстановление базы данных
[2026-07-22 00:02:27] [INFO] ----------------------------------------
[2026-07-22 00:02:27] [INFO] 🔄 Восстановление базы данных TRBOnet_63_auto_script из TRBOnet_6.3.0.bak
[2026-07-22 00:02:27] [INFO]    Размер файла: 4.69 ГБ
[2026-07-22 00:02:27] [INFO]    autocommit включён
[2026-07-22 00:02:27] [INFO]    Получение информации о файлах из бэкапа...
[2026-07-22 00:02:27] [INFO]    Путь для SQL Server: C:\Database_Backups
[2026-07-22 00:02:27] [INFO]    Файл данных: TRBOnet → C:\Database_Backups\TRBOnet_63_auto_script.mdf
[2026-07-22 00:02:27] [INFO]    Файл лога: TRBOnet_log → C:\Database_Backups\TRBOnet_63_auto_script_log.ldf
[2026-07-22 00:02:27] [INFO]    .bak-файл для SQL Server: C:\Database_Backups\TRBOnet_6.3.0.bak
[2026-07-22 00:02:27] [INFO]    Проверка существования БД...
[2026-07-22 00:02:27] [INFO] ✅ База данных TRBOnet_63_auto_script отсутствует.
[2026-07-22 00:02:27] [INFO] 
📌 ШАГ 7: Очистка отключена
[2026-07-22 00:02:27] [INFO]    Файлы оставлены:
[2026-07-22 00:02:27] [INFO]    - \\10.12.101.40\Database_Backups\TRBOnet_6.3.0.bak.zip
[2026-07-22 00:02:27] [INFO]    - \\10.12.101.40\Database_Backups\TRBOnet_6.3.0.bak
[2026-07-22 00:02:27] [INFO] 
================================================================================
[2026-07-22 00:02:27] [INFO] ✅ БАЗА ДАННЫХ ВОССТАНОВЛЕНА: TRBOnet_63_auto_script
[2026-07-22 00:02:27] [INFO] ================================================================================
[2026-07-22 00:02:27] [INFO]    SQL Server: S0343\SQLEXPRESS
[2026-07-22 00:02:27] [INFO]    Время начала: 2026-07-22 00:02:27
[2026-07-22 00:02:27] [INFO]    Время окончания: 2026-07-22 00:02:27
[2026-07-22 00:02:27] [INFO]    Общее время: 0 сек
[2026-07-22 00:02:27] [INFO] ================================================================================
[2026-07-22 00:03:32] [INFO] ================================================================================
[2026-07-22 00:03:32] [INFO] 🚀 ВОССТАНОВЛЕНИЕ БАЗЫ ДАННЫХ: TRBOnet_63_auto_script
[2026-07-22 00:03:32] [INFO] ================================================================================
[2026-07-22 00:03:32] [INFO] 📋 Параметры:
[2026-07-22 00:03:32] [INFO]    Источник: \\nsshare.trbonet.com\Share\Tester_common\bd_for_test\!bd_migration\bd_6.3.0
[2026-07-22 00:03:32] [INFO]    Архив: TRBOnet_6.3.0.bak.zip
[2026-07-22 00:03:32] [INFO]    Назначение (скрипт): \\10.12.101.40\Database_Backups
[2026-07-22 00:03:32] [INFO]    Назначение (SQL): C:\Database_Backups
[2026-07-22 00:03:32] [INFO]    SQL Server: S0343\SQLEXPRESS
[2026-07-22 00:03:32] [INFO]    Аутентификация: sql
[2026-07-22 00:03:32] [INFO]    База данных: TRBOnet_63_auto_script
[2026-07-22 00:03:32] [INFO]    Сетевой пользователь: TRBONET\e.nikitina
[2026-07-22 00:03:32] [INFO] ================================================================================
[2026-07-22 00:03:32] [INFO] 
📌 ШАГ 0: Подготовка сетевого доступа
[2026-07-22 00:03:32] [INFO] ----------------------------------------
[2026-07-22 00:03:32] [INFO] 🔗 Подключение к сетевой папке: \\nsshare.trbonet.com\Share\Tester_common\bd_for_test\!bd_migration\bd_6.3.0
[2026-07-22 00:03:32] [INFO] ✅ Папка уже доступна
[2026-07-22 00:03:32] [INFO] 🔗 Подключение к сетевой папке: \\10.12.101.40\Database_Backups
[2026-07-22 00:03:32] [INFO] ✅ Папка уже доступна
[2026-07-22 00:03:32] [INFO] 
📌 ШАГ 1: Проверка архива
[2026-07-22 00:03:32] [INFO] ----------------------------------------
[2026-07-22 00:03:32] [INFO] ✅ Архив найден: \\nsshare.trbonet.com\Share\Tester_common\bd_for_test\!bd_migration\bd_6.3.0\TRBOnet_6.3.0.bak.zip
[2026-07-22 00:03:32] [INFO]    Размер: 785.22 МБ
[2026-07-22 00:03:32] [INFO] 
📌 ШАГ 2: Проверка свободного места
[2026-07-22 00:03:32] [INFO] ----------------------------------------
[2026-07-22 00:03:32] [INFO] ✅ Свободного места достаточно: 126.31 ГБ
[2026-07-22 00:03:32] [INFO] ℹ️  Режим отладки: архив уже существует, пропускаем копирование
[2026-07-22 00:03:32] [INFO]    Файл: \\10.12.101.40\Database_Backups\TRBOnet_6.3.0.bak.zip
[2026-07-22 00:03:32] [INFO]    Размер: 785.22 МБ
[2026-07-22 00:03:32] [INFO] 
📌 ШАГ 4: Разархивация
[2026-07-22 00:03:32] [INFO] ----------------------------------------
[2026-07-22 00:03:32] [INFO] ℹ️  Режим отладки: .bak-файл уже существует, пропускаем разархивацию
[2026-07-22 00:03:32] [INFO]    Файл: \\10.12.101.40\Database_Backups\TRBOnet_6.3.0.bak
[2026-07-22 00:03:32] [INFO]    Размер: 4.69 ГБ
[2026-07-22 00:03:32] [INFO] 
📌 ШАГ 5: Подключение к SQL Server
[2026-07-22 00:03:32] [INFO] ----------------------------------------
[2026-07-22 00:03:32] [INFO] 🔌 Подключение к SQL Server: S0343\SQLEXPRESS
[2026-07-22 00:03:32] [INFO] ✅ Подключено к SQL Server
[2026-07-22 00:03:32] [INFO]    Версия: Microsoft SQL Server 2025
[2026-07-22 00:03:32] [INFO] 
📌 ШАГ 6: Восстановление базы данных
[2026-07-22 00:03:32] [INFO] ----------------------------------------
[2026-07-22 00:03:32] [INFO] 🔄 Восстановление базы данных TRBOnet_63_auto_script из TRBOnet_6.3.0.bak
[2026-07-22 00:03:32] [INFO]    Размер файла: 4.69 ГБ
[2026-07-22 00:03:32] [INFO]    autocommit включён
[2026-07-22 00:03:32] [INFO]    Получение информации о файлах из бэкапа...
[2026-07-22 00:03:32] [INFO]    Путь для SQL Server: C:\Database_Backups
[2026-07-22 00:03:32] [INFO]    Файл данных: TRBOnet → C:\Database_Backups\TRBOnet_63_auto_script.mdf
[2026-07-22 00:03:32] [INFO]    Файл лога: TRBOnet_log → C:\Database_Backups\TRBOnet_63_auto_script_log.ldf
[2026-07-22 00:03:32] [INFO]    .bak-файл для SQL Server: C:\Database_Backups\TRBOnet_6.3.0.bak
[2026-07-22 00:03:32] [INFO]    Проверка существования БД...
[2026-07-22 00:03:32] [INFO] ✅ База данных TRBOnet_63_auto_script отсутствует.
[2026-07-22 00:03:32] [INFO] 
📌 ШАГ 7: Очистка отключена
[2026-07-22 00:03:32] [INFO]    Файлы оставлены:
[2026-07-22 00:03:32] [INFO]    - \\10.12.101.40\Database_Backups\TRBOnet_6.3.0.bak.zip
[2026-07-22 00:03:32] [INFO]    - \\10.12.101.40\Database_Backups\TRBOnet_6.3.0.bak
[2026-07-22 00:03:32] [INFO] 
================================================================================
[2026-07-22 00:03:32] [INFO] ✅ БАЗА ДАННЫХ ВОССТАНОВЛЕНА: TRBOnet_63_auto_script
[2026-07-22 00:03:32] [INFO] ================================================================================
[2026-07-22 00:03:32] [INFO]    SQL Server: S0343\SQLEXPRESS
[2026-07-22 00:03:32] [INFO]    Время начала: 2026-07-22 00:03:32
[2026-07-22 00:03:32] [INFO]    Время окончания: 2026-07-22 00:03:32
[2026-07-22 00:03:32] [INFO]    Общее время: 0 сек
[2026-07-22 00:03:32] [INFO] ================================================================================
[2026-07-22 00:15:22] [INFO] ================================================================================
[2026-07-22 00:15:22] [INFO] 🚀 ВОССТАНОВЛЕНИЕ БАЗЫ ДАННЫХ: TRBOnet_63_auto_script
[2026-07-22 00:15:22] [INFO] ================================================================================
[2026-07-22 00:15:22] [INFO] 📋 Параметры:
[2026-07-22 00:15:22] [INFO]    Источник: \\nsshare.trbonet.com\Share\Tester_common\bd_for_test\!bd_migration\bd_6.3.0
[2026-07-22 00:15:22] [INFO]    Архив: TRBOnet_6.3.0.bak.zip
[2026-07-22 00:15:22] [INFO]    Назначение (скрипт): \\10.12.101.40\Database_Backups
[2026-07-22 00:15:22] [INFO]    Назначение (SQL): C:\Database_Backups
[2026-07-22 00:15:22] [INFO]    SQL Server: S0343\SQLEXPRESS
[2026-07-22 00:15:22] [INFO]    Аутентификация: sql
[2026-07-22 00:15:22] [INFO]    База данных: TRBOnet_63_auto_script
[2026-07-22 00:15:22] [INFO]    Сетевой пользователь: TRBONET\e.nikitina
[2026-07-22 00:15:22] [INFO] ================================================================================
[2026-07-22 00:15:22] [INFO] 
📌 ШАГ 0: Подготовка сетевого доступа
[2026-07-22 00:15:22] [INFO] ----------------------------------------
[2026-07-22 00:15:22] [INFO] 🔗 Подключение к сетевой папке: \\nsshare.trbonet.com\Share\Tester_common\bd_for_test\!bd_migration\bd_6.3.0
[2026-07-22 00:15:22] [INFO] ✅ Папка уже доступна
[2026-07-22 00:15:22] [INFO] 🔗 Подключение к сетевой папке: \\10.12.101.40\Database_Backups
[2026-07-22 00:15:22] [INFO] ✅ Папка уже доступна
[2026-07-22 00:15:22] [INFO] 
📌 ШАГ 1: Проверка архива
[2026-07-22 00:15:22] [INFO] ----------------------------------------
[2026-07-22 00:15:22] [INFO] ✅ Архив найден: \\nsshare.trbonet.com\Share\Tester_common\bd_for_test\!bd_migration\bd_6.3.0\TRBOnet_6.3.0.bak.zip
[2026-07-22 00:15:22] [INFO]    Размер: 785.22 МБ
[2026-07-22 00:15:22] [INFO] 
📌 ШАГ 2: Проверка свободного места
[2026-07-22 00:15:22] [INFO] ----------------------------------------
[2026-07-22 00:15:22] [INFO] ✅ Свободного места достаточно: 126.31 ГБ
[2026-07-22 00:15:22] [INFO] ℹ️  Режим отладки: архив уже существует, пропускаем копирование
[2026-07-22 00:15:22] [INFO]    Файл: \\10.12.101.40\Database_Backups\TRBOnet_6.3.0.bak.zip
[2026-07-22 00:15:22] [INFO]    Размер: 785.22 МБ
[2026-07-22 00:15:22] [INFO] 
📌 ШАГ 4: Разархивация
[2026-07-22 00:15:22] [INFO] ----------------------------------------
[2026-07-22 00:15:22] [INFO] ℹ️  Режим отладки: .bak-файл уже существует, пропускаем разархивацию
[2026-07-22 00:15:22] [INFO]    Файл: \\10.12.101.40\Database_Backups\TRBOnet_6.3.0.bak
[2026-07-22 00:15:22] [INFO]    Размер: 4.69 ГБ
[2026-07-22 00:15:22] [INFO] 
📌 ШАГ 5: Подключение к SQL Server
[2026-07-22 00:15:22] [INFO] ----------------------------------------
[2026-07-22 00:15:22] [INFO] 🔌 Подключение к SQL Server: S0343\SQLEXPRESS
[2026-07-22 00:15:22] [INFO] ✅ Подключено к SQL Server
[2026-07-22 00:15:22] [INFO]    Версия: Microsoft SQL Server 2025
[2026-07-22 00:15:22] [INFO] 
📌 ШАГ 6: Восстановление базы данных
[2026-07-22 00:15:22] [INFO] ----------------------------------------
[2026-07-22 00:15:22] [INFO] 🔄 Восстановление базы данных TRBOnet_63_auto_script из TRBOnet_6.3.0.bak
[2026-07-22 00:15:22] [INFO]    Размер файла: 4.69 ГБ
[2026-07-22 00:15:22] [INFO]    autocommit включён
[2026-07-22 00:15:22] [INFO]    Получение информации о файлах из бэкапа...
[2026-07-22 00:15:22] [INFO]    Путь для SQL Server: C:\Database_Backups
[2026-07-22 00:15:22] [INFO]    Файл данных: TRBOnet → C:\Database_Backups\TRBOnet_63_auto_script.mdf
[2026-07-22 00:15:22] [INFO]    Файл лога: TRBOnet_log → C:\Database_Backups\TRBOnet_63_auto_script_log.ldf
[2026-07-22 00:15:22] [INFO]    .bak-файл для SQL Server: C:\Database_Backups\TRBOnet_6.3.0.bak
[2026-07-22 00:15:22] [INFO]    Проверка существования БД...
[2026-07-22 00:15:22] [INFO] ✅ База данных TRBOnet_63_auto_script отсутствует.
[2026-07-22 00:15:22] [INFO] 
📌 ШАГ 7: Очистка отключена
[2026-07-22 00:15:22] [INFO]    Файлы оставлены:
[2026-07-22 00:15:22] [INFO]    - \\10.12.101.40\Database_Backups\TRBOnet_6.3.0.bak.zip
[2026-07-22 00:15:22] [INFO]    - \\10.12.101.40\Database_Backups\TRBOnet_6.3.0.bak
[2026-07-22 00:15:22] [INFO] 
================================================================================
[2026-07-22 00:15:22] [INFO] ✅ БАЗА ДАННЫХ ВОССТАНОВЛЕНА: TRBOnet_63_auto_script
[2026-07-22 00:15:22] [INFO] ================================================================================
[2026-07-22 00:15:22] [INFO]    SQL Server: S0343\SQLEXPRESS
[2026-07-22 00:15:22] [INFO]    Время начала: 2026-07-22 00:15:22
[2026-07-22 00:15:22] [INFO]    Время окончания: 2026-07-22 00:15:22
[2026-07-22 00:15:22] [INFO]    Общее время: 0 сек
[2026-07-22 00:15:22] [INFO] ================================================================================
[2026-07-22 00:18:11] [INFO] ================================================================================
[2026-07-22 00:18:11] [INFO] 🚀 ВОССТАНОВЛЕНИЕ БАЗЫ ДАННЫХ: TRBOnet_63_auto_script
[2026-07-22 00:18:11] [INFO] ================================================================================
[2026-07-22 00:18:11] [INFO] 📋 Параметры:
[2026-07-22 00:18:11] [INFO]    Источник: \\nsshare.trbonet.com\Share\Tester_common\bd_for_test\!bd_migration\bd_6.3.0
[2026-07-22 00:18:11] [INFO]    Архив: TRBOnet_6.3.0.bak.zip
[2026-07-22 00:18:11] [INFO]    Назначение (скрипт): \\10.12.101.40\Database_Backups
[2026-07-22 00:18:11] [INFO]    Назначение (SQL): C:\Database_Backups
[2026-07-22 00:18:11] [INFO]    SQL Server: S0343\SQLEXPRESS
[2026-07-22 00:18:11] [INFO]    Аутентификация: sql
[2026-07-22 00:18:11] [INFO]    База данных: TRBOnet_63_auto_script
[2026-07-22 00:18:11] [INFO]    Сетевой пользователь: TRBONET\e.nikitina
[2026-07-22 00:18:11] [INFO] ================================================================================
[2026-07-22 00:18:11] [INFO] 
📌 ШАГ 0: Подготовка сетевого доступа
[2026-07-22 00:18:11] [INFO] ----------------------------------------
[2026-07-22 00:18:11] [INFO] 🔗 Подключение к сетевой папке: \\nsshare.trbonet.com\Share\Tester_common\bd_for_test\!bd_migration\bd_6.3.0
[2026-07-22 00:18:11] [INFO] ✅ Папка уже доступна
[2026-07-22 00:18:11] [INFO] 🔗 Подключение к сетевой папке: \\10.12.101.40\Database_Backups
[2026-07-22 00:18:11] [INFO] ✅ Папка уже доступна
[2026-07-22 00:18:11] [INFO] 
📌 ШАГ 1: Проверка архива
[2026-07-22 00:18:11] [INFO] ----------------------------------------
[2026-07-22 00:18:11] [INFO] ✅ Архив найден: \\nsshare.trbonet.com\Share\Tester_common\bd_for_test\!bd_migration\bd_6.3.0\TRBOnet_6.3.0.bak.zip
[2026-07-22 00:18:11] [INFO]    Размер: 785.22 МБ
[2026-07-22 00:18:11] [INFO] 
📌 ШАГ 2: Проверка свободного места
[2026-07-22 00:18:11] [INFO] ----------------------------------------
[2026-07-22 00:18:11] [INFO] ✅ Свободного места достаточно: 126.31 ГБ
[2026-07-22 00:18:11] [INFO] ℹ️  Режим отладки: архив уже существует, пропускаем копирование
[2026-07-22 00:18:11] [INFO]    Файл: \\10.12.101.40\Database_Backups\TRBOnet_6.3.0.bak.zip
[2026-07-22 00:18:11] [INFO]    Размер: 785.22 МБ
[2026-07-22 00:18:11] [INFO] 
📌 ШАГ 4: Разархивация
[2026-07-22 00:18:11] [INFO] ----------------------------------------
[2026-07-22 00:18:11] [INFO] ℹ️  Режим отладки: .bak-файл уже существует, пропускаем разархивацию
[2026-07-22 00:18:11] [INFO]    Файл: \\10.12.101.40\Database_Backups\TRBOnet_6.3.0.bak
[2026-07-22 00:18:11] [INFO]    Размер: 4.69 ГБ
[2026-07-22 00:18:11] [INFO] 
📌 ШАГ 5: Подключение к SQL Server
[2026-07-22 00:18:11] [INFO] ----------------------------------------
[2026-07-22 00:18:11] [INFO] 🔌 Подключение к SQL Server: S0343\SQLEXPRESS
[2026-07-22 00:18:12] [INFO] ✅ Подключено к SQL Server
[2026-07-22 00:18:12] [INFO]    Версия: Microsoft SQL Server 2025
[2026-07-22 00:18:12] [INFO] 
📌 ШАГ 6: Восстановление базы данных
[2026-07-22 00:18:12] [INFO] ----------------------------------------
[2026-07-22 00:18:12] [INFO] 🔄 Восстановление базы данных TRBOnet_63_auto_script из TRBOnet_6.3.0.bak
[2026-07-22 00:18:12] [INFO]    Размер файла: 4.69 ГБ
[2026-07-22 00:18:12] [INFO]    autocommit включён
[2026-07-22 00:18:12] [INFO]    Получение информации о файлах из бэкапа...
[2026-07-22 00:18:12] [INFO]    Путь для SQL Server: C:\Database_Backups
[2026-07-22 00:18:12] [INFO]    Файл данных: TRBOnet → C:\Database_Backups\TRBOnet_63_auto_script.mdf
[2026-07-22 00:18:12] [INFO]    Файл лога: TRBOnet_log → C:\Database_Backups\TRBOnet_63_auto_script_log.ldf
[2026-07-22 00:18:12] [INFO]    .bak-файл для SQL Server: C:\Database_Backups\TRBOnet_6.3.0.bak
[2026-07-22 00:18:12] [INFO]    Проверка существования БД...
[2026-07-22 00:18:12] [INFO] ✅ База данных TRBOnet_63_auto_script отсутствует.
[2026-07-22 00:18:12] [INFO] 
📌 ШАГ 7: Очистка отключена
[2026-07-22 00:18:12] [INFO]    Файлы оставлены:
[2026-07-22 00:18:12] [INFO]    - \\10.12.101.40\Database_Backups\TRBOnet_6.3.0.bak.zip
[2026-07-22 00:18:12] [INFO]    - \\10.12.101.40\Database_Backups\TRBOnet_6.3.0.bak
[2026-07-22 00:18:12] [INFO] 
================================================================================
[2026-07-22 00:18:12] [INFO] ✅ БАЗА ДАННЫХ ВОССТАНОВЛЕНА: TRBOnet_63_auto_script
[2026-07-22 00:18:12] [INFO] ================================================================================
[2026-07-22 00:18:12] [INFO]    SQL Server: S0343\SQLEXPRESS
[2026-07-22 00:18:12] [INFO]    Время начала: 2026-07-22 00:18:11
[2026-07-22 00:18:12] [INFO]    Время окончания: 2026-07-22 00:18:12
[2026-07-22 00:18:12] [INFO]    Общее время: 0 сек
[2026-07-22 00:18:12] [INFO] ================================================================================
[2026-07-22 00:19:38] [INFO] ================================================================================
[2026-07-22 00:19:38] [INFO] 🚀 ВОССТАНОВЛЕНИЕ БАЗЫ ДАННЫХ: TRBOnet_63_auto_script
[2026-07-22 00:19:38] [INFO] ================================================================================
[2026-07-22 00:19:38] [INFO] 📋 Параметры:
[2026-07-22 00:19:38] [INFO]    Источник: \\nsshare.trbonet.com\Share\Tester_common\bd_for_test\!bd_migration\bd_6.3.0
[2026-07-22 00:19:38] [INFO]    Архив: TRBOnet_6.3.0.bak.zip
[2026-07-22 00:19:38] [INFO]    Назначение (скрипт): \\10.12.101.40\Database_Backups
[2026-07-22 00:19:38] [INFO]    Назначение (SQL): C:\Database_Backups
[2026-07-22 00:19:38] [INFO]    SQL Server: S0343\SQLEXPRESS
[2026-07-22 00:19:38] [INFO]    Аутентификация: sql
[2026-07-22 00:19:38] [INFO]    База данных: TRBOnet_63_auto_script
[2026-07-22 00:19:38] [INFO]    Сетевой пользователь: TRBONET\e.nikitina
[2026-07-22 00:19:38] [INFO] ================================================================================
[2026-07-22 00:19:38] [INFO] 
📌 ШАГ 0: Подготовка сетевого доступа
[2026-07-22 00:19:38] [INFO] ----------------------------------------
[2026-07-22 00:19:38] [INFO] 🔗 Подключение к сетевой папке: \\nsshare.trbonet.com\Share\Tester_common\bd_for_test\!bd_migration\bd_6.3.0
[2026-07-22 00:19:38] [INFO] ✅ Папка уже доступна
[2026-07-22 00:19:38] [INFO] 🔗 Подключение к сетевой папке: \\10.12.101.40\Database_Backups
[2026-07-22 00:19:38] [INFO] ✅ Папка уже доступна
[2026-07-22 00:19:38] [INFO] 
📌 ШАГ 1: Проверка архива
[2026-07-22 00:19:38] [INFO] ----------------------------------------
[2026-07-22 00:19:38] [INFO] ✅ Архив найден: \\nsshare.trbonet.com\Share\Tester_common\bd_for_test\!bd_migration\bd_6.3.0\TRBOnet_6.3.0.bak.zip
[2026-07-22 00:19:38] [INFO]    Размер: 785.22 МБ
[2026-07-22 00:19:38] [INFO] 
📌 ШАГ 2: Проверка свободного места
[2026-07-22 00:19:38] [INFO] ----------------------------------------
[2026-07-22 00:19:38] [INFO] ✅ Свободного места достаточно: 131.77 ГБ
[2026-07-22 00:19:38] [INFO]    🧹 Очистка старых .bak-файлов...
[2026-07-22 00:19:38] [INFO] 📦 Копирование файла:
[2026-07-22 00:19:38] [INFO]    Источник: \\nsshare.trbonet.com\Share\Tester_common\bd_for_test\!bd_migration\bd_6.3.0\TRBOnet_6.3.0.bak.zip
[2026-07-22 00:19:38] [INFO]    Назначение: \\10.12.101.40\Database_Backups\TRBOnet_6.3.0.bak.zip
[2026-07-22 00:19:38] [INFO]    Размер: 785.22 МБ
[2026-07-22 00:19:38] [INFO]    Попытка 1/3...
[2026-07-22 00:19:44] [INFO]   32.00 МБ / 785.22 МБ (4.1%) | Скорость: 5.42 МБ/с | Осталось: 2 мин 19 сек
[2026-07-22 00:19:50] [INFO]   64.00 МБ / 785.22 МБ (8.2%) | Скорость: 5.45 МБ/с | Осталось: 2 мин 12 сек
[2026-07-22 00:19:56] [INFO]   96.00 МБ / 785.22 МБ (12.2%) | Скорость: 5.48 МБ/с | Осталось: 2 мин 6 сек
[2026-07-22 00:20:01] [INFO]   128.00 МБ / 785.22 МБ (16.3%) | Скорость: 5.48 МБ/с | Осталось: 1 мин 60 сек
[2026-07-22 00:20:07] [INFO]   160.00 МБ / 785.22 МБ (20.4%) | Скорость: 5.49 МБ/с | Осталось: 1 мин 54 сек
[2026-07-22 00:20:13] [INFO]   192.00 МБ / 785.22 МБ (24.5%) | Скорость: 5.49 МБ/с | Осталось: 1 мин 48 сек
[2026-07-22 00:20:19] [INFO]   224.00 МБ / 785.22 МБ (28.5%) | Скорость: 5.50 МБ/с | Осталось: 1 мин 42 сек
[2026-07-22 00:20:25] [INFO]   256.00 МБ / 785.22 МБ (32.6%) | Скорость: 5.50 МБ/с | Осталось: 1 мин 36 сек
[2026-07-22 00:20:30] [INFO]   288.00 МБ / 785.22 МБ (36.7%) | Скорость: 5.50 МБ/с | Осталось: 1 мин 30 сек
[2026-07-22 00:20:36] [INFO]   320.00 МБ / 785.22 МБ (40.8%) | Скорость: 5.49 МБ/с | Осталось: 1 мин 25 сек
[2026-07-22 00:20:42] [INFO]   352.00 МБ / 785.22 МБ (44.8%) | Скорость: 5.49 МБ/с | Осталось: 1 мин 19 сек
[2026-07-22 00:20:48] [INFO]   384.00 МБ / 785.22 МБ (48.9%) | Скорость: 5.49 МБ/с | Осталось: 1 мин 13 сек
[2026-07-22 00:20:54] [INFO]   416.00 МБ / 785.22 МБ (53.0%) | Скорость: 5.49 МБ/с | Осталось: 1 мин 7 сек
[2026-07-22 00:21:00] [INFO]   448.00 МБ / 785.22 МБ (57.1%) | Скорость: 5.49 МБ/с | Осталось: 1 мин 1 сек
[2026-07-22 00:21:05] [INFO]   480.00 МБ / 785.22 МБ (61.1%) | Скорость: 5.49 МБ/с | Осталось: 56 сек
[2026-07-22 00:21:11] [INFO]   512.00 МБ / 785.22 МБ (65.2%) | Скорость: 5.50 МБ/с | Осталось: 50 сек
[2026-07-22 00:21:17] [INFO]   544.00 МБ / 785.22 МБ (69.3%) | Скорость: 5.50 МБ/с | Осталось: 44 сек
[2026-07-22 00:21:23] [INFO]   576.00 МБ / 785.22 МБ (73.4%) | Скорость: 5.50 МБ/с | Осталось: 38 сек
[2026-07-22 00:21:29] [INFO]   608.00 МБ / 785.22 МБ (77.4%) | Скорость: 5.49 МБ/с | Осталось: 32 сек
[2026-07-22 00:21:35] [INFO]   640.00 МБ / 785.22 МБ (81.5%) | Скорость: 5.49 МБ/с | Осталось: 26 сек
[2026-07-22 00:21:40] [INFO]   672.00 МБ / 785.22 МБ (85.6%) | Скорость: 5.50 МБ/с | Осталось: 21 сек
[2026-07-22 00:21:46] [INFO]   704.00 МБ / 785.22 МБ (89.7%) | Скорость: 5.49 МБ/с | Осталось: 15 сек
[2026-07-22 00:21:52] [INFO]   736.00 МБ / 785.22 МБ (93.7%) | Скорость: 5.49 МБ/с | Осталось: 9 сек
[2026-07-22 00:21:58] [INFO]   768.00 МБ / 785.22 МБ (97.8%) | Скорость: 5.49 МБ/с | Осталось: 3 сек
[2026-07-22 00:22:00] [INFO]   785.22 МБ / 785.22 МБ (100.0%) | Скорость: 5.52 МБ/с | Осталось: 0 сек
[2026-07-22 00:22:00] [INFO] ✅ Файл скопирован за 2 мин 22 сек (средняя скорость: 5.52 МБ/с)
[2026-07-22 00:22:00] [INFO] 
📌 ШАГ 4: Разархивация
[2026-07-22 00:22:00] [INFO] ----------------------------------------
[2026-07-22 00:22:00] [INFO] 📦 Разархивация: \\10.12.101.40\Database_Backups\TRBOnet_6.3.0.bak.zip
[2026-07-22 00:22:00] [INFO]    Назначение: \\10.12.101.40\Database_Backups
[2026-07-22 00:23:19] [INFO]    Файлов в архиве: 1
[2026-07-22 00:23:19] [INFO]    Размер .bak-файла: 4.69 ГБ
[2026-07-22 00:23:19] [INFO]    Начало распаковки...
[2026-07-22 00:23:24] [INFO]   Прогресс: 1.1% | Скорость: 10.35 МБ/с | Осталось: 7 мин 39 сек
[2026-07-22 00:23:29] [INFO]   Прогресс: 2.2% | Скорость: 10.36 МБ/с | Осталось: 7 мин 33 сек
[2026-07-22 00:23:34] [INFO]   Прогресс: 3.3% | Скорость: 10.36 МБ/с | Осталось: 7 мин 28 сек
[2026-07-22 00:23:39] [INFO]   Прогресс: 4.3% | Скорость: 10.36 МБ/с | Осталось: 7 мин 23 сек
[2026-07-22 00:23:44] [INFO]   Прогресс: 5.4% | Скорость: 10.36 МБ/с | Осталось: 7 мин 18 сек
[2026-07-22 00:23:49] [INFO]   Прогресс: 6.5% | Скорость: 10.36 МБ/с | Осталось: 7 мин 13 сек
[2026-07-22 00:23:54] [INFO]   Прогресс: 7.6% | Скорость: 10.36 МБ/с | Осталось: 7 мин 8 сек
[2026-07-22 00:23:59] [INFO]   Прогресс: 8.7% | Скорость: 10.36 МБ/с | Осталось: 7 мин 3 сек
[2026-07-22 00:24:04] [INFO]   Прогресс: 9.8% | Скорость: 10.36 МБ/с | Осталось: 6 мин 58 сек
[2026-07-22 00:24:09] [INFO]   Прогресс: 10.8% | Скорость: 10.36 МБ/с | Осталось: 6 мин 53 сек
[2026-07-22 00:24:14] [INFO]   Прогресс: 11.9% | Скорость: 10.36 МБ/с | Осталось: 6 мин 48 сек
[2026-07-22 00:24:19] [INFO]   Прогресс: 13.0% | Скорость: 10.36 МБ/с | Осталось: 6 мин 43 сек
[2026-07-22 00:24:25] [INFO]   Прогресс: 14.1% | Скорость: 10.35 МБ/с | Осталось: 6 мин 38 сек
[2026-07-22 00:24:30] [INFO]   Прогресс: 15.2% | Скорость: 10.35 МБ/с | Осталось: 6 мин 33 сек
[2026-07-22 00:24:35] [INFO]   Прогресс: 16.3% | Скорость: 10.35 МБ/с | Осталось: 6 мин 28 сек
[2026-07-22 00:24:40] [INFO]   Прогресс: 17.3% | Скорость: 10.35 МБ/с | Осталось: 6 мин 23 сек
[2026-07-22 00:24:45] [INFO]   Прогресс: 18.4% | Скорость: 10.35 МБ/с | Осталось: 6 мин 18 сек
[2026-07-22 00:24:50] [INFO]   Прогресс: 19.5% | Скорость: 10.35 МБ/с | Осталось: 6 мин 13 сек
[2026-07-22 00:24:55] [INFO]   Прогресс: 20.6% | Скорость: 10.35 МБ/с | Осталось: 6 мин 8 сек
[2026-07-22 00:25:00] [INFO]   Прогресс: 21.7% | Скорость: 10.35 МБ/с | Осталось: 6 мин 3 сек
[2026-07-22 00:25:05] [INFO]   Прогресс: 22.8% | Скорость: 10.35 МБ/с | Осталось: 5 мин 58 сек
[2026-07-22 00:25:10] [INFO]   Прогресс: 23.8% | Скорость: 10.35 МБ/с | Осталось: 5 мин 53 сек
[2026-07-22 00:25:15] [INFO]   Прогресс: 24.9% | Скорость: 10.35 МБ/с | Осталось: 5 мин 48 сек
[2026-07-22 00:25:20] [INFO]   Прогресс: 26.0% | Скорость: 10.35 МБ/с | Осталось: 5 мин 43 сек
[2026-07-22 00:25:25] [INFO]   Прогресс: 27.1% | Скорость: 10.35 МБ/с | Осталось: 5 мин 38 сек
[2026-07-22 00:25:30] [INFO]   Прогресс: 28.2% | Скорость: 10.35 МБ/с | Осталось: 5 мин 33 сек
[2026-07-22 00:25:35] [INFO]   Прогресс: 29.3% | Скорость: 10.35 МБ/с | Осталось: 5 мин 28 сек
[2026-07-22 00:25:40] [INFO]   Прогресс: 30.3% | Скорость: 10.35 МБ/с | Осталось: 5 мин 23 сек
[2026-07-22 00:25:45] [INFO]   Прогресс: 31.4% | Скорость: 10.35 МБ/с | Осталось: 5 мин 18 сек
[2026-07-22 00:25:50] [INFO]   Прогресс: 32.5% | Скорость: 10.35 МБ/с | Осталось: 5 мин 13 сек
[2026-07-22 00:25:55] [INFO]   Прогресс: 33.6% | Скорость: 10.35 МБ/с | Осталось: 5 мин 8 сек
[2026-07-22 00:26:00] [INFO]   Прогресс: 34.7% | Скорость: 10.35 МБ/с | Осталось: 5 мин 3 сек
[2026-07-22 00:26:05] [INFO]   Прогресс: 35.8% | Скорость: 10.35 МБ/с | Осталось: 4 мин 58 сек
[2026-07-22 00:26:10] [INFO]   Прогресс: 36.8% | Скорость: 10.35 МБ/с | Осталось: 4 мин 53 сек
[2026-07-22 00:26:15] [INFO]   Прогресс: 37.9% | Скорость: 10.35 МБ/с | Осталось: 4 мин 48 сек
[2026-07-22 00:26:20] [INFO]   Прогресс: 39.0% | Скорость: 10.35 МБ/с | Осталось: 4 мин 43 сек
[2026-07-22 00:26:25] [INFO]   Прогресс: 40.1% | Скорость: 10.35 МБ/с | Осталось: 4 мин 38 сек
[2026-07-22 00:26:30] [INFO]   Прогресс: 41.2% | Скорость: 10.35 МБ/с | Осталось: 4 мин 33 сек
[2026-07-22 00:26:35] [INFO]   Прогресс: 42.3% | Скорость: 10.35 МБ/с | Осталось: 4 мин 28 сек
[2026-07-22 00:26:40] [INFO]   Прогресс: 43.3% | Скорость: 10.35 МБ/с | Осталось: 4 мин 23 сек
[2026-07-22 00:26:45] [INFO]   Прогресс: 44.4% | Скорость: 10.35 МБ/с | Осталось: 4 мин 18 сек
[2026-07-22 00:26:50] [INFO]   Прогресс: 45.5% | Скорость: 10.35 МБ/с | Осталось: 4 мин 13 сек
[2026-07-22 00:26:55] [INFO]   Прогресс: 46.6% | Скорость: 10.35 МБ/с | Осталось: 4 мин 8 сек
[2026-07-22 00:27:00] [INFO]   Прогресс: 47.7% | Скорость: 10.35 МБ/с | Осталось: 4 мин 3 сек
[2026-07-22 00:27:05] [INFO]   Прогресс: 48.8% | Скорость: 10.35 МБ/с | Осталось: 3 мин 58 сек
[2026-07-22 00:27:10] [INFO]   Прогресс: 49.8% | Скорость: 10.35 МБ/с | Осталось: 3 мин 53 сек
[2026-07-22 00:27:15] [INFO]   Прогресс: 50.9% | Скорость: 10.35 МБ/с | Осталось: 3 мин 47 сек
[2026-07-22 00:27:20] [INFO]   Прогресс: 52.0% | Скорость: 10.35 МБ/с | Осталось: 3 мин 43 сек
[2026-07-22 00:27:25] [INFO]   Прогресс: 53.1% | Скорость: 10.35 МБ/с | Осталось: 3 мин 38 сек
[2026-07-22 00:27:31] [INFO]   Прогресс: 53.6% | Скорость: 10.22 МБ/с | Осталось: 3 мин 38 сек
[2026-07-22 00:27:36] [INFO]   Прогресс: 54.6% | Скорость: 10.22 МБ/с | Осталось: 3 мин 33 сек
[2026-07-22 00:27:41] [INFO]   Прогресс: 55.7% | Скорость: 10.22 МБ/с | Осталось: 3 мин 28 сек
[2026-07-22 00:27:46] [INFO]   Прогресс: 56.8% | Скорость: 10.22 МБ/с | Осталось: 3 мин 23 сек
[2026-07-22 00:27:51] [INFO]   Прогресс: 57.9% | Скорость: 10.23 МБ/с | Осталось: 3 мин 18 сек
[2026-07-22 00:27:56] [INFO]   Прогресс: 58.9% | Скорость: 10.23 МБ/с | Осталось: 3 мин 13 сек
[2026-07-22 00:28:01] [INFO]   Прогресс: 60.0% | Скорость: 10.23 МБ/с | Осталось: 3 мин 7 сек
[2026-07-22 00:28:06] [INFO]   Прогресс: 61.1% | Скорость: 10.23 МБ/с | Осталось: 3 мин 2 сек
[2026-07-22 00:28:11] [INFO]   Прогресс: 62.2% | Скорость: 10.23 МБ/с | Осталось: 2 мин 57 сек
[2026-07-22 00:28:16] [INFO]   Прогресс: 63.3% | Скорость: 10.24 МБ/с | Осталось: 2 мин 52 сек
[2026-07-22 00:28:21] [INFO]   Прогресс: 64.4% | Скорость: 10.24 МБ/с | Осталось: 2 мин 47 сек
[2026-07-22 00:28:26] [INFO]   Прогресс: 65.4% | Скорость: 10.24 МБ/с | Осталось: 2 мин 42 сек
[2026-07-22 00:28:31] [INFO]   Прогресс: 66.5% | Скорость: 10.24 МБ/с | Осталось: 2 мин 37 сек
[2026-07-22 00:28:36] [INFO]   Прогресс: 67.6% | Скорость: 10.24 МБ/с | Осталось: 2 мин 32 сек
[2026-07-22 00:28:41] [INFO]   Прогресс: 68.7% | Скорость: 10.25 МБ/с | Осталось: 2 мин 27 сек
[2026-07-22 00:28:46] [INFO]   Прогресс: 69.8% | Скорость: 10.25 МБ/с | Осталось: 2 мин 22 сек
[2026-07-22 00:28:51] [INFO]   Прогресс: 70.9% | Скорость: 10.25 МБ/с | Осталось: 2 мин 16 сек
[2026-07-22 00:28:56] [INFO]   Прогресс: 71.9% | Скорость: 10.25 МБ/с | Осталось: 2 мин 11 сек
[2026-07-22 00:29:01] [INFO]   Прогресс: 73.0% | Скорость: 10.25 МБ/с | Осталось: 2 мин 6 сек
[2026-07-22 00:29:06] [INFO]   Прогресс: 74.1% | Скорость: 10.25 МБ/с | Осталось: 2 мин 1 сек
[2026-07-22 00:29:11] [INFO]   Прогресс: 75.2% | Скорость: 10.26 МБ/с | Осталось: 1 мин 56 сек
[2026-07-22 00:29:16] [INFO]   Прогресс: 76.3% | Скорость: 10.26 МБ/с | Осталось: 1 мин 51 сек
[2026-07-22 00:29:21] [INFO]   Прогресс: 77.4% | Скорость: 10.26 МБ/с | Осталось: 1 мин 46 сек
[2026-07-22 00:29:26] [INFO]   Прогресс: 78.5% | Скорость: 10.26 МБ/с | Осталось: 1 мин 41 сек
[2026-07-22 00:29:31] [INFO]   Прогресс: 79.5% | Скорость: 10.26 МБ/с | Осталось: 1 мин 36 сек
[2026-07-22 00:29:36] [INFO]   Прогресс: 80.6% | Скорость: 10.26 МБ/с | Осталось: 1 мин 31 сек
[2026-07-22 00:29:41] [INFO]   Прогресс: 81.7% | Скорость: 10.26 МБ/с | Осталось: 1 мин 26 сек
[2026-07-22 00:29:46] [INFO]   Прогресс: 82.8% | Скорость: 10.27 МБ/с | Осталось: 1 мин 20 сек
[2026-07-22 00:29:51] [INFO]   Прогресс: 83.9% | Скорость: 10.27 МБ/с | Осталось: 1 мин 15 сек
[2026-07-22 00:29:56] [INFO]   Прогресс: 85.0% | Скорость: 10.27 МБ/с | Осталось: 1 мин 10 сек
[2026-07-22 00:30:01] [INFO]   Прогресс: 86.0% | Скорость: 10.27 МБ/с | Осталось: 1 мин 5 сек
[2026-07-22 00:30:06] [INFO]   Прогресс: 87.1% | Скорость: 10.27 МБ/с | Осталось: 1 мин 0 сек
[2026-07-22 00:30:11] [INFO]   Прогресс: 88.2% | Скорость: 10.27 МБ/с | Осталось: 55 сек
[2026-07-22 00:30:16] [INFO]   Прогресс: 89.3% | Скорость: 10.27 МБ/с | Осталось: 50 сек
[2026-07-22 00:30:21] [INFO]   Прогресс: 90.4% | Скорость: 10.27 МБ/с | Осталось: 45 сек
[2026-07-22 00:30:26] [INFO]   Прогресс: 91.5% | Скорость: 10.27 МБ/с | Осталось: 40 сек
[2026-07-22 00:30:31] [INFO]   Прогресс: 92.5% | Скорость: 10.27 МБ/с | Осталось: 35 сек
[2026-07-22 00:30:36] [INFO]   Прогресс: 93.6% | Скорость: 10.28 МБ/с | Осталось: 30 сек
[2026-07-22 00:30:42] [INFO]   Прогресс: 94.7% | Скорость: 10.28 МБ/с | Осталось: 25 сек
[2026-07-22 00:30:47] [INFO]   Прогресс: 95.8% | Скорость: 10.28 МБ/с | Осталось: 20 сек
[2026-07-22 00:30:52] [INFO]   Прогресс: 96.9% | Скорость: 10.28 МБ/с | Осталось: 15 сек
[2026-07-22 00:30:57] [INFO]   Прогресс: 98.0% | Скорость: 10.28 МБ/с | Осталось: 10 сек
[2026-07-22 00:31:02] [INFO]   Прогресс: 99.0% | Скорость: 10.28 МБ/с | Осталось: 4 сек
[2026-07-22 00:31:06] [INFO] ✅ Архив распакован за 7 мин 47 сек (средняя скорость: 10.28 МБ/с)
[2026-07-22 00:31:06] [INFO]    Найден .bak-файл: TRBOnet_6.3.0.bak (4.69 ГБ)
[2026-07-22 00:31:06] [INFO] 
📌 ШАГ 5: Подключение к SQL Server
[2026-07-22 00:31:06] [INFO] ----------------------------------------
[2026-07-22 00:31:06] [INFO] 🔌 Подключение к SQL Server: S0343\SQLEXPRESS
[2026-07-22 00:31:06] [INFO] ✅ Подключено к SQL Server
[2026-07-22 00:31:06] [INFO]    Версия: Microsoft SQL Server 2025
[2026-07-22 00:31:06] [INFO] 
📌 ШАГ 6: Восстановление базы данных
[2026-07-22 00:31:06] [INFO] ----------------------------------------
[2026-07-22 00:31:06] [INFO] 🔄 Восстановление базы данных TRBOnet_63_auto_script из TRBOnet_6.3.0.bak
[2026-07-22 00:31:06] [INFO]    Размер файла: 4.69 ГБ
[2026-07-22 00:31:06] [INFO]    autocommit включён
[2026-07-22 00:31:06] [INFO]    Получение информации о файлах из бэкапа...
[2026-07-22 00:31:07] [INFO]    Путь для SQL Server: C:\Database_Backups
[2026-07-22 00:31:07] [INFO]    Файл данных: TRBOnet → C:\Database_Backups\TRBOnet_63_auto_script.mdf
[2026-07-22 00:31:07] [INFO]    Файл лога: TRBOnet_log → C:\Database_Backups\TRBOnet_63_auto_script_log.ldf
[2026-07-22 00:31:07] [INFO]    .bak-файл для SQL Server: C:\Database_Backups\TRBOnet_6.3.0.bak
[2026-07-22 00:31:07] [INFO]    Проверка существования БД...
[2026-07-22 00:31:07] [INFO] ✅ База данных TRBOnet_63_auto_script отсутствует.
[2026-07-22 00:31:07] [INFO] 
📌 ШАГ 7: Очистка отключена
[2026-07-22 00:31:07] [INFO]    Файлы оставлены:
[2026-07-22 00:31:07] [INFO]    - \\10.12.101.40\Database_Backups\TRBOnet_6.3.0.bak.zip
[2026-07-22 00:31:07] [INFO]    - \\10.12.101.40\Database_Backups\TRBOnet_6.3.0.bak
[2026-07-22 00:31:07] [INFO] 
================================================================================
[2026-07-22 00:31:07] [INFO] ✅ БАЗА ДАННЫХ ВОССТАНОВЛЕНА: TRBOnet_63_auto_script
[2026-07-22 00:31:07] [INFO] ================================================================================
[2026-07-22 00:31:07] [INFO]    SQL Server: S0343\SQLEXPRESS
[2026-07-22 00:31:07] [INFO]    Время начала: 2026-07-22 00:19:38
[2026-07-22 00:31:07] [INFO]    Время окончания: 2026-07-22 00:31:07
[2026-07-22 00:31:07] [INFO]    Общее время: 11 мин 29 сек
[2026-07-22 00:31:07] [INFO] ================================================================================
[2026-07-22 04:12:53] [INFO] ================================================================================
[2026-07-22 04:12:53] [INFO] 🚀 ВОССТАНОВЛЕНИЕ БАЗЫ ДАННЫХ: TRBOnet_63_auto_script
[2026-07-22 04:12:53] [INFO] ================================================================================
[2026-07-22 04:12:53] [INFO] 📋 Параметры:
[2026-07-22 04:12:53] [INFO]    Источник: \\nsshare.trbonet.com\Share\Tester_common\bd_for_test\!bd_migration\bd_6.3.0
[2026-07-22 04:12:53] [INFO]    Архив: TRBOnet_6.3.0.bak.zip
[2026-07-22 04:12:53] [INFO]    Назначение (скрипт): \\10.12.101.40\Database_Backups
[2026-07-22 04:12:53] [INFO]    Назначение (SQL): C:\Database_Backups
[2026-07-22 04:12:53] [INFO]    SQL Server: S0343\SQLEXPRESS
[2026-07-22 04:12:53] [INFO]    Аутентификация: sql
[2026-07-22 04:12:53] [INFO]    База данных: TRBOnet_63_auto_script
[2026-07-22 04:12:53] [INFO]    Сетевой пользователь: TRBONET\e.nikitina
[2026-07-22 04:12:53] [INFO] ================================================================================
[2026-07-22 04:12:53] [INFO] 
📌 ШАГ 0: Подготовка сетевого доступа
[2026-07-22 04:12:53] [INFO] ----------------------------------------
[2026-07-22 04:12:53] [INFO] 🔗 Подключение к сетевой папке: \\nsshare.trbonet.com\Share\Tester_common\bd_for_test\!bd_migration\bd_6.3.0
[2026-07-22 04:12:53] [INFO] ✅ Папка уже доступна
[2026-07-22 04:12:53] [INFO] 🔗 Подключение к сетевой папке: \\10.12.101.40\Database_Backups
[2026-07-22 04:12:53] [INFO] ✅ Папка уже доступна
[2026-07-22 04:12:53] [INFO] 
📌 ШАГ 1: Проверка архива
[2026-07-22 04:12:53] [INFO] ----------------------------------------
[2026-07-22 04:12:53] [INFO] ✅ Архив найден: \\nsshare.trbonet.com\Share\Tester_common\bd_for_test\!bd_migration\bd_6.3.0\TRBOnet_6.3.0.bak.zip
[2026-07-22 04:12:53] [INFO]    Размер: 785.22 МБ
[2026-07-22 04:12:53] [INFO] 
📌 ШАГ 2: Проверка свободного места
[2026-07-22 04:12:53] [INFO] ----------------------------------------
[2026-07-22 04:12:53] [INFO] ✅ Свободного места достаточно: 126.14 ГБ
[2026-07-22 04:12:53] [INFO] ℹ️  Режим отладки: архив уже существует, пропускаем копирование
[2026-07-22 04:12:53] [INFO]    Файл: \\10.12.101.40\Database_Backups\TRBOnet_6.3.0.bak.zip
[2026-07-22 04:12:53] [INFO]    Размер: 785.22 МБ
[2026-07-22 04:12:53] [INFO] 
📌 ШАГ 4: Разархивация
[2026-07-22 04:12:53] [INFO] ----------------------------------------
[2026-07-22 04:12:53] [INFO] ℹ️  Режим отладки: .bak-файл уже существует, пропускаем разархивацию
[2026-07-22 04:12:53] [INFO]    Файл: \\10.12.101.40\Database_Backups\TRBOnet_6.3.0.bak
[2026-07-22 04:12:53] [INFO]    Размер: 4.69 ГБ
[2026-07-22 04:12:53] [INFO] 
📌 ШАГ 5: Подключение к SQL Server
[2026-07-22 04:12:53] [INFO] ----------------------------------------
[2026-07-22 04:12:53] [INFO] 🔌 Подключение к SQL Server: S0343\SQLEXPRESS
[2026-07-22 04:12:54] [INFO] ✅ Подключено к SQL Server
[2026-07-22 04:12:54] [INFO]    Версия: Microsoft SQL Server 2025
[2026-07-22 04:12:54] [INFO] 
📌 ШАГ 6: Восстановление базы данных
[2026-07-22 04:12:54] [INFO] ----------------------------------------
[2026-07-22 04:12:54] [INFO] 🔄 Восстановление базы данных TRBOnet_63_auto_script из TRBOnet_6.3.0.bak
[2026-07-22 04:12:54] [INFO]    Размер файла: 4.69 ГБ
[2026-07-22 04:12:54] [INFO]    autocommit включён
[2026-07-22 04:12:54] [INFO]    Получение информации о файлах из бэкапа...
[2026-07-22 04:12:54] [INFO]    Путь для SQL Server: C:\Database_Backups
[2026-07-22 04:12:54] [INFO]    Файл данных: TRBOnet → C:\Database_Backups\TRBOnet_63_auto_script.mdf
[2026-07-22 04:12:54] [INFO]    Файл лога: TRBOnet_log → C:\Database_Backups\TRBOnet_63_auto_script_log.ldf
[2026-07-22 04:12:54] [INFO]    .bak-файл для SQL Server: C:\Database_Backups\TRBOnet_6.3.0.bak
[2026-07-22 04:12:54] [INFO]    Проверка существования БД...
[2026-07-22 04:12:54] [INFO] ✅ База данных TRBOnet_63_auto_script отсутствует.
[2026-07-22 04:12:54] [INFO] 
📌 ШАГ 7: Очистка отключена
[2026-07-22 04:12:54] [INFO]    Файлы оставлены:
[2026-07-22 04:12:54] [INFO]    - \\10.12.101.40\Database_Backups\TRBOnet_6.3.0.bak.zip
[2026-07-22 04:12:54] [INFO]    - \\10.12.101.40\Database_Backups\TRBOnet_6.3.0.bak
[2026-07-22 04:12:54] [INFO] 
================================================================================
[2026-07-22 04:12:54] [INFO] ✅ БАЗА ДАННЫХ ВОССТАНОВЛЕНА: TRBOnet_63_auto_script
[2026-07-22 04:12:54] [INFO] ================================================================================
[2026-07-22 04:12:54] [INFO]    SQL Server: S0343\SQLEXPRESS
[2026-07-22 04:12:54] [INFO]    Время начала: 2026-07-22 04:12:53
[2026-07-22 04:12:54] [INFO]    Время окончания: 2026-07-22 04:12:54
[2026-07-22 04:12:54] [INFO]    Общее время: 0 сек
[2026-07-22 04:12:54] [INFO] ================================================================================
[2026-07-22 04:24:45] [INFO] ================================================================================
[2026-07-22 04:24:45] [INFO] 🚀 ВОССТАНОВЛЕНИЕ БАЗЫ ДАННЫХ: TRBOnet_63_auto_script
[2026-07-22 04:24:45] [INFO] ================================================================================
[2026-07-22 04:24:45] [INFO] 📋 Параметры:
[2026-07-22 04:24:45] [INFO]    Источник: \\nsshare.trbonet.com\Share\Tester_common\bd_for_test\!bd_migration\bd_6.3.0
[2026-07-22 04:24:45] [INFO]    Архив: TRBOnet_6.3.0.bak.zip
[2026-07-22 04:24:45] [INFO]    Назначение (скрипт): \\10.12.101.40\Database_Backups
[2026-07-22 04:24:45] [INFO]    Назначение (SQL): C:\Database_Backups
[2026-07-22 04:24:45] [INFO]    SQL Server: S0343\SQLEXPRESS
[2026-07-22 04:24:45] [INFO]    Аутентификация: sql
[2026-07-22 04:24:45] [INFO]    База данных: TRBOnet_63_auto_script
[2026-07-22 04:24:45] [INFO]    Сетевой пользователь: TRBONET\e.nikitina
[2026-07-22 04:24:45] [INFO] ================================================================================
[2026-07-22 04:24:45] [INFO] 
📌 ШАГ 0: Подготовка сетевого доступа
[2026-07-22 04:24:45] [INFO] ----------------------------------------
[2026-07-22 04:24:45] [INFO] 🔗 Подключение к сетевой папке: \\nsshare.trbonet.com\Share\Tester_common\bd_for_test\!bd_migration\bd_6.3.0
[2026-07-22 04:24:45] [INFO] ✅ Папка уже доступна
[2026-07-22 04:24:45] [INFO] 🔗 Подключение к сетевой папке: \\10.12.101.40\Database_Backups
[2026-07-22 04:24:45] [INFO] ✅ Папка уже доступна
[2026-07-22 04:24:45] [INFO] 
📌 ШАГ 1: Проверка архива
[2026-07-22 04:24:45] [INFO] ----------------------------------------
[2026-07-22 04:24:45] [INFO] ✅ Архив найден: \\nsshare.trbonet.com\Share\Tester_common\bd_for_test\!bd_migration\bd_6.3.0\TRBOnet_6.3.0.bak.zip
[2026-07-22 04:24:45] [INFO]    Размер: 785.22 МБ
[2026-07-22 04:24:45] [INFO] 
📌 ШАГ 2: Проверка свободного места
[2026-07-22 04:24:45] [INFO] ----------------------------------------
[2026-07-22 04:24:45] [INFO] ✅ Свободного места достаточно: 126.14 ГБ
[2026-07-22 04:24:45] [INFO] ℹ️  Режим отладки: архив уже существует, пропускаем копирование
[2026-07-22 04:24:45] [INFO]    Файл: \\10.12.101.40\Database_Backups\TRBOnet_6.3.0.bak.zip
[2026-07-22 04:24:45] [INFO]    Размер: 785.22 МБ
[2026-07-22 04:24:45] [INFO] 
📌 ШАГ 4: Разархивация
[2026-07-22 04:24:45] [INFO] ----------------------------------------
[2026-07-22 04:24:45] [INFO] ℹ️  Режим отладки: .bak-файл уже существует, пропускаем разархивацию
[2026-07-22 04:24:45] [INFO]    Файл: \\10.12.101.40\Database_Backups\TRBOnet_6.3.0.bak
[2026-07-22 04:24:45] [INFO]    Размер: 4.69 ГБ
[2026-07-22 04:24:45] [INFO] 
📌 ШАГ 5: Подключение к SQL Server
[2026-07-22 04:24:45] [INFO] ----------------------------------------
[2026-07-22 04:24:45] [INFO] 🔌 Подключение к SQL Server: S0343\SQLEXPRESS
[2026-07-22 04:24:45] [INFO] ✅ Подключено к SQL Server
[2026-07-22 04:24:45] [INFO]    Версия: Microsoft SQL Server 2025
[2026-07-22 04:24:45] [INFO] 
📌 ШАГ 6: Восстановление базы данных
[2026-07-22 04:24:45] [INFO] ----------------------------------------
[2026-07-22 04:24:45] [INFO] 🔄 Восстановление базы данных TRBOnet_63_auto_script из TRBOnet_6.3.0.bak
[2026-07-22 04:24:45] [INFO]    Размер файла: 4.69 ГБ
[2026-07-22 04:24:45] [INFO]    Получение информации о файлах из бэкапа...
[2026-07-22 04:24:45] [INFO]    Путь для SQL Server: C:\Database_Backups
[2026-07-22 04:24:45] [INFO]    Файл данных: TRBOnet → C:\Database_Backups\TRBOnet_63_auto_script.mdf
[2026-07-22 04:24:45] [INFO]    Файл лога: TRBOnet_log → C:\Database_Backups\TRBOnet_63_auto_script_log.ldf
[2026-07-22 04:24:45] [INFO]    .bak-файл для SQL Server: C:\Database_Backups\TRBOnet_6.3.0.bak
[2026-07-22 04:24:45] [INFO]    Проверка существования БД...
[2026-07-22 04:24:45] [INFO]    ✅ База данных TRBOnet_63_auto_script отсутствует.
[2026-07-22 04:24:45] [INFO]    Выполнение восстановления (это может занять длительное время)...
[2026-07-22 04:24:45] [ERROR] ❌ База данных не восстановлена. Состояние: 1
[2026-07-22 04:24:45] [ERROR] ❌ Ошибка при восстановлении: База данных не восстановлена
[2026-07-22 04:24:45] [ERROR] 
❌ Критическая ошибка: База данных не восстановлена
[2026-07-22 05:28:19] [INFO] ================================================================================
[2026-07-22 05:28:19] [INFO] 🚀 ВОССТАНОВЛЕНИЕ БАЗЫ ДАННЫХ: TRBOnet_63_auto_script
[2026-07-22 05:28:19] [INFO] ================================================================================
[2026-07-22 05:28:19] [INFO] 📋 Параметры:
[2026-07-22 05:28:19] [INFO]    Источник: \\nsshare.trbonet.com\Share\Tester_common\bd_for_test\!bd_migration\bd_6.3.0
[2026-07-22 05:28:19] [INFO]    Архив: TRBOnet_6.3.0.bak.zip
[2026-07-22 05:28:19] [INFO]    Назначение (скрипт): \\10.12.101.40\Database_Backups
[2026-07-22 05:28:19] [INFO]    Назначение (SQL): C:\Database_Backups
[2026-07-22 05:28:19] [INFO]    SQL Server: S0343\SQLEXPRESS
[2026-07-22 05:28:19] [INFO]    Аутентификация: sql
[2026-07-22 05:28:19] [INFO]    База данных: TRBOnet_63_auto_script
[2026-07-22 05:28:19] [INFO]    Сетевой пользователь: TRBONET\e.nikitina
[2026-07-22 05:28:19] [INFO] ================================================================================
[2026-07-22 05:28:19] [INFO] 
📌 ШАГ 0: Подготовка сетевого доступа
[2026-07-22 05:28:19] [INFO] ----------------------------------------
[2026-07-22 05:28:19] [INFO] 🔗 Подключение к сетевой папке: \\nsshare.trbonet.com\Share\Tester_common\bd_for_test\!bd_migration\bd_6.3.0
[2026-07-22 05:28:19] [INFO] ✅ Папка уже доступна
[2026-07-22 05:28:19] [INFO] 🔗 Подключение к сетевой папке: \\10.12.101.40\Database_Backups
[2026-07-22 05:28:19] [INFO] ✅ Папка уже доступна
[2026-07-22 05:28:19] [INFO] 
📌 ШАГ 1: Проверка архива
[2026-07-22 05:28:19] [INFO] ----------------------------------------
[2026-07-22 05:28:19] [INFO] ✅ Архив найден: \\nsshare.trbonet.com\Share\Tester_common\bd_for_test\!bd_migration\bd_6.3.0\TRBOnet_6.3.0.bak.zip
[2026-07-22 05:28:19] [INFO]    Размер: 785.22 МБ
[2026-07-22 05:28:19] [INFO] 
📌 ШАГ 2: Проверка свободного места
[2026-07-22 05:28:19] [INFO] ----------------------------------------
[2026-07-22 05:28:19] [INFO] ✅ Свободного места достаточно: 121.54 ГБ
[2026-07-22 05:28:19] [INFO] ℹ️  Режим отладки: архив уже существует, пропускаем копирование
[2026-07-22 05:28:19] [INFO]    Файл: \\10.12.101.40\Database_Backups\TRBOnet_6.3.0.bak.zip
[2026-07-22 05:28:19] [INFO]    Размер: 785.22 МБ
[2026-07-22 05:28:19] [INFO] 
📌 ШАГ 4: Разархивация
[2026-07-22 05:28:19] [INFO] ----------------------------------------
[2026-07-22 05:28:19] [INFO] ℹ️  Режим отладки: .bak-файл уже существует, пропускаем разархивацию
[2026-07-22 05:28:19] [INFO]    Файл: \\10.12.101.40\Database_Backups\TRBOnet_6.3.0.bak
[2026-07-22 05:28:19] [INFO]    Размер: 4.69 ГБ
[2026-07-22 05:28:19] [INFO] 
📌 ШАГ 5: Подключение к SQL Server
[2026-07-22 05:28:19] [INFO] ----------------------------------------
[2026-07-22 05:28:19] [INFO] 🔌 Подключение к SQL Server: S0343\SQLEXPRESS
[2026-07-22 05:28:19] [INFO] ✅ Подключено к SQL Server
[2026-07-22 05:28:19] [INFO]    Версия: Microsoft SQL Server 2025
[2026-07-22 05:28:19] [INFO] 
📌 ШАГ 6: Восстановление базы данных
[2026-07-22 05:28:19] [INFO] ----------------------------------------
[2026-07-22 05:28:19] [INFO] 🔄 Восстановление базы данных TRBOnet_63_auto_script из TRBOnet_6.3.0.bak
[2026-07-22 05:28:19] [INFO]    Размер файла: 4.69 ГБ
[2026-07-22 05:28:19] [INFO]    autocommit включён
[2026-07-22 05:28:19] [INFO]    Получение информации о файлах из бэкапа...
[2026-07-22 05:28:19] [INFO]    Путь для SQL Server: C:\Database_Backups
[2026-07-22 05:28:19] [INFO]    Файл данных: TRBOnet → C:\Database_Backups\TRBOnet_63_auto_script.mdf
[2026-07-22 05:28:19] [INFO]    Файл лога: TRBOnet_log → C:\Database_Backups\TRBOnet_63_auto_script_log.ldf
[2026-07-22 05:28:19] [INFO]    .bak-файл для SQL Server: C:\Database_Backups\TRBOnet_6.3.0.bak
[2026-07-22 05:28:19] [INFO]    Проверка существования БД...
[2026-07-22 05:28:19] [INFO]    База данных TRBOnet_63_auto_script уже существует (state=1)
[2026-07-22 05:28:19] [INFO]    БД в состоянии Restoring, выполняем RECOVERY...
[2026-07-22 05:28:19] [WARNING]    RECOVERY не удался: ('42000', '[42000] [Microsoft][ODBC Driver 18 for SQL Server][SQL Server]The database cannot be recovered because the log was not restored. (4333) (SQLExecDirectW); [42000] [Microsoft][ODBC Driver 18 for SQL Server][SQL Server]RESTORE DATABASE is terminating abnormally. (3013)')
[2026-07-22 05:28:19] [INFO]    Попытка удалить БД...
[2026-07-22 05:28:19] [WARNING]    Не удалось удалить БД: ('42000', '[42000] [Microsoft][ODBC Driver 18 for SQL Server][SQL Server]ALTER DATABASE is not permitted while a database is in the Restoring state. (5052) (SQLExecDirectW); [42000] [Microsoft][ODBC Driver 18 for SQL Server][SQL Server]ALTER DATABASE statement failed. (5069)')
[2026-07-22 05:28:19] [INFO]    Выполнение восстановления (это может занять длительное время)...
[2026-07-22 05:28:19] [INFO]    ✅ Команда RESTORE отправлена
[2026-07-22 05:28:19] [INFO]    Ожидание завершения восстановления...
[2026-07-22 05:28:24] [INFO]    ✅ База данных восстановлена за 5 сек
[2026-07-22 05:28:24] [INFO] ✅ База данных TRBOnet_63_auto_script восстановлена за 5 сек
[2026-07-22 05:28:24] [INFO]    ✅ База данных переведена в MULTI_USER
[2026-07-22 05:28:24] [INFO] ✅ База данных TRBOnet_63_auto_script успешно восстановлена
[2026-07-22 05:28:24] [INFO] 
📌 ШАГ 7: Очистка отключена
[2026-07-22 05:28:24] [INFO]    Файлы оставлены:
[2026-07-22 05:28:24] [INFO]    - \\10.12.101.40\Database_Backups\TRBOnet_6.3.0.bak.zip
[2026-07-22 05:28:24] [INFO]    - \\10.12.101.40\Database_Backups\TRBOnet_6.3.0.bak
[2026-07-22 05:28:24] [INFO] 
================================================================================
[2026-07-22 05:28:24] [INFO] ✅ БАЗА ДАННЫХ ВОССТАНОВЛЕНА: TRBOnet_63_auto_script
[2026-07-22 05:28:24] [INFO] ================================================================================
[2026-07-22 05:28:24] [INFO]    SQL Server: S0343\SQLEXPRESS
[2026-07-22 05:28:24] [INFO]    Время начала: 2026-07-22 05:28:19
[2026-07-22 05:28:24] [INFO]    Время окончания: 2026-07-22 05:28:24
[2026-07-22 05:28:24] [INFO]    Общее время: 6 сек
[2026-07-22 05:28:24] [INFO] ================================================================================
[2026-07-22 05:30:49] [INFO] ================================================================================
[2026-07-22 05:30:49] [INFO] 🚀 ВОССТАНОВЛЕНИЕ БАЗЫ ДАННЫХ: TRBOnet_63_auto_script
[2026-07-22 05:30:49] [INFO] ================================================================================
[2026-07-22 05:30:49] [INFO] 📋 Параметры:
[2026-07-22 05:30:49] [INFO]    Источник: \\nsshare.trbonet.com\Share\Tester_common\bd_for_test\!bd_migration\bd_6.3.0
[2026-07-22 05:30:49] [INFO]    Архив: TRBOnet_6.3.0.bak.zip
[2026-07-22 05:30:49] [INFO]    Назначение (скрипт): \\10.12.101.40\Database_Backups
[2026-07-22 05:30:49] [INFO]    Назначение (SQL): C:\Database_Backups
[2026-07-22 05:30:49] [INFO]    SQL Server: S0343\SQLEXPRESS
[2026-07-22 05:30:49] [INFO]    Аутентификация: sql
[2026-07-22 05:30:49] [INFO]    База данных: TRBOnet_63_auto_script
[2026-07-22 05:30:49] [INFO]    Сетевой пользователь: TRBONET\e.nikitina
[2026-07-22 05:30:49] [INFO] ================================================================================
[2026-07-22 05:30:49] [INFO] 
📌 ШАГ 0: Подготовка сетевого доступа
[2026-07-22 05:30:49] [INFO] ----------------------------------------
[2026-07-22 05:30:49] [INFO] 🔗 Подключение к сетевой папке: \\nsshare.trbonet.com\Share\Tester_common\bd_for_test\!bd_migration\bd_6.3.0
[2026-07-22 05:30:49] [INFO] ✅ Папка уже доступна
[2026-07-22 05:30:49] [INFO] 🔗 Подключение к сетевой папке: \\10.12.101.40\Database_Backups
[2026-07-22 05:30:49] [INFO] ✅ Папка уже доступна
[2026-07-22 05:30:49] [INFO] 
📌 ШАГ 1: Проверка архива
[2026-07-22 05:30:49] [INFO] ----------------------------------------
[2026-07-22 05:30:49] [INFO] ✅ Архив найден: \\nsshare.trbonet.com\Share\Tester_common\bd_for_test\!bd_migration\bd_6.3.0\TRBOnet_6.3.0.bak.zip
[2026-07-22 05:30:49] [INFO]    Размер: 785.22 МБ
[2026-07-22 05:30:49] [INFO] 
📌 ШАГ 2: Проверка свободного места
[2026-07-22 05:30:49] [INFO] ----------------------------------------
[2026-07-22 05:30:49] [INFO] ✅ Свободного места достаточно: 126.22 ГБ
[2026-07-22 05:30:49] [INFO] ℹ️  Режим отладки: архив уже существует, пропускаем копирование
[2026-07-22 05:30:49] [INFO]    Файл: \\10.12.101.40\Database_Backups\TRBOnet_6.3.0.bak.zip
[2026-07-22 05:30:49] [INFO]    Размер: 785.22 МБ
[2026-07-22 05:30:49] [INFO] 
📌 ШАГ 4: Разархивация
[2026-07-22 05:30:49] [INFO] ----------------------------------------
[2026-07-22 05:30:49] [INFO] ℹ️  Режим отладки: .bak-файл уже существует, пропускаем разархивацию
[2026-07-22 05:30:49] [INFO]    Файл: \\10.12.101.40\Database_Backups\TRBOnet_6.3.0.bak
[2026-07-22 05:30:49] [INFO]    Размер: 4.69 ГБ
[2026-07-22 05:30:49] [INFO] 
📌 ШАГ 5: Подключение к SQL Server
[2026-07-22 05:30:49] [INFO] ----------------------------------------
[2026-07-22 05:30:49] [INFO] 🔌 Подключение к SQL Server: S0343\SQLEXPRESS
[2026-07-22 05:30:49] [INFO] ✅ Подключено к SQL Server
[2026-07-22 05:30:49] [INFO]    Версия: Microsoft SQL Server 2025
[2026-07-22 05:30:49] [INFO] 
📌 ШАГ 6: Восстановление базы данных
[2026-07-22 05:30:49] [INFO] ----------------------------------------
[2026-07-22 05:30:49] [INFO] 🔄 Восстановление базы данных TRBOnet_63_auto_script из TRBOnet_6.3.0.bak
[2026-07-22 05:30:49] [INFO]    Размер файла: 4.69 ГБ
[2026-07-22 05:30:49] [INFO]    autocommit включён
[2026-07-22 05:30:49] [INFO]    Получение информации о файлах из бэкапа...
[2026-07-22 05:30:49] [INFO]    Путь для SQL Server: C:\Database_Backups
[2026-07-22 05:30:49] [INFO]    Файл данных: TRBOnet → C:\Database_Backups\TRBOnet_63_auto_script.mdf
[2026-07-22 05:30:49] [INFO]    Файл лога: TRBOnet_log → C:\Database_Backups\TRBOnet_63_auto_script_log.ldf
[2026-07-22 05:30:49] [INFO]    .bak-файл для SQL Server: C:\Database_Backups\TRBOnet_6.3.0.bak
[2026-07-22 05:30:49] [INFO]    Проверка существования БД...
[2026-07-22 05:30:49] [INFO]    ✅ База данных TRBOnet_63_auto_script отсутствует.
[2026-07-22 05:30:49] [INFO]    Выполнение восстановления (это может занять длительное время)...
[2026-07-22 05:30:50] [INFO]    ✅ Команда RESTORE отправлена
[2026-07-22 05:30:50] [INFO]    Ожидание завершения восстановления...
[2026-07-22 05:30:55] [INFO]    ✅ База данных восстановлена за 5 сек
[2026-07-22 05:30:55] [INFO] ✅ База данных TRBOnet_63_auto_script восстановлена за 5 сек
[2026-07-22 05:30:55] [INFO]    ✅ База данных переведена в MULTI_USER
[2026-07-22 05:30:55] [INFO] ✅ База данных TRBOnet_63_auto_script успешно восстановлена
[2026-07-22 05:30:55] [INFO] 
📌 ШАГ 7: Очистка отключена
[2026-07-22 05:30:55] [INFO]    Файлы оставлены:
[2026-07-22 05:30:55] [INFO]    - \\10.12.101.40\Database_Backups\TRBOnet_6.3.0.bak.zip
[2026-07-22 05:30:55] [INFO]    - \\10.12.101.40\Database_Backups\TRBOnet_6.3.0.bak
[2026-07-22 05:30:55] [INFO] 
================================================================================
[2026-07-22 05:30:55] [INFO] ✅ БАЗА ДАННЫХ ВОССТАНОВЛЕНА: TRBOnet_63_auto_script
[2026-07-22 05:30:55] [INFO] ================================================================================
[2026-07-22 05:30:55] [INFO]    SQL Server: S0343\SQLEXPRESS
[2026-07-22 05:30:55] [INFO]    Время начала: 2026-07-22 05:30:49
[2026-07-22 05:30:55] [INFO]    Время окончания: 2026-07-22 05:30:55
[2026-07-22 05:30:55] [INFO]    Общее время: 6 сек
[2026-07-22 05:30:55] [INFO] ================================================================================
[2026-07-22 05:33:29] [INFO] ================================================================================
[2026-07-22 05:33:29] [INFO] 🚀 ВОССТАНОВЛЕНИЕ БАЗЫ ДАННЫХ: TRBOnet_63_auto_script
[2026-07-22 05:33:29] [INFO] ================================================================================
[2026-07-22 05:33:29] [INFO] 📋 Параметры:
[2026-07-22 05:33:29] [INFO]    Источник: \\nsshare.trbonet.com\Share\Tester_common\bd_for_test\!bd_migration\bd_6.3.0
[2026-07-22 05:33:29] [INFO]    Архив: TRBOnet_6.3.0.bak.zip
[2026-07-22 05:33:29] [INFO]    Назначение (скрипт): \\10.12.101.40\Database_Backups
[2026-07-22 05:33:29] [INFO]    Назначение (SQL): C:\Database_Backups
[2026-07-22 05:33:29] [INFO]    SQL Server: S0343\SQLEXPRESS
[2026-07-22 05:33:29] [INFO]    Аутентификация: sql
[2026-07-22 05:33:29] [INFO]    База данных: TRBOnet_63_auto_script
[2026-07-22 05:33:29] [INFO]    Сетевой пользователь: TRBONET\e.nikitina
[2026-07-22 05:33:29] [INFO] ================================================================================
[2026-07-22 05:33:29] [INFO] 
📌 ШАГ 0: Подготовка сетевого доступа
[2026-07-22 05:33:29] [INFO] ----------------------------------------
[2026-07-22 05:33:29] [INFO] 🔗 Подключение к сетевой папке: \\nsshare.trbonet.com\Share\Tester_common\bd_for_test\!bd_migration\bd_6.3.0
[2026-07-22 05:33:29] [INFO] ✅ Папка уже доступна
[2026-07-22 05:33:29] [INFO] 🔗 Подключение к сетевой папке: \\10.12.101.40\Database_Backups
[2026-07-22 05:33:29] [INFO] ✅ Папка уже доступна
[2026-07-22 05:33:29] [INFO] 
📌 ШАГ 1: Проверка архива
[2026-07-22 05:33:29] [INFO] ----------------------------------------
[2026-07-22 05:33:29] [INFO] ✅ Архив найден: \\nsshare.trbonet.com\Share\Tester_common\bd_for_test\!bd_migration\bd_6.3.0\TRBOnet_6.3.0.bak.zip
[2026-07-22 05:33:29] [INFO]    Размер: 785.22 МБ
[2026-07-22 05:33:29] [INFO] 
📌 ШАГ 2: Проверка свободного места
[2026-07-22 05:33:29] [INFO] ----------------------------------------
[2026-07-22 05:33:29] [INFO] ✅ Свободного места достаточно: 130.86 ГБ
[2026-07-22 05:33:29] [INFO]    🧹 Очистка старых .bak-файлов...
[2026-07-22 05:33:29] [INFO] 📦 Копирование файла:
[2026-07-22 05:33:29] [INFO]    Источник: \\nsshare.trbonet.com\Share\Tester_common\bd_for_test\!bd_migration\bd_6.3.0\TRBOnet_6.3.0.bak.zip
[2026-07-22 05:33:29] [INFO]    Назначение: \\10.12.101.40\Database_Backups\TRBOnet_6.3.0.bak.zip
[2026-07-22 05:33:29] [INFO]    Размер: 785.22 МБ
[2026-07-22 05:33:29] [INFO]    Попытка 1/3...
[2026-07-22 05:33:35] [INFO]   32.00 МБ / 785.22 МБ (4.1%) | Скорость: 5.43 МБ/с | Осталось: 2 мин 19 сек
[2026-07-22 05:33:40] [INFO]   64.00 МБ / 785.22 МБ (8.2%) | Скорость: 5.47 МБ/с | Осталось: 2 мин 12 сек
[2026-07-22 05:33:46] [INFO]   96.00 МБ / 785.22 МБ (12.2%) | Скорость: 5.48 МБ/с | Осталось: 2 мин 6 сек
[2026-07-22 05:33:52] [INFO]   128.00 МБ / 785.22 МБ (16.3%) | Скорость: 5.48 МБ/с | Осталось: 1 мин 60 сек
[2026-07-22 05:33:58] [INFO]   160.00 МБ / 785.22 МБ (20.4%) | Скорость: 5.49 МБ/с | Осталось: 1 мин 54 сек
[2026-07-22 05:34:04] [INFO]   192.00 МБ / 785.22 МБ (24.5%) | Скорость: 5.49 МБ/с | Осталось: 1 мин 48 сек
[2026-07-22 05:34:10] [INFO]   224.00 МБ / 785.22 МБ (28.5%) | Скорость: 5.49 МБ/с | Осталось: 1 мин 42 сек
[2026-07-22 05:34:15] [INFO]   256.00 МБ / 785.22 МБ (32.6%) | Скорость: 5.49 МБ/с | Осталось: 1 мин 36 сек
[2026-07-22 05:34:21] [INFO]   288.00 МБ / 785.22 МБ (36.7%) | Скорость: 5.50 МБ/с | Осталось: 1 мин 30 сек
[2026-07-22 05:34:27] [INFO]   320.00 МБ / 785.22 МБ (40.8%) | Скорость: 5.50 МБ/с | Осталось: 1 мин 25 сек
[2026-07-22 05:34:33] [INFO]   352.00 МБ / 785.22 МБ (44.8%) | Скорость: 5.50 МБ/с | Осталось: 1 мин 19 сек
[2026-07-22 05:34:39] [INFO]   384.00 МБ / 785.22 МБ (48.9%) | Скорость: 5.51 МБ/с | Осталось: 1 мин 13 сек
[2026-07-22 05:34:44] [INFO]   416.00 МБ / 785.22 МБ (53.0%) | Скорость: 5.51 МБ/с | Осталось: 1 мин 7 сек
[2026-07-22 05:34:50] [INFO]   448.00 МБ / 785.22 МБ (57.1%) | Скорость: 5.51 МБ/с | Осталось: 1 мин 1 сек
[2026-07-22 05:34:56] [INFO]   480.00 МБ / 785.22 МБ (61.1%) | Скорость: 5.51 МБ/с | Осталось: 55 сек
[2026-07-22 05:35:02] [INFO]   512.00 МБ / 785.22 МБ (65.2%) | Скорость: 5.51 МБ/с | Осталось: 50 сек
[2026-07-22 05:35:07] [INFO]   544.00 МБ / 785.22 МБ (69.3%) | Скорость: 5.51 МБ/с | Осталось: 44 сек
[2026-07-22 05:35:13] [INFO]   576.00 МБ / 785.22 МБ (73.4%) | Скорость: 5.51 МБ/с | Осталось: 38 сек
[2026-07-22 05:35:19] [INFO]   608.00 МБ / 785.22 МБ (77.4%) | Скорость: 5.51 МБ/с | Осталось: 32 сек
[2026-07-22 05:35:25] [INFO]   640.00 МБ / 785.22 МБ (81.5%) | Скорость: 5.51 МБ/с | Осталось: 26 сек
[2026-07-22 05:35:31] [INFO]   672.00 МБ / 785.22 МБ (85.6%) | Скорость: 5.51 МБ/с | Осталось: 21 сек
[2026-07-22 05:35:36] [INFO]   704.00 МБ / 785.22 МБ (89.7%) | Скорость: 5.51 МБ/с | Осталось: 15 сек
[2026-07-22 05:35:42] [INFO]   736.00 МБ / 785.22 МБ (93.7%) | Скорость: 5.51 МБ/с | Осталось: 9 сек
[2026-07-22 05:35:48] [INFO]   768.00 МБ / 785.22 МБ (97.8%) | Скорость: 5.51 МБ/с | Осталось: 3 сек
[2026-07-22 05:35:50] [INFO]   785.22 МБ / 785.22 МБ (100.0%) | Скорость: 5.54 МБ/с | Осталось: 0 сек
[2026-07-22 05:35:50] [INFO] ✅ Файл скопирован за 2 мин 22 сек (средняя скорость: 5.54 МБ/с)
[2026-07-22 05:35:50] [INFO] 
📌 ШАГ 4: Разархивация
[2026-07-22 05:35:50] [INFO] ----------------------------------------
[2026-07-22 05:35:50] [INFO] 📦 Разархивация: \\10.12.101.40\Database_Backups\TRBOnet_6.3.0.bak.zip
[2026-07-22 05:35:50] [INFO]    Назначение: \\10.12.101.40\Database_Backups
[2026-07-22 05:37:07] [INFO]    Файлов в архиве: 1
[2026-07-22 05:37:07] [INFO]    Размер .bak-файла: 4.69 ГБ
[2026-07-22 05:37:07] [INFO]    Начало распаковки...
[2026-07-22 05:37:12] [INFO]   Прогресс: 1.1% | Скорость: 10.35 МБ/с | Осталось: 7 мин 39 сек
[2026-07-22 05:37:17] [INFO]   Прогресс: 2.2% | Скорость: 10.36 МБ/с | Осталось: 7 мин 33 сек
[2026-07-22 05:37:22] [INFO]   Прогресс: 3.3% | Скорость: 10.36 МБ/с | Осталось: 7 мин 28 сек
[2026-07-22 05:37:27] [INFO]   Прогресс: 4.3% | Скорость: 10.36 МБ/с | Осталось: 7 мин 23 сек
[2026-07-22 05:37:32] [INFO]   Прогресс: 5.4% | Скорость: 10.36 МБ/с | Осталось: 7 мин 18 сек
[2026-07-22 05:37:37] [INFO]   Прогресс: 6.5% | Скорость: 10.36 МБ/с | Осталось: 7 мин 13 сек
[2026-07-22 05:37:42] [INFO]   Прогресс: 7.6% | Скорость: 10.36 МБ/с | Осталось: 7 мин 8 сек
[2026-07-22 05:37:47] [INFO]   Прогресс: 8.7% | Скорость: 10.36 МБ/с | Осталось: 7 мин 3 сек
[2026-07-22 05:37:52] [INFO]   Прогресс: 9.8% | Скорость: 10.36 МБ/с | Осталось: 6 мин 58 сек
[2026-07-22 05:37:57] [INFO]   Прогресс: 10.8% | Скорость: 10.36 МБ/с | Осталось: 6 мин 53 сек
[2026-07-22 05:38:02] [INFO]   Прогресс: 11.9% | Скорость: 10.36 МБ/с | Осталось: 6 мин 48 сек
[2026-07-22 05:38:07] [INFO]   Прогресс: 13.0% | Скорость: 10.36 МБ/с | Осталось: 6 мин 43 сек
[2026-07-22 05:38:12] [INFO]   Прогресс: 14.1% | Скорость: 10.35 МБ/с | Осталось: 6 мин 38 сек
[2026-07-22 05:38:17] [INFO]   Прогресс: 15.2% | Скорость: 10.35 МБ/с | Осталось: 6 мин 33 сек
[2026-07-22 05:38:22] [INFO]   Прогресс: 16.3% | Скорость: 10.35 МБ/с | Осталось: 6 мин 28 сек
[2026-07-22 05:38:27] [INFO]   Прогресс: 17.3% | Скорость: 10.35 МБ/с | Осталось: 6 мин 23 сек
[2026-07-22 05:38:32] [INFO]   Прогресс: 18.4% | Скорость: 10.35 МБ/с | Осталось: 6 мин 18 сек
[2026-07-22 05:38:37] [INFO]   Прогресс: 19.5% | Скорость: 10.35 МБ/с | Осталось: 6 мин 13 сек
[2026-07-22 05:38:42] [INFO]   Прогресс: 20.6% | Скорость: 10.35 МБ/с | Осталось: 6 мин 8 сек
[2026-07-22 05:38:47] [INFO]   Прогресс: 21.7% | Скорость: 10.35 МБ/с | Осталось: 6 мин 3 сек
[2026-07-22 05:38:52] [INFO]   Прогресс: 22.8% | Скорость: 10.35 МБ/с | Осталось: 5 мин 58 сек
[2026-07-22 05:38:57] [INFO]   Прогресс: 23.8% | Скорость: 10.35 МБ/с | Осталось: 5 мин 53 сек
[2026-07-22 05:39:02] [INFO]   Прогресс: 24.9% | Скорость: 10.35 МБ/с | Осталось: 5 мин 48 сек
[2026-07-22 05:39:07] [INFO]   Прогресс: 26.0% | Скорость: 10.36 МБ/с | Осталось: 5 мин 43 сек
[2026-07-22 05:39:12] [INFO]   Прогресс: 27.1% | Скорость: 10.36 МБ/с | Осталось: 5 мин 38 сек
[2026-07-22 05:39:17] [INFO]   Прогресс: 28.2% | Скорость: 10.36 МБ/с | Осталось: 5 мин 33 сек
[2026-07-22 05:39:23] [INFO]   Прогресс: 29.3% | Скорость: 10.35 МБ/с | Осталось: 5 мин 28 сек
[2026-07-22 05:39:28] [INFO]   Прогресс: 30.3% | Скорость: 10.36 МБ/с | Осталось: 5 мин 23 сек
[2026-07-22 05:39:33] [INFO]   Прогресс: 31.4% | Скорость: 10.36 МБ/с | Осталось: 5 мин 18 сек
[2026-07-22 05:39:38] [INFO]   Прогресс: 32.5% | Скорость: 10.36 МБ/с | Осталось: 5 мин 13 сек
[2026-07-22 05:39:43] [INFO]   Прогресс: 33.6% | Скорость: 10.36 МБ/с | Осталось: 5 мин 8 сек
[2026-07-22 05:39:48] [INFO]   Прогресс: 34.7% | Скорость: 10.36 МБ/с | Осталось: 5 мин 3 сек
[2026-07-22 05:39:53] [INFO]   Прогресс: 35.8% | Скорость: 10.36 МБ/с | Осталось: 4 мин 58 сек
[2026-07-22 05:39:58] [INFO]   Прогресс: 36.8% | Скорость: 10.36 МБ/с | Осталось: 4 мин 53 сек
[2026-07-22 05:40:03] [INFO]   Прогресс: 37.9% | Скорость: 10.36 МБ/с | Осталось: 4 мин 48 сек
[2026-07-22 05:40:08] [INFO]   Прогресс: 39.0% | Скорость: 10.36 МБ/с | Осталось: 4 мин 43 сек
[2026-07-22 05:40:13] [INFO]   Прогресс: 40.1% | Скорость: 10.36 МБ/с | Осталось: 4 мин 38 сек
[2026-07-22 05:40:18] [INFO]   Прогресс: 41.2% | Скорость: 10.36 МБ/с | Осталось: 4 мин 33 сек
[2026-07-22 05:40:23] [INFO]   Прогресс: 42.3% | Скорость: 10.36 МБ/с | Осталось: 4 мин 27 сек
[2026-07-22 05:40:28] [INFO]   Прогресс: 43.3% | Скорость: 10.36 МБ/с | Осталось: 4 мин 22 сек
[2026-07-22 05:40:33] [INFO]   Прогресс: 44.4% | Скорость: 10.36 МБ/с | Осталось: 4 мин 17 сек
[2026-07-22 05:40:38] [INFO]   Прогресс: 45.5% | Скорость: 10.36 МБ/с | Осталось: 4 мин 12 сек
[2026-07-22 05:40:43] [INFO]   Прогресс: 46.6% | Скорость: 10.36 МБ/с | Осталось: 4 мин 7 сек
[2026-07-22 05:40:48] [INFO]   Прогресс: 47.7% | Скорость: 10.36 МБ/с | Осталось: 4 мин 2 сек
[2026-07-22 05:40:53] [INFO]   Прогресс: 48.8% | Скорость: 10.36 МБ/с | Осталось: 3 мин 57 сек
[2026-07-22 05:40:58] [INFO]   Прогресс: 49.8% | Скорость: 10.36 МБ/с | Осталось: 3 мин 52 сек
[2026-07-22 05:41:03] [INFO]   Прогресс: 50.9% | Скорость: 10.36 МБ/с | Осталось: 3 мин 47 сек
[2026-07-22 05:41:08] [INFO]   Прогресс: 52.0% | Скорость: 10.36 МБ/с | Осталось: 3 мин 42 сек
[2026-07-22 05:41:13] [INFO]   Прогресс: 53.1% | Скорость: 10.36 МБ/с | Осталось: 3 мин 37 сек
[2026-07-22 05:41:18] [INFO]   Прогресс: 54.2% | Скорость: 10.36 МБ/с | Осталось: 3 мин 32 сек
[2026-07-22 05:41:23] [INFO]   Прогресс: 55.3% | Скорость: 10.36 МБ/с | Осталось: 3 мин 27 сек
[2026-07-22 05:41:28] [INFO]   Прогресс: 56.3% | Скорость: 10.36 МБ/с | Осталось: 3 мин 22 сек
[2026-07-22 05:41:33] [INFO]   Прогресс: 57.4% | Скорость: 10.36 МБ/с | Осталось: 3 мин 17 сек
[2026-07-22 05:41:38] [INFO]   Прогресс: 58.5% | Скорость: 10.36 МБ/с | Осталось: 3 мин 12 сек
[2026-07-22 05:41:43] [INFO]   Прогресс: 59.6% | Скорость: 10.36 МБ/с | Осталось: 3 мин 7 сек
[2026-07-22 05:41:48] [INFO]   Прогресс: 60.7% | Скорость: 10.36 МБ/с | Осталось: 3 мин 2 сек
[2026-07-22 05:41:53] [INFO]   Прогресс: 61.8% | Скорость: 10.36 МБ/с | Осталось: 2 мин 57 сек
[2026-07-22 05:41:58] [INFO]   Прогресс: 62.8% | Скорость: 10.36 МБ/с | Осталось: 2 мин 52 сек
[2026-07-22 05:42:03] [INFO]   Прогресс: 63.9% | Скорость: 10.36 МБ/с | Осталось: 2 мин 47 сек
[2026-07-22 05:42:08] [INFO]   Прогресс: 65.0% | Скорость: 10.36 МБ/с | Осталось: 2 мин 42 сек
[2026-07-22 05:42:13] [INFO]   Прогресс: 66.1% | Скорость: 10.36 МБ/с | Осталось: 2 мин 37 сек
[2026-07-22 05:42:18] [INFO]   Прогресс: 67.2% | Скорость: 10.36 МБ/с | Осталось: 2 мин 32 сек
[2026-07-22 05:42:23] [INFO]   Прогресс: 68.3% | Скорость: 10.36 МБ/с | Осталось: 2 мин 27 сек
[2026-07-22 05:42:28] [INFO]   Прогресс: 69.3% | Скорость: 10.36 МБ/с | Осталось: 2 мин 22 сек
[2026-07-22 05:42:33] [INFO]   Прогресс: 70.4% | Скорость: 10.36 МБ/с | Осталось: 2 мин 17 сек
[2026-07-22 05:42:38] [INFO]   Прогресс: 71.5% | Скорость: 10.36 МБ/с | Осталось: 2 мин 12 сек
[2026-07-22 05:42:43] [INFO]   Прогресс: 72.6% | Скорость: 10.36 МБ/с | Осталось: 2 мин 7 сек
[2026-07-22 05:42:48] [INFO]   Прогресс: 73.7% | Скорость: 10.36 МБ/с | Осталось: 2 мин 2 сек
[2026-07-22 05:42:53] [INFO]   Прогресс: 74.8% | Скорость: 10.36 МБ/с | Осталось: 1 мин 57 сек
[2026-07-22 05:42:58] [INFO]   Прогресс: 75.8% | Скорость: 10.36 МБ/с | Осталось: 1 мин 52 сек
[2026-07-22 05:43:03] [INFO]   Прогресс: 76.9% | Скорость: 10.36 МБ/с | Осталось: 1 мин 47 сек
[2026-07-22 05:43:08] [INFO]   Прогресс: 78.0% | Скорость: 10.36 МБ/с | Осталось: 1 мин 42 сек
[2026-07-22 05:43:13] [INFO]   Прогресс: 79.1% | Скорость: 10.36 МБ/с | Осталось: 1 мин 37 сек
[2026-07-22 05:43:18] [INFO]   Прогресс: 80.2% | Скорость: 10.36 МБ/с | Осталось: 1 мин 32 сек
[2026-07-22 05:43:23] [INFO]   Прогресс: 81.3% | Скорость: 10.36 МБ/с | Осталось: 1 мин 27 сек
[2026-07-22 05:43:28] [INFO]   Прогресс: 82.3% | Скорость: 10.36 МБ/с | Осталось: 1 мин 22 сек
[2026-07-22 05:43:33] [INFO]   Прогресс: 83.4% | Скорость: 10.36 МБ/с | Осталось: 1 мин 17 сек
[2026-07-22 05:43:38] [INFO]   Прогресс: 84.5% | Скорость: 10.36 МБ/с | Осталось: 1 мин 12 сек
[2026-07-22 05:43:44] [INFO]   Прогресс: 85.6% | Скорость: 10.36 МБ/с | Осталось: 1 мин 7 сек
[2026-07-22 05:43:49] [INFO]   Прогресс: 86.7% | Скорость: 10.36 МБ/с | Осталось: 1 мин 2 сек
[2026-07-22 05:43:54] [INFO]   Прогресс: 87.8% | Скорость: 10.36 МБ/с | Осталось: 57 сек
[2026-07-22 05:43:59] [INFO]   Прогресс: 88.8% | Скорость: 10.36 МБ/с | Осталось: 52 сек
[2026-07-22 05:44:04] [INFO]   Прогресс: 89.9% | Скорость: 10.36 МБ/с | Осталось: 47 сек
[2026-07-22 05:44:09] [INFO]   Прогресс: 91.0% | Скорость: 10.36 МБ/с | Осталось: 42 сек
[2026-07-22 05:44:14] [INFO]   Прогресс: 92.1% | Скорость: 10.36 МБ/с | Осталось: 37 сек
[2026-07-22 05:44:19] [INFO]   Прогресс: 93.2% | Скорость: 10.36 МБ/с | Осталось: 32 сек
[2026-07-22 05:44:24] [INFO]   Прогресс: 94.3% | Скорость: 10.36 МБ/с | Осталось: 27 сек
[2026-07-22 05:44:29] [INFO]   Прогресс: 95.3% | Скорость: 10.36 МБ/с | Осталось: 22 сек
[2026-07-22 05:44:34] [INFO]   Прогресс: 96.4% | Скорость: 10.36 МБ/с | Осталось: 17 сек
[2026-07-22 05:44:39] [INFO]   Прогресс: 97.5% | Скорость: 10.36 МБ/с | Осталось: 12 сек
[2026-07-22 05:44:44] [INFO]   Прогресс: 98.6% | Скорость: 10.36 МБ/с | Осталось: 6 сек
[2026-07-22 05:44:49] [INFO]   Прогресс: 99.7% | Скорость: 10.36 МБ/с | Осталось: 1 сек
[2026-07-22 05:44:50] [INFO] ✅ Архив распакован за 7 мин 43 сек (средняя скорость: 10.36 МБ/с)
[2026-07-22 05:44:50] [INFO]    Найден .bak-файл: TRBOnet_6.3.0.bak (4.69 ГБ)
[2026-07-22 05:44:50] [INFO] 
📌 ШАГ 5: Подключение к SQL Server
[2026-07-22 05:44:50] [INFO] ----------------------------------------
[2026-07-22 05:44:50] [INFO] 🔌 Подключение к SQL Server: S0343\SQLEXPRESS
[2026-07-22 05:44:50] [INFO] ✅ Подключено к SQL Server
[2026-07-22 05:44:50] [INFO]    Версия: Microsoft SQL Server 2025
[2026-07-22 05:44:50] [INFO] 
📌 ШАГ 6: Восстановление базы данных
[2026-07-22 05:44:50] [INFO] ----------------------------------------
[2026-07-22 05:44:50] [INFO] 🔄 Восстановление базы данных TRBOnet_63_auto_script из TRBOnet_6.3.0.bak
[2026-07-22 05:44:50] [INFO]    Размер файла: 4.69 ГБ
[2026-07-22 05:44:50] [INFO]    autocommit включён
[2026-07-22 05:44:50] [INFO]    Получение информации о файлах из бэкапа...
[2026-07-22 05:44:51] [INFO]    Путь для SQL Server: C:\Database_Backups
[2026-07-22 05:44:51] [INFO]    Файл данных: TRBOnet → C:\Database_Backups\TRBOnet_63_auto_script.mdf
[2026-07-22 05:44:51] [INFO]    Файл лога: TRBOnet_log → C:\Database_Backups\TRBOnet_63_auto_script_log.ldf
[2026-07-22 05:44:51] [INFO]    .bak-файл для SQL Server: C:\Database_Backups\TRBOnet_6.3.0.bak
[2026-07-22 05:44:51] [INFO]    Проверка существования БД...
[2026-07-22 05:44:51] [INFO]    База данных TRBOnet_63_auto_script уже существует (state=0)
[2026-07-22 05:44:51] [INFO]    Попытка удалить БД...
[2026-07-22 05:44:51] [WARNING]    Не удалось удалить БД: ('42000', '[42000] [Microsoft][ODBC Driver 18 for SQL Server][SQL Server]Unable to open the physical file "C:\\Database_Backups\\TRBOnet_63_auto_script.mdf". Operating system error 2: "2(The system cannot find the file specified.)". (5120) (SQLExecDirectW); [42000] [Microsoft][ODBC Driver 18 for SQL Server][SQL Server]Unable to open the physical file "C:\\Database_Backups\\TRBOnet_63_auto_script.mdf". Operating system error 2: "2(The system cannot find the file specified.)". (5120); [42000] [Microsoft][ODBC Driver 18 for SQL Server][SQL Server]Could not restart database "TRBOnet_63_auto_script". Reverting to the previous status. (5181); [42000] [Microsoft][ODBC Driver 18 for SQL Server][SQL Server]ALTER DATABASE statement failed. (5069); [42000] [Microsoft][ODBC Driver 18 for SQL Server][SQL Server]File activation failure. The physical file name "C:\\Database_Backups\\TRBOnet_63_auto_script_log.ldf" may be incorrect. (5111); [42000] [Microsoft][ODBC Driver 18 for SQL Server][SQL Server]File activation failure. The physical file name "C:\\Database_Backups\\TRBOnet_63_auto_script_log.ldf" may be incorrect. (5111)')
[2026-07-22 05:44:51] [INFO]    Выполнение восстановления (это может занять длительное время)...
[2026-07-22 05:44:51] [INFO]    ✅ Команда RESTORE отправлена
[2026-07-22 05:44:51] [INFO]    Ожидание завершения восстановления...
[2026-07-22 05:44:56] [INFO]    ✅ База данных восстановлена за 6 сек
[2026-07-22 05:44:56] [INFO] ✅ База данных TRBOnet_63_auto_script восстановлена за 6 сек
[2026-07-22 05:44:56] [INFO]    ✅ База данных переведена в MULTI_USER
[2026-07-22 05:44:56] [INFO] ✅ База данных TRBOnet_63_auto_script успешно восстановлена
[2026-07-22 05:44:56] [INFO] 
📌 ШАГ 7: Очистка отключена
[2026-07-22 05:44:56] [INFO]    Файлы оставлены:
[2026-07-22 05:44:56] [INFO]    - \\10.12.101.40\Database_Backups\TRBOnet_6.3.0.bak.zip
[2026-07-22 05:44:56] [INFO]    - \\10.12.101.40\Database_Backups\TRBOnet_6.3.0.bak
[2026-07-22 05:44:56] [INFO] 
================================================================================
[2026-07-22 05:44:56] [INFO] ✅ БАЗА ДАННЫХ ВОССТАНОВЛЕНА: TRBOnet_63_auto_script
[2026-07-22 05:44:56] [INFO] ================================================================================
[2026-07-22 05:44:56] [INFO]    SQL Server: S0343\SQLEXPRESS
[2026-07-22 05:44:56] [INFO]    Время начала: 2026-07-22 05:33:29
[2026-07-22 05:44:56] [INFO]    Время окончания: 2026-07-22 05:44:56
[2026-07-22 05:44:56] [INFO]    Общее время: 11 мин 28 сек
[2026-07-22 05:44:56] [INFO] ================================================================================
[2026-07-23 02:50:39] [INFO] ================================================================================
[2026-07-23 02:50:39] [INFO] 🚀 ВОССТАНОВЛЕНИЕ БАЗЫ ДАННЫХ ИЗ СЕТЕВОГО ПУТИ
[2026-07-23 02:50:39] [INFO] ================================================================================
[2026-07-23 02:50:39] [INFO] 📋 Параметры:
[2026-07-23 02:50:39] [INFO]    Архив: \\nsshare.trbonet.com\Share\Tester_common\bd_for_test\!bd_migration\bd_6.2.0\bd_6.2.0.zip
[2026-07-23 02:50:39] [INFO]    База данных: TRBOnet_63_auto_script
[2026-07-23 02:50:39] [INFO]    Путь для данных: C:\Database_Backups
[2026-07-23 02:50:39] [INFO]    SQL Server: S0343\SQLEXPRESS
[2026-07-23 02:50:39] [INFO]    Очистка .bak: Да
[2026-07-23 02:50:39] [INFO] ================================================================================
[2026-07-23 02:50:39] [INFO] 
📌 ШАГ 1: Распаковка архива в сетевой папке
[2026-07-23 02:50:39] [INFO] ----------------------------------------
[2026-07-23 02:50:39] [INFO] 📦 Распаковка архива: \\nsshare.trbonet.com\Share\Tester_common\bd_for_test\!bd_migration\bd_6.2.0\bd_6.2.0.zip
[2026-07-23 02:50:39] [ERROR] ❌ Архив не найден: \\nsshare.trbonet.com\Share\Tester_common\bd_for_test\!bd_migration\bd_6.2.0\bd_6.2.0.zip
[2026-07-23 02:51:29] [INFO] ================================================================================
[2026-07-23 02:51:29] [INFO] 🚀 ВОССТАНОВЛЕНИЕ БАЗЫ ДАННЫХ ИЗ СЕТЕВОГО ПУТИ
[2026-07-23 02:51:29] [INFO] ================================================================================
[2026-07-23 02:51:29] [INFO] 📋 Параметры:
[2026-07-23 02:51:29] [INFO]    Архив: \\nsshare.trbonet.com\Share\Tester_common\bd_for_test\!bd_migration\bd_6.2.0\bd_6.2.0.zip
[2026-07-23 02:51:29] [INFO]    База данных: TRBOnet_62_auto_script
[2026-07-23 02:51:29] [INFO]    Путь для данных: C:\Database_Backups
[2026-07-23 02:51:29] [INFO]    SQL Server: S0343\SQLEXPRESS
[2026-07-23 02:51:29] [INFO]    Очистка .bak: Да
[2026-07-23 02:51:29] [INFO] ================================================================================
[2026-07-23 02:51:29] [INFO] 
📌 ШАГ 1: Распаковка архива в сетевой папке
[2026-07-23 02:51:29] [INFO] ----------------------------------------
[2026-07-23 02:51:29] [INFO] 📦 Распаковка архива: \\nsshare.trbonet.com\Share\Tester_common\bd_for_test\!bd_migration\bd_6.2.0\bd_6.2.0.zip
[2026-07-23 02:51:29] [ERROR] ❌ Архив не найден: \\nsshare.trbonet.com\Share\Tester_common\bd_for_test\!bd_migration\bd_6.2.0\bd_6.2.0.zip
[2026-07-23 02:53:09] [INFO] ================================================================================
[2026-07-23 02:53:09] [INFO] 🚀 ВОССТАНОВЛЕНИЕ БАЗЫ ДАННЫХ ИЗ СЕТЕВОГО ПУТИ
[2026-07-23 02:53:09] [INFO] ================================================================================
[2026-07-23 02:53:09] [INFO] 📋 Параметры:
[2026-07-23 02:53:09] [INFO]    Архив: \\nsshare.trbonet.com\Share\Tester_common\bd_for_test\!bd_migration\bd_6.2.0\bd_6.2.0.zip
[2026-07-23 02:53:09] [INFO]    База данных: TRBOnet_62_auto_script
[2026-07-23 02:53:09] [INFO]    Путь для данных: C:\Database_Backups
[2026-07-23 02:53:09] [INFO]    SQL Server: S0343\SQLEXPRESS
[2026-07-23 02:53:09] [INFO]    Очистка .bak: Да
[2026-07-23 02:53:09] [INFO] ================================================================================
[2026-07-23 02:53:09] [INFO] 
📌 ШАГ 1: Распаковка архива в сетевой папке
[2026-07-23 02:53:09] [INFO] ----------------------------------------
[2026-07-23 02:53:09] [INFO] 📦 Распаковка архива: \\nsshare.trbonet.com\Share\Tester_common\bd_for_test\!bd_migration\bd_6.2.0\bd_6.2.0.zip
[2026-07-23 02:53:09] [ERROR] ❌ Архив не найден: \\nsshare.trbonet.com\Share\Tester_common\bd_for_test\!bd_migration\bd_6.2.0\bd_6.2.0.zip
[2026-07-23 02:54:23] [INFO] ================================================================================
[2026-07-23 02:54:23] [INFO] 🚀 ВОССТАНОВЛЕНИЕ БАЗЫ ДАННЫХ ИЗ СЕТЕВОГО ПУТИ
[2026-07-23 02:54:23] [INFO] ================================================================================
[2026-07-23 02:54:23] [INFO] 📋 Параметры:
[2026-07-23 02:54:23] [INFO]    Архив: \\nsshare.trbonet.com\Share\Tester_common\bd_for_test\!bd_migration\bd_6.2.0\bd_6.2.0.zip
[2026-07-23 02:54:23] [INFO]    База данных: TRBOnet_62_auto_script
[2026-07-23 02:54:23] [INFO]    Путь для данных: C:\Database_Backups
[2026-07-23 02:54:23] [INFO]    SQL Server: S0343\SQLEXPRESS
[2026-07-23 02:54:23] [INFO]    Очистка .bak: Да
[2026-07-23 02:54:23] [INFO] ================================================================================
[2026-07-23 02:54:23] [INFO] 
📌 ШАГ 1: Распаковка архива в сетевой папке
[2026-07-23 02:54:23] [INFO] ----------------------------------------
[2026-07-23 02:54:23] [INFO] 📦 Распаковка архива: \\nsshare.trbonet.com\Share\Tester_common\bd_for_test\!bd_migration\bd_6.2.0\bd_6.2.0.zip
[2026-07-23 02:54:23] [ERROR] ❌ Архив не найден: \\nsshare.trbonet.com\Share\Tester_common\bd_for_test\!bd_migration\bd_6.2.0\bd_6.2.0.zip
[2026-07-23 02:57:58] [INFO] ================================================================================
[2026-07-23 02:57:58] [INFO] 🚀 ВОССТАНОВЛЕНИЕ БАЗЫ ДАННЫХ ИЗ СЕТЕВОГО ПУТИ
[2026-07-23 02:57:58] [INFO] ================================================================================
[2026-07-23 02:57:58] [INFO] 📋 Параметры:
[2026-07-23 02:57:58] [INFO]    Архив: \\nsshare.trbonet.com\Share\Tester_common\bd_for_test\!bd_migration\bd_6.2.0\bd_6.2.0.zip
[2026-07-23 02:57:58] [INFO]    База данных: TRBOnet_62_auto_script
[2026-07-23 02:57:58] [INFO]    Путь для данных: C:\Database_Backups
[2026-07-23 02:57:58] [INFO]    SQL Server: S0343\SQLEXPRESS
[2026-07-23 02:57:58] [INFO]    Очистка .bak: Да
[2026-07-23 02:57:58] [INFO] ================================================================================
[2026-07-23 02:57:58] [INFO] 
📌 ШАГ 1: Распаковка архива в сетевой папке
[2026-07-23 02:57:58] [INFO] ----------------------------------------
[2026-07-23 02:57:58] [INFO] 📦 Распаковка архива: \\nsshare.trbonet.com\Share\Tester_common\bd_for_test\!bd_migration\bd_6.2.0\bd_6.2.0.zip
[2026-07-23 02:57:58] [ERROR] ❌ Архив не найден: \\nsshare.trbonet.com\Share\Tester_common\bd_for_test\!bd_migration\bd_6.2.0\bd_6.2.0.zip
[2026-07-23 02:58:58] [INFO] ================================================================================
[2026-07-23 02:58:58] [INFO] 🚀 ВОССТАНОВЛЕНИЕ БАЗЫ ДАННЫХ ИЗ СЕТЕВОГО ПУТИ
[2026-07-23 02:58:58] [INFO] ================================================================================
[2026-07-23 02:58:58] [INFO] 📋 Параметры:
[2026-07-23 02:58:58] [INFO]    Архив: \\nsshare.trbonet.com\Share\Tester_common\bd_for_test\!bd_migration\bd_6.2.0\bd_6.2.0.zip
[2026-07-23 02:58:58] [INFO]    База данных: TRBOnet_62_auto_script
[2026-07-23 02:58:58] [INFO]    Путь для данных: C:\Database_Backups
[2026-07-23 02:58:58] [INFO]    SQL Server: S0343\SQLEXPRESS
[2026-07-23 02:58:58] [INFO]    Очистка .bak: Да
[2026-07-23 02:58:58] [INFO] ================================================================================
[2026-07-23 02:58:58] [INFO] 
📌 ШАГ 1: Распаковка архива в сетевой папке
[2026-07-23 02:58:58] [INFO] ----------------------------------------
[2026-07-23 02:58:58] [INFO] 📦 Распаковка архива: \\nsshare.trbonet.com\Share\Tester_common\bd_for_test\!bd_migration\bd_6.2.0\bd_6.2.0.zip
[2026-07-23 02:58:58] [ERROR] ❌ Архив не найден: \\nsshare.trbonet.com\Share\Tester_common\bd_for_test\!bd_migration\bd_6.2.0\bd_6.2.0.zip
[2026-07-23 03:02:25] [INFO] ================================================================================
[2026-07-23 03:02:25] [INFO] 🚀 ВОССТАНОВЛЕНИЕ БАЗЫ ДАННЫХ ИЗ СЕТЕВОГО ПУТИ
[2026-07-23 03:02:25] [INFO] ================================================================================
[2026-07-23 03:02:25] [INFO] 📋 Параметры:
[2026-07-23 03:02:25] [INFO]    Архив: \\nsshare.trbonet.com\Share\Tester_common\bd_for_test\!bd_migration\bd_6.2.0\bd_6.2.0.zip
[2026-07-23 03:02:25] [INFO]    База данных: TRBOnet_62_auto_script
[2026-07-23 03:02:25] [INFO]    Путь для данных: C:\Database_Backups
[2026-07-23 03:02:25] [INFO]    SQL Server: S0343\SQLEXPRESS
[2026-07-23 03:02:25] [INFO]    Очистка .bak: Да
[2026-07-23 03:02:25] [INFO]    Сетевой пользователь: TRBONET\\u.test
[2026-07-23 03:02:25] [INFO] ================================================================================
[2026-07-23 03:02:25] [INFO] 
📌 ШАГ 0: Подключение к сетевой папке
[2026-07-23 03:02:25] [INFO] ----------------------------------------
[2026-07-23 03:02:25] [INFO] 🔗 Подключение к сетевой папке: \\nsshare.trbonet.com\Share\Tester_common\bd_for_test\!bd_migration\bd_6.2.0
[2026-07-23 03:02:25] [INFO]    Очистка старых подключений...
[2026-07-23 03:02:27] [ERROR] ❌ Ошибка: The user context supplied is invalid.

More help is available by typing NET HELPMSG 3775.
[2026-07-23 03:02:27] [WARNING] ⚠️ Не удалось подключить сетевую папку, но продолжаем...
[2026-07-23 03:02:27] [INFO] 
📌 ШАГ 1: Распаковка архива в сетевой папке
[2026-07-23 03:02:27] [INFO] ----------------------------------------
[2026-07-23 03:02:27] [INFO] 📦 Распаковка архива: \\nsshare.trbonet.com\Share\Tester_common\bd_for_test\!bd_migration\bd_6.2.0\bd_6.2.0.zip
[2026-07-23 03:02:27] [ERROR] ❌ Архив не найден: \\nsshare.trbonet.com\Share\Tester_common\bd_for_test\!bd_migration\bd_6.2.0\bd_6.2.0.zip
[2026-07-23 03:05:33] [INFO] ================================================================================
[2026-07-23 03:05:33] [INFO] 🚀 ВОССТАНОВЛЕНИЕ БАЗЫ ДАННЫХ ИЗ СЕТЕВОГО ПУТИ
[2026-07-23 03:05:33] [INFO] ================================================================================
[2026-07-23 03:05:33] [INFO] 📋 Параметры:
[2026-07-23 03:05:33] [INFO]    Архив: \\nsshare.trbonet.com\Share\Tester_common\bd_for_test\!bd_migration\bd_6.2.0\bd_6.2.0.zip
[2026-07-23 03:05:33] [INFO]    База данных: TRBOnet_62_auto_script
[2026-07-23 03:05:33] [INFO]    Путь для данных: C:\Database_Backups
[2026-07-23 03:05:33] [INFO]    SQL Server: S0343\SQLEXPRESS
[2026-07-23 03:05:33] [INFO]    Очистка .bak: Да
[2026-07-23 03:05:33] [INFO]    Сетевой пользователь: TRBONET\u.test
[2026-07-23 03:05:33] [INFO] ================================================================================
[2026-07-23 03:05:33] [INFO] 
📌 ШАГ 0: Подключение к сетевой папке
[2026-07-23 03:05:33] [INFO] ----------------------------------------
[2026-07-23 03:05:33] [INFO] 🔗 Подключение к сетевой папке: \\nsshare.trbonet.com\Share\Tester_common\bd_for_test\!bd_migration\bd_6.2.0
[2026-07-23 03:05:33] [INFO]    Очистка старых подключений...
[2026-07-23 03:05:34] [INFO] ✅ ✅ Сетевой диск Z: подключен
[2026-07-23 03:05:34] [INFO] 
📌 ШАГ 1: Распаковка архива в сетевой папке
[2026-07-23 03:05:34] [INFO] ----------------------------------------
[2026-07-23 03:05:34] [INFO] 📦 Распаковка архива: \\nsshare.trbonet.com\Share\Tester_common\bd_for_test\!bd_migration\bd_6.2.0\bd_6.2.0.zip
[2026-07-23 03:05:34] [INFO]    Размер архива: 782.36 МБ
[2026-07-23 03:06:51] [ERROR] ❌ В архиве не найдено .bak-файлов
[2026-07-23 03:13:42] [INFO] ================================================================================
[2026-07-23 03:13:42] [INFO] 🚀 ВОССТАНОВЛЕНИЕ БАЗЫ ДАННЫХ ИЗ СЕТЕВОГО ПУТИ
[2026-07-23 03:13:42] [INFO] ================================================================================
[2026-07-23 03:13:42] [INFO] 📋 Параметры:
[2026-07-23 03:13:42] [INFO]    Архив: \\nsshare.trbonet.com\Share\Tester_common\bd_for_test\!bd_migration\bd_6.4\TRBOnet_6.4.zip
[2026-07-23 03:13:42] [INFO]    База данных: TRBOnet_64_auto_script
[2026-07-23 03:13:42] [INFO]    Путь для данных: C:\Database_Backups
[2026-07-23 03:13:42] [INFO]    SQL Server: S0343\SQLEXPRESS
[2026-07-23 03:13:42] [INFO]    Очистка .bak: Да
[2026-07-23 03:13:42] [INFO]    Сетевой пользователь: TRBONET\u.test
[2026-07-23 03:13:42] [INFO] ================================================================================
[2026-07-23 03:13:42] [INFO] 
📌 ШАГ 0: Подключение к сетевой папке
[2026-07-23 03:13:42] [INFO] ----------------------------------------
[2026-07-23 03:13:42] [INFO] 🔗 Подключение к сетевой папке: \\nsshare.trbonet.com\Share\Tester_common\bd_for_test\!bd_migration\bd_6.4
[2026-07-23 03:13:42] [INFO]    Очистка старых подключений...
[2026-07-23 03:13:42] [INFO] ✅ ✅ Сетевой диск Z: подключен
[2026-07-23 03:13:42] [INFO] 
📌 ШАГ 1: Распаковка архива в сетевой папке
[2026-07-23 03:13:42] [INFO] ----------------------------------------
[2026-07-23 03:13:42] [INFO] 📦 Распаковка архива: \\nsshare.trbonet.com\Share\Tester_common\bd_for_test\!bd_migration\bd_6.4\TRBOnet_6.4.zip
[2026-07-23 03:13:42] [INFO]    Размер архива: 809.73 МБ
[2026-07-23 03:15:01] [INFO]    Распаковка TRBOnet_6.4.bak...
[2026-07-23 03:15:06] [INFO]       Прогресс: 1.1% | Скорость: 10.03 МБ/с | Осталось: 7 мин 56 сек
[2026-07-23 03:15:11] [INFO]       Прогресс: 2.1% | Скорость: 10.10 МБ/с | Осталось: 7 мин 48 сек
[2026-07-23 03:15:16] [INFO]       Прогресс: 3.2% | Скорость: 10.11 МБ/с | Осталось: 7 мин 43 сек
[2026-07-23 03:15:21] [INFO]       Прогресс: 4.2% | Скорость: 10.11 МБ/с | Осталось: 7 мин 38 сек
[2026-07-23 03:15:26] [INFO]       Прогресс: 5.3% | Скорость: 10.12 МБ/с | Осталось: 7 мин 32 сек
[2026-07-23 03:15:31] [INFO]       Прогресс: 6.3% | Скорость: 10.12 МБ/с | Осталось: 7 мин 27 сек
[2026-07-23 03:15:36] [INFO]       Прогресс: 7.4% | Скорость: 10.12 МБ/с | Осталось: 7 мин 22 сек
[2026-07-23 03:15:41] [INFO]       Прогресс: 8.4% | Скорость: 10.12 МБ/с | Осталось: 7 мин 17 сек
[2026-07-23 03:15:46] [INFO]       Прогресс: 9.5% | Скорость: 10.11 МБ/с | Осталось: 7 мин 12 сек
[2026-07-23 03:15:51] [INFO]       Прогресс: 10.6% | Скорость: 10.11 МБ/с | Осталось: 7 мин 8 сек
[2026-07-23 03:15:56] [INFO]       Прогресс: 11.6% | Скорость: 10.10 МБ/с | Осталось: 7 мин 3 сек
[2026-07-23 03:16:01] [INFO]       Прогресс: 12.7% | Скорость: 10.10 МБ/с | Осталось: 6 мин 58 сек
[2026-07-23 03:16:07] [INFO]       Прогресс: 13.7% | Скорость: 10.10 МБ/с | Осталось: 6 мин 53 сек
[2026-07-23 03:16:12] [INFO]       Прогресс: 14.8% | Скорость: 10.10 МБ/с | Осталось: 6 мин 48 сек
[2026-07-23 03:16:17] [INFO]       Прогресс: 15.8% | Скорость: 10.10 МБ/с | Осталось: 6 мин 43 сек
[2026-07-23 03:16:22] [INFO]       Прогресс: 16.9% | Скорость: 10.09 МБ/с | Осталось: 6 мин 38 сек
[2026-07-23 03:16:27] [INFO]       Прогресс: 17.9% | Скорость: 10.10 МБ/с | Осталось: 6 мин 33 сек
[2026-07-23 03:16:32] [INFO]       Прогресс: 19.0% | Скорость: 10.10 МБ/с | Осталось: 6 мин 28 сек
[2026-07-23 03:16:37] [INFO]       Прогресс: 20.1% | Скорость: 10.10 МБ/с | Осталось: 6 мин 23 сек
[2026-07-23 03:16:42] [INFO]       Прогресс: 21.1% | Скорость: 10.09 МБ/с | Осталось: 6 мин 18 сек
[2026-07-23 03:16:47] [INFO]       Прогресс: 22.1% | Скорость: 10.09 МБ/с | Осталось: 6 мин 13 сек
[2026-07-23 03:16:52] [INFO]       Прогресс: 23.2% | Скорость: 10.09 МБ/с | Осталось: 6 мин 8 сек
[2026-07-23 03:16:57] [INFO]       Прогресс: 24.2% | Скорость: 10.08 МБ/с | Осталось: 6 мин 3 сек
[2026-07-23 03:17:02] [INFO]       Прогресс: 25.3% | Скорость: 10.08 МБ/с | Осталось: 5 мин 58 сек
[2026-07-23 03:17:07] [INFO]       Прогресс: 26.3% | Скорость: 10.09 МБ/с | Осталось: 5 мин 53 сек
[2026-07-23 03:17:12] [INFO]       Прогресс: 27.4% | Скорость: 10.09 МБ/с | Осталось: 5 мин 48 сек
[2026-07-23 03:17:17] [INFO]       Прогресс: 28.5% | Скорость: 10.09 МБ/с | Осталось: 5 мин 42 сек
[2026-07-23 03:17:22] [INFO]       Прогресс: 29.5% | Скорость: 10.09 МБ/с | Осталось: 5 мин 38 сек
[2026-07-23 03:17:27] [INFO]       Прогресс: 30.5% | Скорость: 10.09 МБ/с | Осталось: 5 мин 33 сек
[2026-07-23 03:17:32] [INFO]       Прогресс: 31.6% | Скорость: 10.09 МБ/с | Осталось: 5 мин 27 сек
[2026-07-23 03:17:37] [INFO]       Прогресс: 32.7% | Скорость: 10.09 МБ/с | Осталось: 5 мин 22 сек
[2026-07-23 03:17:42] [INFO]       Прогресс: 33.7% | Скорость: 10.09 МБ/с | Осталось: 5 мин 17 сек
[2026-07-23 03:17:47] [INFO]       Прогресс: 34.8% | Скорость: 10.09 МБ/с | Осталось: 5 мин 12 сек
[2026-07-23 03:17:52] [INFO]       Прогресс: 35.8% | Скорость: 10.09 МБ/с | Осталось: 5 мин 7 сек
[2026-07-23 03:17:57] [INFO]       Прогресс: 36.9% | Скорость: 10.09 МБ/с | Осталось: 5 мин 2 сек
[2026-07-23 03:18:02] [INFO]       Прогресс: 37.9% | Скорость: 10.09 МБ/с | Осталось: 4 мин 57 сек
[2026-07-23 03:18:07] [INFO]       Прогресс: 39.0% | Скорость: 10.09 МБ/с | Осталось: 4 мин 52 сек
[2026-07-23 03:18:12] [INFO]       Прогресс: 40.0% | Скорость: 10.09 МБ/с | Осталось: 4 мин 47 сек
[2026-07-23 03:18:18] [INFO]       Прогресс: 41.1% | Скорость: 10.09 МБ/с | Осталось: 4 мин 42 сек
[2026-07-23 03:18:23] [INFO]       Прогресс: 42.1% | Скорость: 10.07 МБ/с | Осталось: 4 мин 38 сек
[2026-07-23 03:18:28] [INFO]       Прогресс: 43.1% | Скорость: 10.08 МБ/с | Осталось: 4 мин 33 сек
[2026-07-23 03:18:33] [INFO]       Прогресс: 44.2% | Скорость: 10.07 МБ/с | Осталось: 4 мин 28 сек
[2026-07-23 03:18:38] [INFO]       Прогресс: 45.2% | Скорость: 10.08 МБ/с | Осталось: 4 мин 23 сек
[2026-07-23 03:18:43] [INFO]       Прогресс: 46.3% | Скорость: 10.08 МБ/с | Осталось: 4 мин 18 сек
[2026-07-23 03:18:48] [INFO]       Прогресс: 47.3% | Скорость: 10.08 МБ/с | Осталось: 4 мин 13 сек
[2026-07-23 03:18:53] [INFO]       Прогресс: 48.4% | Скорость: 10.08 МБ/с | Осталось: 4 мин 7 сек
[2026-07-23 03:18:58] [INFO]       Прогресс: 49.4% | Скорость: 10.08 МБ/с | Осталось: 4 мин 2 сек
[2026-07-23 03:19:03] [INFO]       Прогресс: 50.5% | Скорость: 10.08 МБ/с | Осталось: 3 мин 57 сек
[2026-07-23 03:19:08] [INFO]       Прогресс: 51.6% | Скорость: 10.08 МБ/с | Осталось: 3 мин 52 сек
[2026-07-23 03:19:13] [INFO]       Прогресс: 52.6% | Скорость: 10.08 МБ/с | Осталось: 3 мин 47 сек
[2026-07-23 03:19:18] [INFO]       Прогресс: 53.7% | Скорость: 10.08 МБ/с | Осталось: 3 мин 42 сек
[2026-07-23 03:19:23] [INFO]       Прогресс: 54.7% | Скорость: 10.08 МБ/с | Осталось: 3 мин 37 сек
[2026-07-23 03:19:28] [INFO]       Прогресс: 55.8% | Скорость: 10.08 МБ/с | Осталось: 3 мин 32 сек
[2026-07-23 03:19:33] [INFO]       Прогресс: 56.8% | Скорость: 10.08 МБ/с | Осталось: 3 мин 27 сек
[2026-07-23 03:19:38] [INFO]       Прогресс: 57.9% | Скорость: 10.08 МБ/с | Осталось: 3 мин 22 сек
[2026-07-23 03:19:43] [INFO]       Прогресс: 58.9% | Скорость: 10.08 МБ/с | Осталось: 3 мин 17 сек
[2026-07-23 03:19:48] [INFO]       Прогресс: 60.0% | Скорость: 10.08 МБ/с | Осталось: 3 мин 12 сек
[2026-07-23 03:19:53] [INFO]       Прогресс: 61.1% | Скорость: 10.08 МБ/с | Осталось: 3 мин 7 сек
[2026-07-23 03:19:58] [INFO]       Прогресс: 62.1% | Скорость: 10.08 МБ/с | Осталось: 3 мин 2 сек
[2026-07-23 03:20:03] [INFO]       Прогресс: 63.2% | Скорость: 10.08 МБ/с | Осталось: 2 мин 56 сек
[2026-07-23 03:20:09] [INFO]       Прогресс: 64.2% | Скорость: 10.09 МБ/с | Осталось: 2 мин 51 сек
[2026-07-23 03:20:14] [INFO]       Прогресс: 65.2% | Скорость: 10.08 МБ/с | Осталось: 2 мин 47 сек
[2026-07-23 03:20:19] [INFO]       Прогресс: 66.3% | Скорость: 10.08 МБ/с | Осталось: 2 мин 42 сек
[2026-07-23 03:20:24] [INFO]       Прогресс: 67.3% | Скорость: 10.08 МБ/с | Осталось: 2 мин 37 сек
[2026-07-23 03:20:29] [INFO]       Прогресс: 68.4% | Скорость: 10.08 МБ/с | Осталось: 2 мин 32 сек
[2026-07-23 03:20:34] [INFO]       Прогресс: 69.4% | Скорость: 10.08 МБ/с | Осталось: 2 мин 27 сек
[2026-07-23 03:20:39] [INFO]       Прогресс: 70.5% | Скорость: 10.08 МБ/с | Осталось: 2 мин 21 сек
[2026-07-23 03:20:44] [INFO]       Прогресс: 71.6% | Скорость: 10.08 МБ/с | Осталось: 2 мин 16 сек
[2026-07-23 03:20:49] [INFO]       Прогресс: 72.6% | Скорость: 10.08 МБ/с | Осталось: 2 мин 11 сек
[2026-07-23 03:20:54] [INFO]       Прогресс: 73.6% | Скорость: 10.08 МБ/с | Осталось: 2 мин 6 сек
[2026-07-23 03:20:59] [INFO]       Прогресс: 74.7% | Скорость: 10.08 МБ/с | Осталось: 2 мин 1 сек
[2026-07-23 03:21:04] [INFO]       Прогресс: 75.8% | Скорость: 10.08 МБ/с | Осталось: 1 мин 56 сек
[2026-07-23 03:21:09] [INFO]       Прогресс: 76.8% | Скорость: 10.08 МБ/с | Осталось: 1 мин 51 сек
[2026-07-23 03:21:14] [INFO]       Прогресс: 77.8% | Скорость: 10.08 МБ/с | Осталось: 1 мин 46 сек
[2026-07-23 03:21:19] [INFO]       Прогресс: 78.9% | Скорость: 10.08 МБ/с | Осталось: 1 мин 41 сек
[2026-07-23 03:21:24] [INFO]       Прогресс: 80.0% | Скорость: 10.08 МБ/с | Осталось: 1 мин 36 сек
[2026-07-23 03:21:29] [INFO]       Прогресс: 81.0% | Скорость: 10.08 МБ/с | Осталось: 1 мин 31 сек
[2026-07-23 03:21:34] [INFO]       Прогресс: 82.1% | Скорость: 10.08 МБ/с | Осталось: 1 мин 26 сек
[2026-07-23 03:21:39] [INFO]       Прогресс: 83.1% | Скорость: 10.08 МБ/с | Осталось: 1 мин 21 сек
[2026-07-23 03:21:44] [INFO]       Прогресс: 84.2% | Скорость: 10.08 МБ/с | Осталось: 1 мин 16 сек
[2026-07-23 03:21:49] [INFO]       Прогресс: 85.2% | Скорость: 10.08 МБ/с | Осталось: 1 мин 11 сек
[2026-07-23 03:21:54] [INFO]       Прогресс: 86.2% | Скорость: 10.07 МБ/с | Осталось: 1 мин 6 сек
[2026-07-23 03:21:59] [INFO]       Прогресс: 87.3% | Скорость: 10.07 МБ/с | Осталось: 1 мин 1 сек
[2026-07-23 03:22:04] [INFO]       Прогресс: 88.3% | Скорость: 10.07 МБ/с | Осталось: 56 сек
[2026-07-23 03:22:09] [INFO]       Прогресс: 89.3% | Скорость: 10.07 МБ/с | Осталось: 51 сек
[2026-07-23 03:22:14] [INFO]       Прогресс: 90.3% | Скорость: 10.07 МБ/с | Осталось: 46 сек
[2026-07-23 03:22:20] [INFO]       Прогресс: 91.4% | Скорость: 10.07 МБ/с | Осталось: 41 сек
[2026-07-23 03:22:25] [INFO]       Прогресс: 92.5% | Скорость: 10.07 МБ/с | Осталось: 36 сек
[2026-07-23 03:22:30] [INFO]       Прогресс: 93.5% | Скорость: 10.07 МБ/с | Осталось: 31 сек
[2026-07-23 03:22:35] [INFO]       Прогресс: 94.6% | Скорость: 10.07 МБ/с | Осталось: 26 сек
[2026-07-23 03:22:40] [INFO]       Прогресс: 95.6% | Скорость: 10.07 МБ/с | Осталось: 21 сек
[2026-07-23 03:22:45] [INFO]       Прогресс: 96.7% | Скорость: 10.07 МБ/с | Осталось: 16 сек
[2026-07-23 03:22:50] [INFO]       Прогресс: 97.7% | Скорость: 10.07 МБ/с | Осталось: 11 сек
[2026-07-23 03:22:55] [INFO]       Прогресс: 98.8% | Скорость: 10.07 МБ/с | Осталось: 6 сек
[2026-07-23 03:23:00] [INFO]       Прогресс: 99.8% | Скорость: 10.07 МБ/с | Осталось: 1 сек
[2026-07-23 03:23:01] [INFO] ✅ ✅ Архив распакован за 7 мин 60 сек (средняя скорость: 10.07 МБ/с)
[2026-07-23 03:23:01] [INFO]    .bak файл: TRBOnet_6.4.bak (4.72 ГБ)
[2026-07-23 03:23:01] [INFO] 
📌 ШАГ 2: Восстановление базы данных
[2026-07-23 03:23:01] [INFO] ----------------------------------------
[2026-07-23 03:23:01] [INFO] 🔄 Восстановление базы данных TRBOnet_64_auto_script из TRBOnet_6.4.bak
[2026-07-23 03:23:01] [INFO]    Размер .bak: 4.72 ГБ
[2026-07-23 03:23:01] [INFO]    Источник (сетевой путь): \\nsshare.trbonet.com\Share\Tester_common\bd_for_test\!bd_migration\bd_6.4\TRBOnet_6.4.bak
[2026-07-23 03:23:01] [INFO]    Получение информации о файлах из бэкапа...
[2026-07-23 03:23:01] [INFO]    Файл данных: TRBOnet → C:\Database_Backups\TRBOnet_64_auto_script.mdf
[2026-07-23 03:23:01] [INFO]    Файл лога: TRBOnet_log → C:\Database_Backups\TRBOnet_64_auto_script_log.ldf
[2026-07-23 03:23:01] [INFO]    Проверка существования БД...
[2026-07-23 03:23:01] [INFO]    ✅ База данных TRBOnet_64_auto_script отсутствует
[2026-07-23 03:23:01] [INFO]    Выполнение восстановления (это может занять длительное время)...
[2026-07-23 03:23:06] [INFO]    ✅ Команда RESTORE отправлена
[2026-07-23 03:23:06] [INFO]    Ожидание завершения восстановления...
[2026-07-23 03:23:37] [INFO]    Восстановление продолжается... (30 сек.)
[2026-07-23 03:24:07] [INFO]    Восстановление продолжается... (60 сек.)
[2026-07-23 03:24:37] [INFO]    Восстановление продолжается... (90 сек.)
[2026-07-23 03:25:07] [INFO]    Восстановление продолжается... (120 сек.)
[2026-07-23 03:25:37] [INFO]    Восстановление продолжается... (150 сек.)
[2026-07-23 03:26:07] [INFO]    Восстановление продолжается... (180 сек.)
[2026-07-23 03:26:37] [INFO]    Восстановление продолжается... (210 сек.)
[2026-07-23 03:27:07] [INFO]    Восстановление продолжается... (240 сек.)
[2026-07-23 03:27:37] [INFO]    Восстановление продолжается... (270 сек.)
[2026-07-23 03:28:07] [INFO]    Восстановление продолжается... (300 сек.)
[2026-07-23 03:28:37] [INFO]    Восстановление продолжается... (330 сек.)
[2026-07-23 03:29:07] [INFO]    Восстановление продолжается... (360 сек.)
[2026-07-23 03:29:37] [INFO]    Восстановление продолжается... (390 сек.)
[2026-07-23 03:30:07] [INFO]    Восстановление продолжается... (420 сек.)
[2026-07-23 03:30:37] [INFO]    Восстановление продолжается... (450 сек.)
[2026-07-23 03:31:07] [INFO]    Восстановление продолжается... (480 сек.)
[2026-07-23 03:31:37] [INFO]    Восстановление продолжается... (510 сек.)
[2026-07-23 03:32:07] [INFO]    Восстановление продолжается... (540 сек.)
[2026-07-23 03:32:37] [INFO]    Восстановление продолжается... (570 сек.)
[2026-07-23 03:33:07] [INFO]    Восстановление продолжается... (600 сек.)
[2026-07-23 03:33:07] [ERROR] ❌ База данных не восстановлена. Состояние: 1
[2026-07-23 03:43:28] [INFO] ================================================================================
[2026-07-23 03:43:28] [INFO] 🚀 ВОССТАНОВЛЕНИЕ БАЗЫ ДАННЫХ ИЗ СЕТЕВОГО ПУТИ
[2026-07-23 03:43:28] [INFO] ================================================================================
[2026-07-23 03:43:28] [INFO] 📋 Параметры:
[2026-07-23 03:43:28] [INFO]    Архив: \\nsshare.trbonet.com\Share\Tester_common\bd_for_test\!bd_migration\bd_6.4\TRBOnet_6.4.zip
[2026-07-23 03:43:28] [INFO]    База данных: TRBOnet_64_auto_script
[2026-07-23 03:43:28] [INFO]    Путь для данных: C:\Database_Backups
[2026-07-23 03:43:28] [INFO]    SQL Server: S0343\SQLEXPRESS
[2026-07-23 03:43:28] [INFO]    Очистка .bak: Да
[2026-07-23 03:43:28] [INFO]    Сетевой пользователь: TRBONET\u.test
[2026-07-23 03:43:28] [INFO] ================================================================================
[2026-07-23 03:43:28] [INFO] 
📌 ШАГ 0: Подключение к сетевой папке
[2026-07-23 03:43:28] [INFO] ----------------------------------------
[2026-07-23 03:43:28] [INFO] 🔗 Подключение к сетевой папке: \\nsshare.trbonet.com\Share\Tester_common\bd_for_test\!bd_migration\bd_6.4
[2026-07-23 03:43:28] [INFO]    Очистка старых подключений...
[2026-07-23 03:43:29] [INFO] ✅ ✅ Сетевой диск Z: подключен
[2026-07-23 03:43:29] [INFO] 
📌 ШАГ 1: Распаковка архива в сетевой папке
[2026-07-23 03:43:29] [INFO] ----------------------------------------
[2026-07-23 03:43:29] [INFO] 📦 Распаковка архива: \\nsshare.trbonet.com\Share\Tester_common\bd_for_test\!bd_migration\bd_6.4\TRBOnet_6.4.zip
[2026-07-23 03:43:29] [INFO]    Размер архива: 809.73 МБ
[2026-07-23 03:44:48] [INFO]    Распаковка TRBOnet_6.4.bak...
[2026-07-23 03:44:53] [INFO]       Прогресс: 1.1% | Скорость: 9.97 МБ/с | Осталось: 7 мин 60 сек
[2026-07-23 03:44:58] [INFO]       Прогресс: 2.1% | Скорость: 10.06 МБ/с | Осталось: 7 мин 50 сек
[2026-07-23 03:45:03] [INFO]       Прогресс: 3.2% | Скорость: 10.09 МБ/с | Осталось: 7 мин 44 сек
[2026-07-23 03:45:08] [INFO]       Прогресс: 4.2% | Скорость: 10.10 МБ/с | Осталось: 7 мин 38 сек
[2026-07-23 03:45:13] [INFO]       Прогресс: 5.3% | Скорость: 10.08 МБ/с | Осталось: 7 мин 34 сек
[2026-07-23 03:45:18] [INFO]       Прогресс: 6.3% | Скорость: 10.09 МБ/с | Осталось: 7 мин 28 сек
[2026-07-23 03:45:23] [INFO]       Прогресс: 7.4% | Скорость: 10.09 МБ/с | Осталось: 7 мин 23 сек
[2026-07-23 03:45:28] [INFO]       Прогресс: 8.4% | Скорость: 10.09 МБ/с | Осталось: 7 мин 18 сек
[2026-07-23 03:45:33] [INFO]       Прогресс: 9.5% | Скорость: 10.09 МБ/с | Осталось: 7 мин 13 сек
[2026-07-23 03:45:38] [INFO]       Прогресс: 10.5% | Скорость: 10.10 МБ/с | Осталось: 7 мин 8 сек
[2026-07-23 03:45:43] [INFO]       Прогресс: 11.6% | Скорость: 10.11 МБ/с | Осталось: 7 мин 3 сек
[2026-07-23 03:45:48] [INFO]       Прогресс: 12.7% | Скорость: 10.11 МБ/с | Осталось: 6 мин 57 сек
[2026-07-23 03:45:53] [INFO]       Прогресс: 13.7% | Скорость: 10.11 МБ/с | Осталось: 6 мин 52 сек
[2026-07-23 03:45:58] [INFO]       Прогресс: 14.8% | Скорость: 10.11 МБ/с | Осталось: 6 мин 47 сек
[2026-07-23 03:46:03] [INFO]       Прогресс: 15.8% | Скорость: 10.10 МБ/с | Осталось: 6 мин 43 сек
[2026-07-23 03:46:08] [INFO]       Прогресс: 16.9% | Скорость: 10.10 МБ/с | Осталось: 6 мин 38 сек
[2026-07-23 03:46:13] [INFO]       Прогресс: 17.9% | Скорость: 10.10 МБ/с | Осталось: 6 мин 33 сек
[2026-07-23 03:46:18] [INFO]       Прогресс: 19.0% | Скорость: 10.10 МБ/с | Осталось: 6 мин 27 сек
[2026-07-23 03:46:23] [INFO]       Прогресс: 20.1% | Скорость: 10.10 МБ/с | Осталось: 6 мин 22 сек
[2026-07-23 03:46:28] [INFO]       Прогресс: 21.1% | Скорость: 10.10 МБ/с | Осталось: 6 мин 18 сек
[2026-07-23 03:46:34] [INFO]       Прогресс: 22.1% | Скорость: 10.09 МБ/с | Осталось: 6 мин 13 сек
[2026-07-23 03:46:39] [INFO]       Прогресс: 23.2% | Скорость: 10.10 МБ/с | Осталось: 6 мин 7 сек
[2026-07-23 03:46:44] [INFO]       Прогресс: 24.3% | Скорость: 10.10 МБ/с | Осталось: 6 мин 2 сек
[2026-07-23 03:46:49] [INFO]       Прогресс: 25.3% | Скорость: 10.10 МБ/с | Осталось: 5 мин 57 сек
[2026-07-23 03:46:54] [INFO]       Прогресс: 26.3% | Скорость: 10.07 МБ/с | Осталось: 5 мин 54 сек
[2026-07-23 03:46:59] [INFO]       Прогресс: 27.4% | Скорость: 10.07 МБ/с | Осталось: 5 мин 48 сек
[2026-07-23 03:47:04] [INFO]       Прогресс: 28.4% | Скорость: 10.07 МБ/с | Осталось: 5 мин 43 сек
[2026-07-23 03:47:09] [INFO]       Прогресс: 29.5% | Скорость: 10.07 МБ/с | Осталось: 5 мин 38 сек
[2026-07-23 03:47:14] [INFO]       Прогресс: 30.5% | Скорость: 10.07 МБ/с | Осталось: 5 мин 33 сек
[2026-07-23 03:47:19] [INFO]       Прогресс: 31.6% | Скорость: 10.08 МБ/с | Осталось: 5 мин 28 сек
[2026-07-23 03:47:24] [INFO]       Прогресс: 32.6% | Скорость: 10.08 МБ/с | Осталось: 5 мин 23 сек
[2026-07-23 03:47:29] [INFO]       Прогресс: 33.7% | Скорость: 10.08 МБ/с | Осталось: 5 мин 18 сек
[2026-07-23 03:47:34] [INFO]       Прогресс: 34.8% | Скорость: 10.08 МБ/с | Осталось: 5 мин 13 сек
[2026-07-23 03:47:39] [INFO]       Прогресс: 35.8% | Скорость: 10.08 МБ/с | Осталось: 5 мин 8 сек
[2026-07-23 03:47:44] [INFO]       Прогресс: 36.9% | Скорость: 10.08 МБ/с | Осталось: 5 мин 3 сек
[2026-07-23 03:47:49] [INFO]       Прогресс: 37.9% | Скорость: 10.07 МБ/с | Осталось: 4 мин 58 сек
[2026-07-23 03:47:54] [INFO]       Прогресс: 38.9% | Скорость: 10.07 МБ/с | Осталось: 4 мин 53 сек
[2026-07-23 03:47:59] [INFO]       Прогресс: 40.0% | Скорость: 10.07 МБ/с | Осталось: 4 мин 48 сек
[2026-07-23 03:48:04] [INFO]       Прогресс: 41.0% | Скорость: 10.07 МБ/с | Осталось: 4 мин 43 сек
[2026-07-23 03:48:09] [INFO]       Прогресс: 42.1% | Скорость: 10.07 МБ/с | Осталось: 4 мин 38 сек
[2026-07-23 03:48:14] [INFO]       Прогресс: 43.1% | Скорость: 10.07 МБ/с | Осталось: 4 мин 33 сек
[2026-07-23 03:48:19] [INFO]       Прогресс: 44.2% | Скорость: 10.07 МБ/с | Осталось: 4 мин 28 сек
[2026-07-23 03:48:25] [INFO]       Прогресс: 45.2% | Скорость: 10.07 МБ/с | Осталось: 4 мин 23 сек
[2026-07-23 03:48:30] [INFO]       Прогресс: 46.3% | Скорость: 10.08 МБ/с | Осталось: 4 мин 18 сек
[2026-07-23 03:48:35] [INFO]       Прогресс: 47.4% | Скорость: 10.08 МБ/с | Осталось: 4 мин 12 сек
[2026-07-23 03:48:40] [INFO]       Прогресс: 48.4% | Скорость: 10.08 МБ/с | Осталось: 4 мин 7 сек
[2026-07-23 03:48:45] [INFO]       Прогресс: 49.5% | Скорость: 10.08 МБ/с | Осталось: 4 мин 2 сек
[2026-07-23 03:48:50] [INFO]       Прогресс: 50.5% | Скорость: 10.08 МБ/с | Осталось: 3 мин 57 сек
[2026-07-23 03:48:55] [INFO]       Прогресс: 51.6% | Скорость: 10.08 МБ/с | Осталось: 3 мин 52 сек
[2026-07-23 03:49:00] [INFO]       Прогресс: 52.6% | Скорость: 10.08 МБ/с | Осталось: 3 мин 47 сек
[2026-07-23 03:49:05] [INFO]       Прогресс: 53.7% | Скорость: 10.08 МБ/с | Осталось: 3 мин 42 сек
[2026-07-23 03:49:10] [INFO]       Прогресс: 54.7% | Скорость: 10.08 МБ/с | Осталось: 3 мин 37 сек
[2026-07-23 03:49:15] [INFO]       Прогресс: 55.7% | Скорость: 10.07 МБ/с | Осталось: 3 мин 33 сек
[2026-07-23 03:49:20] [INFO]       Прогресс: 56.8% | Скорость: 10.06 МБ/с | Осталось: 3 мин 28 сек
[2026-07-23 03:49:25] [INFO]       Прогресс: 57.8% | Скорость: 10.07 МБ/с | Осталось: 3 мин 23 сек
[2026-07-23 03:49:30] [INFO]       Прогресс: 58.9% | Скорость: 10.07 МБ/с | Осталось: 3 мин 17 сек
[2026-07-23 03:49:35] [INFO]       Прогресс: 59.9% | Скорость: 10.07 МБ/с | Осталось: 3 мин 12 сек
[2026-07-23 03:49:40] [INFO]       Прогресс: 61.0% | Скорость: 10.07 МБ/с | Осталось: 3 мин 7 сек
[2026-07-23 03:49:45] [INFO]       Прогресс: 62.0% | Скорость: 10.07 МБ/с | Осталось: 3 мин 2 сек
[2026-07-23 03:49:50] [INFO]       Прогресс: 63.1% | Скорость: 10.07 МБ/с | Осталось: 2 мин 57 сек
[2026-07-23 03:49:55] [INFO]       Прогресс: 64.1% | Скорость: 10.07 МБ/с | Осталось: 2 мин 52 сек
[2026-07-23 03:50:00] [INFO]       Прогресс: 65.2% | Скорость: 10.07 МБ/с | Осталось: 2 мин 47 сек
[2026-07-23 03:50:05] [INFO]       Прогресс: 66.3% | Скорость: 10.07 МБ/с | Осталось: 2 мин 42 сек
[2026-07-23 03:50:10] [INFO]       Прогресс: 67.3% | Скорость: 10.07 МБ/с | Осталось: 2 мин 37 сек
[2026-07-23 03:50:15] [INFO]       Прогресс: 68.4% | Скорость: 10.07 МБ/с | Осталось: 2 мин 32 сек
[2026-07-23 03:50:20] [INFO]       Прогресс: 69.4% | Скорость: 10.07 МБ/с | Осталось: 2 мин 27 сек
[2026-07-23 03:50:26] [INFO]       Прогресс: 70.5% | Скорость: 10.07 МБ/с | Осталось: 2 мин 22 сек
[2026-07-23 03:50:31] [INFO]       Прогресс: 71.5% | Скорость: 10.07 МБ/с | Осталось: 2 мин 17 сек
[2026-07-23 03:50:36] [INFO]       Прогресс: 72.6% | Скорость: 10.07 МБ/с | Осталось: 2 мин 12 сек
[2026-07-23 03:50:41] [INFO]       Прогресс: 73.6% | Скорость: 10.07 МБ/с | Осталось: 2 мин 7 сек
[2026-07-23 03:50:46] [INFO]       Прогресс: 74.7% | Скорость: 10.07 МБ/с | Осталось: 2 мин 1 сек
[2026-07-23 03:50:51] [INFO]       Прогресс: 75.7% | Скорость: 10.07 МБ/с | Осталось: 1 мин 56 сек
[2026-07-23 03:50:56] [INFO]       Прогресс: 76.8% | Скорость: 10.07 МБ/с | Осталось: 1 мин 51 сек
[2026-07-23 03:51:01] [INFO]       Прогресс: 77.8% | Скорость: 10.07 МБ/с | Осталось: 1 мин 47 сек
[2026-07-23 03:51:06] [INFO]       Прогресс: 78.9% | Скорость: 10.07 МБ/с | Осталось: 1 мин 41 сек
[2026-07-23 03:51:11] [INFO]       Прогресс: 79.9% | Скорость: 10.07 МБ/с | Осталось: 1 мин 36 сек
[2026-07-23 03:51:16] [INFO]       Прогресс: 81.0% | Скорость: 10.07 МБ/с | Осталось: 1 мин 31 сек
[2026-07-23 03:51:21] [INFO]       Прогресс: 82.0% | Скорость: 10.07 МБ/с | Осталось: 1 мин 26 сек
[2026-07-23 03:51:26] [INFO]       Прогресс: 83.1% | Скорость: 10.07 МБ/с | Осталось: 1 мин 21 сек
[2026-07-23 03:51:31] [INFO]       Прогресс: 84.1% | Скорость: 10.07 МБ/с | Осталось: 1 мин 16 сек
[2026-07-23 03:51:36] [INFO]       Прогресс: 85.2% | Скорость: 10.08 МБ/с | Осталось: 1 мин 11 сек
[2026-07-23 03:51:41] [INFO]       Прогресс: 86.2% | Скорость: 10.08 МБ/с | Осталось: 1 мин 6 сек
[2026-07-23 03:51:46] [INFO]       Прогресс: 87.3% | Скорость: 10.08 МБ/с | Осталось: 1 мин 1 сек
[2026-07-23 03:51:51] [INFO]       Прогресс: 88.4% | Скорость: 10.08 МБ/с | Осталось: 56 сек
[2026-07-23 03:51:56] [INFO]       Прогресс: 89.4% | Скорость: 10.08 МБ/с | Осталось: 51 сек
[2026-07-23 03:52:01] [INFO]       Прогресс: 90.5% | Скорость: 10.08 МБ/с | Осталось: 46 сек
[2026-07-23 03:52:06] [INFO]       Прогресс: 91.5% | Скорость: 10.08 МБ/с | Осталось: 41 сек
[2026-07-23 03:52:11] [INFO]       Прогресс: 92.6% | Скорость: 10.08 МБ/с | Осталось: 36 сек
[2026-07-23 03:52:16] [INFO]       Прогресс: 93.6% | Скорость: 10.08 МБ/с | Осталось: 31 сек
[2026-07-23 03:52:21] [INFO]       Прогресс: 94.7% | Скорость: 10.08 МБ/с | Осталось: 26 сек
[2026-07-23 03:52:26] [INFO]       Прогресс: 95.7% | Скорость: 10.08 МБ/с | Осталось: 20 сек
[2026-07-23 03:52:32] [INFO]       Прогресс: 96.8% | Скорость: 10.08 МБ/с | Осталось: 15 сек
[2026-07-23 03:52:37] [INFO]       Прогресс: 97.8% | Скорость: 10.08 МБ/с | Осталось: 10 сек
[2026-07-23 03:52:42] [INFO]       Прогресс: 98.9% | Скорость: 10.08 МБ/с | Осталось: 5 сек
[2026-07-23 03:52:47] [INFO]       Прогресс: 99.9% | Скорость: 10.08 МБ/с | Осталось: 0 сек
[2026-07-23 03:52:47] [INFO] ✅ ✅ Архив распакован за 7 мин 59 сек (средняя скорость: 10.08 МБ/с)
[2026-07-23 03:52:47] [INFO]    .bak файл: TRBOnet_6.4.bak (4.72 ГБ)
[2026-07-23 03:52:47] [INFO] 
📌 ШАГ 2: Восстановление базы данных
[2026-07-23 03:52:47] [INFO] ----------------------------------------
[2026-07-23 03:52:47] [INFO] 🔄 Восстановление базы данных TRBOnet_64_auto_script из TRBOnet_6.4.bak
[2026-07-23 03:52:47] [INFO]    Размер .bak: 4.72 ГБ
[2026-07-23 03:52:47] [INFO]    Источник (сетевой путь): \\nsshare.trbonet.com\Share\Tester_common\bd_for_test\!bd_migration\bd_6.4\TRBOnet_6.4.bak
[2026-07-23 03:52:47] [INFO]    Получение информации о файлах из бэкапа...
[2026-07-23 03:52:47] [INFO]    Файл данных: TRBOnet → C:\Database_Backups\TRBOnet_64_auto_script.mdf
[2026-07-23 03:52:47] [INFO]    Файл лога: TRBOnet_log → C:\Database_Backups\TRBOnet_64_auto_script_log.ldf
[2026-07-23 03:52:47] [INFO]    Проверка существования БД...
[2026-07-23 03:52:47] [INFO]    ✅ База данных TRBOnet_64_auto_script отсутствует
[2026-07-23 03:52:47] [INFO]    Выполнение восстановления (это может занять длительное время)...
[2026-07-23 03:52:53] [INFO]    ✅ Команда RESTORE отправлена
[2026-07-23 03:52:53] [INFO]    Ожидание завершения восстановления...
[2026-07-23 03:53:23] [INFO]    Восстановление продолжается... (30 сек.)
[2026-07-23 03:53:53] [INFO]    Восстановление продолжается... (60 сек.)
[2026-07-23 03:54:23] [INFO]    Восстановление продолжается... (90 сек.)
[2026-07-23 03:54:53] [INFO]    Восстановление продолжается... (120 сек.)
[2026-07-23 03:55:23] [INFO]    Восстановление продолжается... (150 сек.)
[2026-07-23 03:55:53] [INFO]    Восстановление продолжается... (180 сек.)
[2026-07-23 03:56:23] [INFO]    Восстановление продолжается... (210 сек.)
[2026-07-23 03:56:53] [INFO]    Восстановление продолжается... (240 сек.)
[2026-07-23 03:57:23] [INFO]    Восстановление продолжается... (270 сек.)
[2026-07-23 03:57:53] [INFO]    Восстановление продолжается... (300 сек.)
[2026-07-23 03:58:23] [INFO]    Восстановление продолжается... (330 сек.)
[2026-07-23 03:58:53] [INFO]    Восстановление продолжается... (360 сек.)
[2026-07-23 03:59:23] [INFO]    Восстановление продолжается... (390 сек.)
[2026-07-23 03:59:53] [INFO]    Восстановление продолжается... (420 сек.)
[2026-07-23 04:00:23] [INFO]    Восстановление продолжается... (450 сек.)
[2026-07-23 04:00:53] [INFO]    Восстановление продолжается... (480 сек.)
[2026-07-23 04:01:23] [INFO]    Восстановление продолжается... (510 сек.)
[2026-07-23 04:01:53] [INFO]    Восстановление продолжается... (540 сек.)
[2026-07-23 04:02:23] [INFO]    Восстановление продолжается... (570 сек.)
[2026-07-23 04:02:53] [INFO]    Восстановление продолжается... (600 сек.)
[2026-07-23 04:03:23] [INFO]    Восстановление продолжается... (630 сек.)
[2026-07-23 04:03:53] [INFO]    Восстановление продолжается... (660 сек.)
[2026-07-23 04:04:23] [INFO]    Восстановление продолжается... (690 сек.)
[2026-07-23 04:04:53] [INFO]    Восстановление продолжается... (720 сек.)
[2026-07-23 04:05:23] [INFO]    Восстановление продолжается... (750 сек.)
[2026-07-23 04:05:53] [INFO]    Восстановление продолжается... (780 сек.)
[2026-07-23 04:06:23] [INFO]    Восстановление продолжается... (810 сек.)
[2026-07-23 04:06:53] [INFO]    Восстановление продолжается... (840 сек.)
[2026-07-23 04:07:23] [INFO]    Восстановление продолжается... (870 сек.)
[2026-07-23 04:07:53] [INFO]    Восстановление продолжается... (900 сек.)
[2026-07-23 04:08:23] [INFO]    Восстановление продолжается... (930 сек.)
[2026-07-23 04:08:53] [INFO]    Восстановление продолжается... (960 сек.)
[2026-07-23 04:09:23] [INFO]    Восстановление продолжается... (990 сек.)
[2026-07-23 04:09:53] [INFO]    Восстановление продолжается... (1020 сек.)
[2026-07-23 04:10:23] [INFO]    Восстановление продолжается... (1050 сек.)
[2026-07-23 04:10:53] [INFO]    Восстановление продолжается... (1080 сек.)
[2026-07-23 04:11:23] [INFO]    Восстановление продолжается... (1110 сек.)
[2026-07-23 04:11:53] [INFO]    Восстановление продолжается... (1140 сек.)
[2026-07-23 04:12:23] [INFO]    Восстановление продолжается... (1170 сек.)
[2026-07-23 04:12:53] [INFO]    Восстановление продолжается... (1200 сек.)
[2026-07-23 04:13:23] [INFO]    Восстановление продолжается... (1230 сек.)
[2026-07-23 04:13:53] [INFO]    Восстановление продолжается... (1260 сек.)
[2026-07-23 04:14:23] [INFO]    Восстановление продолжается... (1290 сек.)
[2026-07-23 04:14:53] [INFO]    Восстановление продолжается... (1320 сек.)
[2026-07-23 04:15:23] [INFO]    Восстановление продолжается... (1350 сек.)
[2026-07-23 04:15:53] [INFO]    Восстановление продолжается... (1380 сек.)
[2026-07-23 04:16:23] [INFO]    Восстановление продолжается... (1410 сек.)
[2026-07-23 04:16:53] [INFO]    Восстановление продолжается... (1440 сек.)
[2026-07-23 04:17:23] [INFO]    Восстановление продолжается... (1470 сек.)
[2026-07-23 04:17:53] [INFO]    Восстановление продолжается... (1500 сек.)
[2026-07-23 04:18:23] [INFO]    Восстановление продолжается... (1530 сек.)
[2026-07-23 04:18:53] [INFO]    Восстановление продолжается... (1560 сек.)
[2026-07-23 04:19:23] [INFO]    Восстановление продолжается... (1590 сек.)
[2026-07-23 04:19:53] [INFO]    Восстановление продолжается... (1620 сек.)
[2026-07-23 04:20:23] [INFO]    Восстановление продолжается... (1650 сек.)
[2026-07-23 04:20:53] [INFO]    Восстановление продолжается... (1680 сек.)
[2026-07-23 04:21:23] [INFO]    Восстановление продолжается... (1710 сек.)
[2026-07-23 04:21:53] [INFO]    Восстановление продолжается... (1740 сек.)
[2026-07-23 04:22:23] [INFO]    Восстановление продолжается... (1770 сек.)
[2026-07-23 04:22:53] [INFO]    Восстановление продолжается... (1800 сек.)
[2026-07-23 04:23:23] [INFO]    Восстановление продолжается... (1830 сек.)
[2026-07-23 04:23:53] [INFO]    Восстановление продолжается... (1860 сек.)
[2026-07-23 04:24:23] [INFO]    Восстановление продолжается... (1890 сек.)
[2026-07-23 04:24:53] [INFO]    Восстановление продолжается... (1920 сек.)
[2026-07-23 04:25:23] [INFO]    Восстановление продолжается... (1950 сек.)
[2026-07-23 04:25:53] [INFO]    Восстановление продолжается... (1980 сек.)
[2026-07-23 04:26:23] [INFO]    Восстановление продолжается... (2010 сек.)
[2026-07-23 04:26:53] [INFO]    Восстановление продолжается... (2040 сек.)
[2026-07-23 04:27:23] [INFO]    Восстановление продолжается... (2070 сек.)
[2026-07-23 04:27:53] [INFO]    Восстановление продолжается... (2100 сек.)
[2026-07-23 04:28:23] [INFO]    Восстановление продолжается... (2130 сек.)
[2026-07-23 04:28:53] [INFO]    Восстановление продолжается... (2160 сек.)
[2026-07-23 04:29:24] [INFO]    Восстановление продолжается... (2190 сек.)
[2026-07-23 04:29:54] [INFO]    Восстановление продолжается... (2220 сек.)
[2026-07-23 04:30:24] [INFO]    Восстановление продолжается... (2250 сек.)
[2026-07-23 04:30:54] [INFO]    Восстановление продолжается... (2280 сек.)
[2026-07-23 04:31:24] [INFO]    Восстановление продолжается... (2310 сек.)
[2026-07-23 04:31:54] [INFO]    Восстановление продолжается... (2340 сек.)
[2026-07-23 04:32:24] [INFO]    Восстановление продолжается... (2370 сек.)
[2026-07-23 04:32:54] [INFO]    Восстановление продолжается... (2400 сек.)
[2026-07-23 04:33:24] [INFO]    Восстановление продолжается... (2430 сек.)
[2026-07-23 04:33:54] [INFO]    Восстановление продолжается... (2460 сек.)
[2026-07-23 04:34:24] [INFO]    Восстановление продолжается... (2490 сек.)
[2026-07-23 04:34:54] [INFO]    Восстановление продолжается... (2520 сек.)
[2026-07-23 04:35:24] [INFO]    Восстановление продолжается... (2550 сек.)
[2026-07-23 04:35:54] [INFO]    Восстановление продолжается... (2580 сек.)
[2026-07-23 04:36:24] [INFO]    Восстановление продолжается... (2610 сек.)
[2026-07-23 04:36:54] [INFO]    Восстановление продолжается... (2640 сек.)
[2026-07-23 04:37:24] [INFO]    Восстановление продолжается... (2670 сек.)
[2026-07-23 04:37:54] [INFO]    Восстановление продолжается... (2700 сек.)
[2026-07-23 04:38:24] [INFO]    Восстановление продолжается... (2730 сек.)
[2026-07-23 04:38:54] [INFO]    Восстановление продолжается... (2760 сек.)
[2026-07-23 04:39:24] [INFO]    Восстановление продолжается... (2790 сек.)
[2026-07-23 04:39:54] [INFO]    Восстановление продолжается... (2820 сек.)
[2026-07-23 04:40:24] [INFO]    Восстановление продолжается... (2850 сек.)
[2026-07-23 04:40:54] [INFO]    Восстановление продолжается... (2880 сек.)
[2026-07-23 04:41:24] [INFO]    Восстановление продолжается... (2910 сек.)
[2026-07-23 04:41:54] [INFO]    Восстановление продолжается... (2940 сек.)
[2026-07-23 04:42:24] [INFO]    Восстановление продолжается... (2970 сек.)
[2026-07-23 04:42:54] [INFO]    Восстановление продолжается... (3000 сек.)
[2026-07-23 04:43:24] [INFO]    Восстановление продолжается... (3030 сек.)
[2026-07-23 04:43:54] [INFO]    Восстановление продолжается... (3060 сек.)
[2026-07-23 04:44:24] [INFO]    Восстановление продолжается... (3090 сек.)
[2026-07-23 04:44:54] [INFO]    Восстановление продолжается... (3120 сек.)
[2026-07-23 04:45:24] [INFO]    Восстановление продолжается... (3150 сек.)
[2026-07-23 04:45:54] [INFO]    Восстановление продолжается... (3180 сек.)
[2026-07-23 04:46:24] [INFO]    Восстановление продолжается... (3210 сек.)
[2026-07-23 04:46:54] [INFO]    Восстановление продолжается... (3240 сек.)
[2026-07-23 04:47:24] [INFO]    Восстановление продолжается... (3270 сек.)
[2026-07-23 04:47:54] [INFO]    Восстановление продолжается... (3300 сек.)
[2026-07-23 04:48:24] [INFO]    Восстановление продолжается... (3330 сек.)
[2026-07-23 04:48:54] [INFO]    Восстановление продолжается... (3360 сек.)
[2026-07-23 04:49:24] [INFO]    Восстановление продолжается... (3390 сек.)
[2026-07-23 04:49:54] [INFO]    Восстановление продолжается... (3420 сек.)
[2026-07-23 04:50:24] [INFO]    Восстановление продолжается... (3450 сек.)
[2026-07-23 04:50:54] [INFO]    Восстановление продолжается... (3480 сек.)
[2026-07-23 04:51:24] [INFO]    Восстановление продолжается... (3510 сек.)
[2026-07-23 04:51:54] [INFO]    Восстановление продолжается... (3540 сек.)
[2026-07-23 04:52:24] [INFO]    Восстановление продолжается... (3570 сек.)
[2026-07-23 04:52:54] [INFO]    Восстановление продолжается... (3600 сек.)
[2026-07-23 04:52:54] [ERROR] ❌ База данных не восстановлена. Состояние: 1
[2026-07-23 18:58:37] [INFO] ================================================================================
[2026-07-23 18:58:37] [INFO] 🚀 ВОССТАНОВЛЕНИЕ БАЗЫ ДАННЫХ ИЗ СЕТЕВОГО ПУТИ
[2026-07-23 18:58:37] [INFO] ================================================================================
[2026-07-23 18:58:37] [INFO] 📋 Параметры:
[2026-07-23 18:58:37] [INFO]    Архив: \\nsshare.trbonet.com\Share\Tester_common\bd_for_test\!bd_migration\bd_6.4\TRBOnet_6.4.zip
[2026-07-23 18:58:37] [INFO]    База данных: TRBOnet_64_auto_script
[2026-07-23 18:58:37] [INFO]    Путь для данных: C:\Database_Backups
[2026-07-23 18:58:37] [INFO]    SQL Server: S0343\SQLEXPRESS
[2026-07-23 18:58:37] [INFO]    Очистка .bak: Да
[2026-07-23 18:58:37] [INFO]    Сетевой пользователь: TRBONET\u.test
[2026-07-23 18:58:37] [INFO] ================================================================================
[2026-07-23 18:58:37] [INFO] 
📌 ШАГ 0: Подключение к сетевой папке
[2026-07-23 18:58:37] [INFO] ----------------------------------------
[2026-07-23 18:58:37] [INFO] 🔗 Подключение к сетевой папке: \\nsshare.trbonet.com\Share\Tester_common\bd_for_test\!bd_migration\bd_6.4
[2026-07-23 18:58:37] [INFO]    Очистка старых подключений...
[2026-07-23 18:58:38] [INFO] ✅ ✅ Сетевой диск Z: подключен
[2026-07-23 18:58:38] [INFO] 
📌 ШАГ 1: Распаковка архива в сетевой папке
[2026-07-23 18:58:38] [INFO] ----------------------------------------
[2026-07-23 18:58:38] [INFO] 📦 Распаковка архива: \\nsshare.trbonet.com\Share\Tester_common\bd_for_test\!bd_migration\bd_6.4\TRBOnet_6.4.zip
[2026-07-23 18:58:38] [INFO]    Размер архива: 809.73 МБ
[2026-07-23 18:59:57] [INFO]    Распаковка TRBOnet_6.4.bak...
[2026-07-23 19:00:02] [INFO]       Прогресс: 1.0% | Скорость: 9.89 МБ/с | Осталось: 8 мин 3 сек
[2026-07-23 19:00:07] [INFO]       Прогресс: 2.1% | Скорость: 9.98 МБ/с | Осталось: 7 мин 54 сек
[2026-07-23 19:00:12] [INFO]       Прогресс: 3.1% | Скорость: 10.04 МБ/с | Осталось: 7 мин 46 сек
[2026-07-23 19:00:17] [INFO]       Прогресс: 4.2% | Скорость: 10.07 МБ/с | Осталось: 7 мин 40 сек
[2026-07-23 19:00:22] [INFO]       Прогресс: 5.3% | Скорость: 10.09 МБ/с | Осталось: 7 мин 34 сек
[2026-07-23 19:00:27] [INFO]       Прогресс: 6.3% | Скорость: 10.08 МБ/с | Осталось: 7 мин 29 сек
[2026-07-23 19:00:32] [INFO]       Прогресс: 7.4% | Скорость: 10.08 МБ/с | Осталось: 7 мин 24 сек
[2026-07-23 19:00:37] [INFO]       Прогресс: 8.4% | Скорость: 10.10 МБ/с | Осталось: 7 мин 18 сек
[2026-07-23 19:00:42] [INFO]       Прогресс: 9.5% | Скорость: 10.10 МБ/с | Осталось: 7 мин 13 сек
[2026-07-23 19:00:47] [INFO]       Прогресс: 10.5% | Скорость: 10.09 МБ/с | Осталось: 7 мин 8 сек
[2026-07-23 19:00:52] [INFO]       Прогресс: 11.6% | Скорость: 10.10 МБ/с | Осталось: 7 мин 3 сек
[2026-07-23 19:00:57] [INFO]       Прогресс: 12.6% | Скорость: 10.10 МБ/с | Осталось: 6 мин 58 сек
[2026-07-23 19:01:02] [INFO]       Прогресс: 13.7% | Скорость: 10.10 МБ/с | Осталось: 6 мин 53 сек
[2026-07-23 19:01:07] [INFO]       Прогресс: 14.8% | Скорость: 10.10 МБ/с | Осталось: 6 мин 48 сек
[2026-07-23 19:01:12] [INFO]       Прогресс: 15.8% | Скорость: 10.10 МБ/с | Осталось: 6 мин 43 сек
[2026-07-23 19:01:17] [INFO]       Прогресс: 16.3% | Скорость: 9.75 МБ/с | Осталось: 6 мин 55 сек
[2026-07-23 19:01:22] [INFO]       Прогресс: 17.3% | Скорость: 9.77 МБ/с | Осталось: 6 мин 49 сек
[2026-07-23 19:01:27] [INFO]       Прогресс: 18.4% | Скорость: 9.79 МБ/с | Осталось: 6 мин 43 сек
[2026-07-23 19:01:32] [INFO]       Прогресс: 19.5% | Скорость: 9.81 МБ/с | Осталось: 6 мин 37 сек
[2026-07-23 19:01:37] [INFO]       Прогресс: 20.5% | Скорость: 9.83 МБ/с | Осталось: 6 мин 31 сек
[2026-07-23 19:01:42] [INFO]       Прогресс: 21.6% | Скорость: 9.84 МБ/с | Осталось: 6 мин 25 сек
[2026-07-23 19:01:47] [INFO]       Прогресс: 22.6% | Скорость: 9.85 МБ/с | Осталось: 6 мин 19 сек
[2026-07-23 19:01:53] [INFO]       Прогресс: 23.7% | Скорость: 9.86 МБ/с | Осталось: 6 мин 14 сек
[2026-07-23 19:01:58] [INFO]       Прогресс: 24.7% | Скорость: 9.87 МБ/с | Осталось: 6 мин 8 сек
[2026-07-23 19:02:03] [INFO]       Прогресс: 25.8% | Скорость: 9.88 МБ/с | Осталось: 6 мин 3 сек
[2026-07-23 19:02:08] [INFO]       Прогресс: 26.8% | Скорость: 9.89 МБ/с | Осталось: 5 мин 57 сек
[2026-07-23 19:02:13] [INFO]       Прогресс: 27.9% | Скорость: 9.90 МБ/с | Осталось: 5 мин 52 сек
[2026-07-23 19:02:18] [INFO]       Прогресс: 29.0% | Скорость: 9.91 МБ/с | Осталось: 5 мин 46 сек
[2026-07-23 19:02:23] [INFO]       Прогресс: 30.0% | Скорость: 9.92 МБ/с | Осталось: 5 мин 41 сек
[2026-07-23 19:02:28] [INFO]       Прогресс: 31.1% | Скорость: 9.93 МБ/с | Осталось: 5 мин 35 сек
[2026-07-23 19:02:33] [INFO]       Прогресс: 32.1% | Скорость: 9.93 МБ/с | Осталось: 5 мин 30 сек
[2026-07-23 19:02:38] [INFO]       Прогресс: 33.2% | Скорость: 9.93 МБ/с | Осталось: 5 мин 25 сек
[2026-07-23 19:02:43] [INFO]       Прогресс: 34.3% | Скорость: 9.94 МБ/с | Осталось: 5 мин 20 сек
[2026-07-23 19:02:48] [INFO]       Прогресс: 35.3% | Скорость: 9.94 МБ/с | Осталось: 5 мин 14 сек
[2026-07-23 19:02:53] [INFO]       Прогресс: 36.4% | Скорость: 9.95 МБ/с | Осталось: 5 мин 9 сек
[2026-07-23 19:02:58] [INFO]       Прогресс: 37.4% | Скорость: 9.95 МБ/с | Осталось: 5 мин 4 сек
[2026-07-23 19:03:03] [INFO]       Прогресс: 38.5% | Скорость: 9.96 МБ/с | Осталось: 4 мин 58 сек
[2026-07-23 19:03:08] [INFO]       Прогресс: 39.5% | Скорость: 9.96 МБ/с | Осталось: 4 мин 53 сек
[2026-07-23 19:03:13] [INFO]       Прогресс: 40.6% | Скорость: 9.97 МБ/с | Осталось: 4 мин 48 сек
[2026-07-23 19:03:18] [INFO]       Прогресс: 41.6% | Скорость: 9.97 МБ/с | Осталось: 4 мин 43 сек
[2026-07-23 19:03:23] [INFO]       Прогресс: 42.7% | Скорость: 9.97 МБ/с | Осталось: 4 мин 38 сек
[2026-07-23 19:03:28] [INFO]       Прогресс: 43.7% | Скорость: 9.98 МБ/с | Осталось: 4 мин 33 сек
[2026-07-23 19:03:33] [INFO]       Прогресс: 44.8% | Скорость: 9.98 МБ/с | Осталось: 4 мин 27 сек
[2026-07-23 19:03:38] [INFO]       Прогресс: 45.8% | Скорость: 9.98 МБ/с | Осталось: 4 мин 22 сек
[2026-07-23 19:03:43] [INFO]       Прогресс: 46.9% | Скорость: 9.99 МБ/с | Осталось: 4 мин 17 сек
[2026-07-23 19:03:49] [INFO]       Прогресс: 48.0% | Скорость: 9.99 МБ/с | Осталось: 4 мин 12 сек
[2026-07-23 19:03:54] [INFO]       Прогресс: 49.0% | Скорость: 9.99 МБ/с | Осталось: 4 мин 7 сек
[2026-07-23 19:03:59] [INFO]       Прогресс: 50.1% | Скорость: 9.99 МБ/с | Осталось: 4 мин 1 сек
[2026-07-23 19:04:04] [INFO]       Прогресс: 51.1% | Скорость: 9.99 МБ/с | Осталось: 3 мин 56 сек
[2026-07-23 19:04:09] [INFO]       Прогресс: 52.2% | Скорость: 10.00 МБ/с | Осталось: 3 мин 51 сек
[2026-07-23 19:04:14] [INFO]       Прогресс: 53.2% | Скорость: 10.00 МБ/с | Осталось: 3 мин 46 сек
[2026-07-23 19:04:19] [INFO]       Прогресс: 54.3% | Скорость: 10.00 МБ/с | Осталось: 3 мин 41 сек
[2026-07-23 19:04:24] [INFO]       Прогресс: 55.3% | Скорость: 10.00 МБ/с | Осталось: 3 мин 36 сек
[2026-07-23 19:04:29] [INFO]       Прогресс: 56.4% | Скорость: 10.00 МБ/с | Осталось: 3 мин 31 сек
[2026-07-23 19:04:34] [INFO]       Прогресс: 57.5% | Скорость: 10.01 МБ/с | Осталось: 3 мин 25 сек
[2026-07-23 19:04:39] [INFO]       Прогресс: 58.5% | Скорость: 10.01 МБ/с | Осталось: 3 мин 20 сек
[2026-07-23 19:04:44] [INFO]       Прогресс: 59.6% | Скорость: 10.01 МБ/с | Осталось: 3 мин 15 сек
[2026-07-23 19:04:49] [INFO]       Прогресс: 60.6% | Скорость: 10.01 МБ/с | Осталось: 3 мин 10 сек
[2026-07-23 19:04:54] [INFO]       Прогресс: 61.7% | Скорость: 10.01 МБ/с | Осталось: 3 мин 5 сек
[2026-07-23 19:04:59] [INFO]       Прогресс: 62.7% | Скорость: 10.01 МБ/с | Осталось: 2 мин 60 сек
[2026-07-23 19:05:04] [INFO]       Прогресс: 63.8% | Скорость: 10.01 МБ/с | Осталось: 2 мин 55 сек
[2026-07-23 19:05:09] [INFO]       Прогресс: 64.8% | Скорость: 10.01 МБ/с | Осталось: 2 мин 50 сек
[2026-07-23 19:05:14] [INFO]       Прогресс: 65.9% | Скорость: 10.02 МБ/с | Осталось: 2 мин 45 сек
[2026-07-23 19:05:19] [INFO]       Прогресс: 66.9% | Скорость: 10.02 МБ/с | Осталось: 2 мин 39 сек
[2026-07-23 19:05:24] [INFO]       Прогресс: 68.0% | Скорость: 10.02 МБ/с | Осталось: 2 мин 34 сек
[2026-07-23 19:05:29] [INFO]       Прогресс: 69.0% | Скорость: 10.02 МБ/с | Осталось: 2 мин 29 сек
[2026-07-23 19:05:35] [INFO]       Прогресс: 70.1% | Скорость: 10.02 МБ/с | Осталось: 2 мин 24 сек
[2026-07-23 19:05:40] [INFO]       Прогресс: 71.2% | Скорость: 10.02 МБ/с | Осталось: 2 мин 19 сек
[2026-07-23 19:05:45] [INFO]       Прогресс: 72.2% | Скорость: 10.03 МБ/с | Осталось: 2 мин 14 сек
[2026-07-23 19:05:50] [INFO]       Прогресс: 73.3% | Скорость: 10.03 МБ/с | Осталось: 2 мин 9 сек
[2026-07-23 19:05:55] [INFO]       Прогресс: 74.3% | Скорость: 10.03 МБ/с | Осталось: 2 мин 4 сек
[2026-07-23 19:06:00] [INFO]       Прогресс: 75.4% | Скорость: 10.03 МБ/с | Осталось: 1 мин 59 сек
[2026-07-23 19:06:05] [INFO]       Прогресс: 76.4% | Скорость: 10.03 МБ/с | Осталось: 1 мин 54 сек
[2026-07-23 19:06:10] [INFO]       Прогресс: 77.5% | Скорость: 10.03 МБ/с | Осталось: 1 мин 48 сек
[2026-07-23 19:06:15] [INFO]       Прогресс: 78.5% | Скорость: 10.03 МБ/с | Осталось: 1 мин 43 сек
[2026-07-23 19:06:20] [INFO]       Прогресс: 79.0% | Скорость: 9.96 МБ/с | Осталось: 1 мин 42 сек
[2026-07-23 19:06:25] [INFO]       Прогресс: 80.1% | Скорость: 9.96 МБ/с | Осталось: 1 мин 37 сек
[2026-07-23 19:06:30] [INFO]       Прогресс: 81.1% | Скорость: 9.96 МБ/с | Осталось: 1 мин 32 сек
[2026-07-23 19:06:35] [INFO]       Прогресс: 82.2% | Скорость: 9.96 МБ/с | Осталось: 1 мин 26 сек
[2026-07-23 19:06:40] [INFO]       Прогресс: 83.2% | Скорость: 9.97 МБ/с | Осталось: 1 мин 21 сек
[2026-07-23 19:06:45] [INFO]       Прогресс: 84.3% | Скорость: 9.97 МБ/с | Осталось: 1 мин 16 сек
[2026-07-23 19:06:50] [INFO]       Прогресс: 85.4% | Скорость: 9.97 МБ/с | Осталось: 1 мин 11 сек
[2026-07-23 19:06:55] [INFO]       Прогресс: 86.3% | Скорость: 9.96 МБ/с | Осталось: 1 мин 6 сек
[2026-07-23 19:07:00] [INFO]       Прогресс: 87.4% | Скорость: 9.97 МБ/с | Осталось: 1 мин 1 сек
[2026-07-23 19:07:05] [INFO]       Прогресс: 88.5% | Скорость: 9.97 МБ/с | Осталось: 56 сек
[2026-07-23 19:07:10] [INFO]       Прогресс: 89.5% | Скорость: 9.97 МБ/с | Осталось: 51 сек
[2026-07-23 19:07:15] [INFO]       Прогресс: 90.6% | Скорость: 9.97 МБ/с | Осталось: 46 сек
[2026-07-23 19:07:20] [INFO]       Прогресс: 91.6% | Скорость: 9.97 МБ/с | Осталось: 41 сек
[2026-07-23 19:07:25] [INFO]       Прогресс: 92.6% | Скорость: 9.97 МБ/с | Осталось: 36 сек
[2026-07-23 19:07:30] [INFO]       Прогресс: 93.6% | Скорость: 9.96 МБ/с | Осталось: 31 сек
[2026-07-23 19:07:36] [INFO]       Прогресс: 94.6% | Скорость: 9.96 МБ/с | Осталось: 26 сек
[2026-07-23 19:07:41] [INFO]       Прогресс: 95.7% | Скорость: 9.97 МБ/с | Осталось: 21 сек
[2026-07-23 19:07:46] [INFO]       Прогресс: 96.8% | Скорость: 9.97 МБ/с | Осталось: 16 сек
[2026-07-23 19:07:51] [INFO]       Прогресс: 97.8% | Скорость: 9.97 МБ/с | Осталось: 11 сек
[2026-07-23 19:07:56] [INFO]       Прогресс: 98.9% | Скорость: 9.97 МБ/с | Осталось: 5 сек
[2026-07-23 19:08:01] [INFO]       Прогресс: 99.9% | Скорость: 9.97 МБ/с | Осталось: 0 сек
[2026-07-23 19:08:01] [INFO] ✅ ✅ Архив распакован за 8 мин 5 сек (средняя скорость: 9.97 МБ/с)
[2026-07-23 19:08:01] [INFO]    .bak файл: TRBOnet_6.4.bak (4.72 ГБ)
[2026-07-23 19:08:01] [INFO] 
📌 ШАГ 2: Восстановление базы данных
[2026-07-23 19:08:01] [INFO] ----------------------------------------
[2026-07-23 19:08:01] [INFO] 🔄 Восстановление базы данных TRBOnet_64_auto_script из TRBOnet_6.4.bak
[2026-07-23 19:08:01] [INFO]    Размер .bak: 4.72 ГБ
[2026-07-23 19:08:01] [INFO]    Источник: \\nsshare.trbonet.com\Share\Tester_common\bd_for_test\!bd_migration\bd_6.4\TRBOnet_6.4.bak
[2026-07-23 19:08:01] [INFO]    Получение информации о файлах из бэкапа...
[2026-07-23 19:08:01] [INFO]    Файл данных: TRBOnet → C:\Database_Backups\TRBOnet_64_auto_script.mdf
[2026-07-23 19:08:01] [INFO]    Файл лога: TRBOnet_log → C:\Database_Backups\TRBOnet_64_auto_script_log.ldf
[2026-07-23 19:08:01] [INFO]    Проверка существования БД...
[2026-07-23 19:08:02] [INFO]    База данных TRBOnet_64_auto_script существует (state=0)
[2026-07-23 19:08:02] [WARNING]    Не удалось удалить БД: ('42000', '[42000] [Microsoft][ODBC Driver 18 for SQL Server][SQL Server]ALTER DATABASE statement not allowed within multi-statement transaction. (226) (SQLExecDirectW)')
[2026-07-23 19:08:02] [INFO]    Выполнение восстановления...
[2026-07-23 19:08:02] [INFO]    Выполняется RESTORE...
[2026-07-23 19:08:02] [ERROR] ❌ Критическая ошибка: ('42000', '[42000] [Microsoft][ODBC Driver 18 for SQL Server][SQL Server]Cannot perform a backup or restore operation within a transaction. (3021) (SQLExecDirectW); [42000] [Microsoft][ODBC Driver 18 for SQL Server][SQL Server]RESTORE DATABASE is terminating abnormally. (3013)')
[2026-07-23 19:10:29] [INFO] ================================================================================
[2026-07-23 19:10:29] [INFO] 🚀 ВОССТАНОВЛЕНИЕ БАЗЫ ДАННЫХ ИЗ СЕТЕВОГО ПУТИ
[2026-07-23 19:10:29] [INFO] ================================================================================
[2026-07-23 19:10:29] [INFO] 📋 Параметры:
[2026-07-23 19:10:29] [INFO]    Архив: \\nsshare.trbonet.com\Share\Tester_common\bd_for_test\!bd_migration\bd_6.4\TRBOnet_6.4.zip
[2026-07-23 19:10:29] [INFO]    База данных: TRBOnet_64_auto_script
[2026-07-23 19:10:29] [INFO]    Путь для данных: C:\Database_Backups
[2026-07-23 19:10:29] [INFO]    SQL Server: S0343\SQLEXPRESS
[2026-07-23 19:10:29] [INFO]    Очистка .bak: Да
[2026-07-23 19:10:29] [INFO]    Сетевой пользователь: TRBONET\u.test
[2026-07-23 19:10:29] [INFO] ================================================================================
[2026-07-23 19:10:29] [INFO] 
📌 ШАГ 0: Подключение к сетевой папке
[2026-07-23 19:10:29] [INFO] ----------------------------------------
[2026-07-23 19:10:29] [INFO] 🔗 Подключение к сетевой папке: \\nsshare.trbonet.com\Share\Tester_common\bd_for_test\!bd_migration\bd_6.4
[2026-07-23 19:10:29] [INFO]    Очистка старых подключений...
[2026-07-23 19:10:30] [INFO] ✅ ✅ Сетевой диск Z: подключен
[2026-07-23 19:10:30] [INFO] 
📌 ШАГ 1: Распаковка архива в сетевой папке
[2026-07-23 19:10:30] [INFO] ----------------------------------------
[2026-07-23 19:10:30] [INFO] 📦 Распаковка архива: \\nsshare.trbonet.com\Share\Tester_common\bd_for_test\!bd_migration\bd_6.4\TRBOnet_6.4.zip
[2026-07-23 19:10:30] [INFO]    Размер архива: 809.73 МБ
[2026-07-23 19:11:49] [INFO] ✅ .bak файл уже существует: TRBOnet_6.4.bak
[2026-07-23 19:11:49] [INFO]    Размер: 4.72 ГБ
[2026-07-23 19:11:49] [INFO] 
📌 ШАГ 2: Восстановление базы данных
[2026-07-23 19:11:49] [INFO] ----------------------------------------
[2026-07-23 19:11:49] [INFO] 🔄 Восстановление базы данных TRBOnet_64_auto_script из TRBOnet_6.4.bak
[2026-07-23 19:11:49] [INFO]    Размер .bak: 4.72 ГБ
[2026-07-23 19:11:49] [INFO]    Источник: \\nsshare.trbonet.com\Share\Tester_common\bd_for_test\!bd_migration\bd_6.4\TRBOnet_6.4.bak
[2026-07-23 19:11:49] [INFO]    Получение информации о файлах из бэкапа...
[2026-07-23 19:11:49] [INFO]    Файл данных: TRBOnet → C:\Database_Backups\TRBOnet_64_auto_script.mdf
[2026-07-23 19:11:49] [INFO]    Файл лога: TRBOnet_log → C:\Database_Backups\TRBOnet_64_auto_script_log.ldf
[2026-07-23 19:11:49] [INFO]    Проверка существования БД...
[2026-07-23 19:11:49] [INFO]    База данных TRBOnet_64_auto_script существует (state=0)
[2026-07-23 19:11:49] [WARNING]    Не удалось удалить БД: ('42000', '[42000] [Microsoft][ODBC Driver 18 for SQL Server][SQL Server]Unable to open the physical file "C:\\Database_Backups\\TRBOnet_64_auto_script.mdf". Operating system error 2: "2(The system cannot find the file specified.)". (5120) (SQLExecDirectW); [42000] [Microsoft][ODBC Driver 18 for SQL Server][SQL Server]Unable to open the physical file "C:\\Database_Backups\\TRBOnet_64_auto_script.mdf". Operating system error 2: "2(The system cannot find the file specified.)". (5120); [42000] [Microsoft][ODBC Driver 18 for SQL Server][SQL Server]Could not restart database "TRBOnet_64_auto_script". Reverting to the previous status. (5181); [42000] [Microsoft][ODBC Driver 18 for SQL Server][SQL Server]ALTER DATABASE statement failed. (5069); [42000] [Microsoft][ODBC Driver 18 for SQL Server][SQL Server]File activation failure. The physical file name "C:\\Database_Backups\\TRBOnet_64_auto_script_log.ldf" may be incorrect. (5111); [42000] [Microsoft][ODBC Driver 18 for SQL Server][SQL Server]File activation failure. The physical file name "C:\\Database_Backups\\TRBOnet_64_auto_script_log.ldf" may be incorrect. (5111)')
[2026-07-23 19:11:49] [INFO]    Выполнение восстановления...
[2026-07-23 19:11:49] [INFO]    Выполняется RESTORE...
[2026-07-23 19:11:52] [INFO]    ✅ RESTORE выполнен, ожидаем завершения...
[2026-07-23 19:12:02] [INFO]    Восстановление продолжается... (10 сек.)
[2026-07-23 19:12:13] [INFO]    Восстановление продолжается... (20 сек.)
[2026-07-23 19:12:23] [INFO]    Восстановление продолжается... (30 сек.)
[2026-07-23 19:12:33] [INFO]    Восстановление продолжается... (40 сек.)
[2026-07-23 19:12:43] [INFO]    Восстановление продолжается... (50 сек.)
[2026-07-23 19:12:53] [INFO]    Восстановление продолжается... (60 сек.)
[2026-07-23 19:13:03] [INFO]    Восстановление продолжается... (70 сек.)
[2026-07-23 19:13:13] [INFO]    Восстановление продолжается... (80 сек.)
[2026-07-23 19:13:23] [INFO]    Восстановление продолжается... (90 сек.)
[2026-07-23 19:13:33] [INFO]    Восстановление продолжается... (100 сек.)
[2026-07-23 19:13:43] [INFO]    Восстановление продолжается... (110 сек.)
[2026-07-23 19:13:53] [INFO]    Восстановление продолжается... (120 сек.)
[2026-07-23 19:14:03] [INFO]    Восстановление продолжается... (130 сек.)
[2026-07-23 19:14:13] [INFO]    Восстановление продолжается... (140 сек.)
[2026-07-23 19:14:23] [INFO]    Восстановление продолжается... (150 сек.)
[2026-07-23 19:14:33] [INFO]    Восстановление продолжается... (160 сек.)
[2026-07-23 19:14:43] [INFO]    Восстановление продолжается... (170 сек.)
[2026-07-23 19:14:53] [INFO]    Восстановление продолжается... (180 сек.)
[2026-07-23 19:15:03] [INFO]    Восстановление продолжается... (190 сек.)
[2026-07-23 19:15:13] [INFO]    Восстановление продолжается... (200 сек.)
[2026-07-23 19:15:23] [INFO]    Восстановление продолжается... (210 сек.)
[2026-07-23 19:15:33] [INFO]    Восстановление продолжается... (220 сек.)
[2026-07-23 19:15:43] [INFO]    Восстановление продолжается... (230 сек.)
[2026-07-23 19:15:53] [INFO]    Восстановление продолжается... (240 сек.)
[2026-07-23 19:16:03] [INFO]    Восстановление продолжается... (250 сек.)
[2026-07-23 19:16:13] [INFO]    Восстановление продолжается... (260 сек.)
[2026-07-23 19:16:23] [INFO]    Восстановление продолжается... (270 сек.)
[2026-07-23 19:16:33] [INFO]    Восстановление продолжается... (280 сек.)
[2026-07-23 19:16:43] [INFO]    Восстановление продолжается... (290 сек.)
[2026-07-23 19:16:53] [INFO]    Восстановление продолжается... (300 сек.)
[2026-07-23 19:17:03] [INFO]    Восстановление продолжается... (310 сек.)
[2026-07-23 19:17:13] [INFO]    Восстановление продолжается... (320 сек.)
[2026-07-23 19:17:23] [INFO]    Восстановление продолжается... (330 сек.)
[2026-07-23 19:17:33] [INFO]    Восстановление продолжается... (340 сек.)
[2026-07-23 19:17:43] [INFO]    Восстановление продолжается... (350 сек.)
[2026-07-23 19:17:53] [INFO]    Восстановление продолжается... (360 сек.)
[2026-07-23 19:18:03] [INFO]    Восстановление продолжается... (370 сек.)
[2026-07-23 19:18:13] [INFO]    Восстановление продолжается... (380 сек.)
[2026-07-23 19:18:23] [INFO]    Восстановление продолжается... (390 сек.)
[2026-07-23 19:18:33] [INFO]    Восстановление продолжается... (400 сек.)
[2026-07-23 19:18:43] [INFO]    Восстановление продолжается... (410 сек.)
[2026-07-23 19:18:53] [INFO]    Восстановление продолжается... (420 сек.)
[2026-07-23 19:19:03] [INFO]    Восстановление продолжается... (430 сек.)
[2026-07-23 19:19:13] [INFO]    Восстановление продолжается... (440 сек.)
[2026-07-23 19:19:23] [INFO]    Восстановление продолжается... (450 сек.)
[2026-07-23 19:19:33] [INFO]    Восстановление продолжается... (460 сек.)
[2026-07-23 19:19:43] [INFO]    Восстановление продолжается... (470 сек.)
[2026-07-23 19:19:53] [INFO]    Восстановление продолжается... (480 сек.)
[2026-07-23 19:20:03] [INFO]    Восстановление продолжается... (490 сек.)
[2026-07-23 19:20:13] [INFO]    Восстановление продолжается... (500 сек.)
[2026-07-23 19:20:23] [INFO]    Восстановление продолжается... (510 сек.)
[2026-07-23 19:20:33] [INFO]    Восстановление продолжается... (520 сек.)
[2026-07-23 19:20:43] [INFO]    Восстановление продолжается... (530 сек.)
[2026-07-23 19:20:53] [INFO]    Восстановление продолжается... (540 сек.)
[2026-07-23 19:21:03] [INFO]    Восстановление продолжается... (550 сек.)
[2026-07-23 19:21:13] [INFO]    Восстановление продолжается... (560 сек.)
[2026-07-23 19:21:23] [INFO]    Восстановление продолжается... (570 сек.)
[2026-07-23 19:21:33] [INFO]    Восстановление продолжается... (580 сек.)
[2026-07-23 19:21:43] [INFO]    Восстановление продолжается... (590 сек.)
[2026-07-23 19:21:53] [INFO]    Восстановление продолжается... (600 сек.)
[2026-07-23 19:21:53] [WARNING] ⚠️ База в состоянии RESTORING, пробуем RECOVERY...
[2026-07-23 19:21:53] [ERROR] ❌ Ошибка RECOVERY: ('42000', '[42000] [Microsoft][ODBC Driver 18 for SQL Server][SQL Server]The database cannot be recovered because the log was not restored. (4333) (SQLExecDirectW); [42000] [Microsoft][ODBC Driver 18 for SQL Server][SQL Server]RESTORE DATABASE is terminating abnormally. (3013)')
[2026-07-24 00:02:07] [INFO] ================================================================================
[2026-07-24 00:02:07] [INFO] 🚀 ВОССТАНОВЛЕНИЕ БАЗЫ ДАННЫХ ИЗ СЕТЕВОГО ПУТИ
[2026-07-24 00:02:07] [INFO] ================================================================================
[2026-07-24 00:02:07] [INFO] 📋 Параметры:
[2026-07-24 00:02:07] [INFO]    Архив: \\nsshare.trbonet.com\Share\Tester_common\bd_for_test\!bd_migration\bd_6.4\TRBOnet_6.4.zip
[2026-07-24 00:02:07] [INFO]    База данных: TRBOnet_64_auto_script
[2026-07-24 00:02:07] [INFO]    Путь для данных: C:\Database_Backups
[2026-07-24 00:02:07] [INFO]    SQL Server: S0343\SQLEXPRESS
[2026-07-24 00:02:07] [INFO]    Очистка .bak: Да
[2026-07-24 00:02:07] [INFO]    Сетевой пользователь: TRBONET\u.test
[2026-07-24 00:02:07] [INFO] ================================================================================
[2026-07-24 00:02:07] [INFO] 
📌 ШАГ 0: Подключение к сетевой папке
[2026-07-24 00:02:07] [INFO] ----------------------------------------
[2026-07-24 00:02:07] [INFO] 🔗 Подключение к сетевой папке: \\nsshare.trbonet.com\Share\Tester_common\bd_for_test\!bd_migration\bd_6.4
[2026-07-24 00:02:07] [INFO]    Очистка старых подключений...
[2026-07-24 00:02:08] [INFO] ✅ ✅ Сетевой диск Z: подключен
[2026-07-24 00:02:08] [INFO] 
📌 ШАГ 1: Распаковка архива в сетевой папке
[2026-07-24 00:02:08] [INFO] ----------------------------------------
[2026-07-24 00:02:08] [INFO] 📦 Распаковка архива: \\nsshare.trbonet.com\Share\Tester_common\bd_for_test\!bd_migration\bd_6.4\TRBOnet_6.4.zip
[2026-07-24 00:02:08] [INFO]    Размер архива: 809.73 МБ
[2026-07-24 00:03:27] [INFO] ✅ .bak файл уже существует: TRBOnet_6.4.bak
[2026-07-24 00:03:27] [INFO]    Размер: 4.72 ГБ
[2026-07-24 00:03:27] [INFO] 
📌 ШАГ 2: Восстановление базы данных
[2026-07-24 00:03:27] [INFO] ----------------------------------------
[2026-07-24 00:03:27] [INFO] 🔄 Восстановление базы данных TRBOnet_64_auto_script из TRBOnet_6.4.bak
[2026-07-24 00:03:27] [INFO]    Размер .bak: 4.72 ГБ
[2026-07-24 00:03:27] [INFO]    Источник: \\nsshare.trbonet.com\Share\Tester_common\bd_for_test\!bd_migration\bd_6.4\TRBOnet_6.4.bak
[2026-07-24 00:03:27] [INFO]    Получение информации о файлах из бэкапа...
[2026-07-24 00:03:27] [INFO]    Файл данных: TRBOnet → C:\Database_Backups\TRBOnet_64_auto_script.mdf
[2026-07-24 00:03:27] [INFO]    Файл лога: TRBOnet_log → C:\Database_Backups\TRBOnet_64_auto_script_log.ldf
[2026-07-24 00:03:27] [INFO]    Проверка существования БД...
[2026-07-24 00:03:27] [INFO]    ✅ База данных TRBOnet_64_auto_script отсутствует
[2026-07-24 00:03:27] [INFO]    Выполнение восстановления...
[2026-07-24 00:03:27] [INFO]    Выполняется RESTORE...
[2026-07-24 00:03:30] [INFO]    ✅ RESTORE выполнен, ожидаем завершения...
[2026-07-24 00:03:40] [INFO]    Восстановление продолжается... (10 сек.)
[2026-07-24 00:03:50] [INFO]    Восстановление продолжается... (20 сек.)
[2026-07-24 00:04:00] [INFO]    Восстановление продолжается... (30 сек.)
[2026-07-24 00:04:10] [INFO]    Восстановление продолжается... (40 сек.)
[2026-07-24 00:04:20] [INFO]    Восстановление продолжается... (50 сек.)
[2026-07-24 00:04:30] [INFO]    Восстановление продолжается... (60 сек.)
[2026-07-24 00:04:40] [INFO]    Восстановление продолжается... (70 сек.)
[2026-07-24 00:04:50] [INFO]    Восстановление продолжается... (80 сек.)
[2026-07-24 00:05:00] [INFO]    Восстановление продолжается... (90 сек.)
[2026-07-24 00:05:10] [INFO]    Восстановление продолжается... (100 сек.)
[2026-07-24 00:05:20] [INFO]    Восстановление продолжается... (110 сек.)
[2026-07-24 00:05:30] [INFO]    Восстановление продолжается... (120 сек.)
[2026-07-24 00:05:40] [INFO]    Восстановление продолжается... (130 сек.)
[2026-07-24 00:05:50] [INFO]    Восстановление продолжается... (140 сек.)
[2026-07-24 00:06:00] [INFO]    Восстановление продолжается... (150 сек.)
[2026-07-24 00:06:10] [INFO]    Восстановление продолжается... (160 сек.)
[2026-07-24 00:06:20] [INFO]    Восстановление продолжается... (170 сек.)
[2026-07-24 00:06:30] [INFO]    Восстановление продолжается... (180 сек.)
[2026-07-24 00:06:40] [INFO]    Восстановление продолжается... (190 сек.)
[2026-07-24 00:06:50] [INFO]    Восстановление продолжается... (200 сек.)
[2026-07-24 00:12:26] [INFO] ================================================================================
[2026-07-24 00:12:26] [INFO] 🚀 ВОССТАНОВЛЕНИЕ БАЗЫ ДАННЫХ ИЗ СЕТЕВОГО ПУТИ
[2026-07-24 00:12:26] [INFO] ================================================================================
[2026-07-24 00:12:26] [INFO] 📋 Параметры:
[2026-07-24 00:12:26] [INFO]    Архив: \\nsshare.trbonet.com\Share\Tester_common\bd_for_test\!bd_migration\bd_6.4\TRBOnet_6.4.zip
[2026-07-24 00:12:26] [INFO]    База данных: TRBOnet_64_auto_script
[2026-07-24 00:12:26] [INFO]    Путь для данных: C:\Database_Backups
[2026-07-24 00:12:26] [INFO]    SQL Server: S0343\SQLEXPRESS
[2026-07-24 00:12:26] [INFO]    Очистка .bak: Да
[2026-07-24 00:12:26] [INFO]    Сетевой пользователь: TRBONET\u.test
[2026-07-24 00:12:26] [INFO] ================================================================================
[2026-07-24 00:12:26] [INFO] 
📌 ШАГ 0: Подключение к сетевой папке
[2026-07-24 00:12:26] [INFO] ----------------------------------------
[2026-07-24 00:12:26] [INFO] 🔗 Подключение к сетевой папке: \\nsshare.trbonet.com\Share\Tester_common\bd_for_test\!bd_migration\bd_6.4
[2026-07-24 00:12:26] [INFO]    Очистка старых подключений...
[2026-07-24 00:12:26] [INFO] ✅ ✅ Сетевой диск Z: подключен
[2026-07-24 00:12:26] [INFO] 
📌 ШАГ 1: Распаковка архива в сетевой папке
[2026-07-24 00:12:26] [INFO] ----------------------------------------
[2026-07-24 00:12:26] [INFO] 📦 Распаковка архива: \\nsshare.trbonet.com\Share\Tester_common\bd_for_test\!bd_migration\bd_6.4\TRBOnet_6.4.zip
[2026-07-24 00:12:26] [INFO]    Размер архива: 809.73 МБ
[2026-07-24 00:13:45] [INFO] ✅ .bak файл уже существует: TRBOnet_6.4.bak
[2026-07-24 00:13:45] [INFO]    Размер: 4.72 ГБ
[2026-07-24 00:13:45] [INFO] 
📌 ШАГ 2: Восстановление базы данных
[2026-07-24 00:13:45] [INFO] ----------------------------------------
[2026-07-24 00:13:45] [INFO] 🔄 Восстановление базы данных TRBOnet_64_auto_script из TRBOnet_6.4.bak
[2026-07-24 00:13:45] [INFO]    Размер .bak: 4.72 ГБ
[2026-07-24 00:13:45] [INFO]    Источник: \\nsshare.trbonet.com\Share\Tester_common\bd_for_test\!bd_migration\bd_6.4\TRBOnet_6.4.bak
[2026-07-24 00:13:45] [INFO]    Получение информации о файлах из бэкапа...
[2026-07-24 00:13:45] [INFO]    Файл данных: TRBOnet → C:\Database_Backups\TRBOnet_64_auto_script.mdf
[2026-07-24 00:13:45] [INFO]    Файл лога: TRBOnet_log → C:\Database_Backups\TRBOnet_64_auto_script_log.ldf
[2026-07-24 00:13:45] [INFO]    Проверка существования БД...
[2026-07-24 00:13:45] [INFO]    ✅ База данных TRBOnet_64_auto_script отсутствует
[2026-07-24 00:13:45] [INFO]    Выполнение восстановления...
[2026-07-24 00:13:45] [INFO]    Выполняется RESTORE...
[2026-07-24 00:13:48] [INFO]    ✅ RESTORE выполнен, ожидаем завершения...
[2026-07-24 00:13:58] [INFO]    Восстановление продолжается... (10 сек.)
[2026-07-24 00:14:08] [INFO]    Восстановление продолжается... (20 сек.)
[2026-07-24 00:14:18] [INFO]    Восстановление продолжается... (30 сек.)
[2026-07-24 00:14:28] [INFO]    Восстановление продолжается... (40 сек.)
[2026-07-24 00:14:38] [INFO]    Восстановление продолжается... (50 сек.)
[2026-07-24 00:14:48] [INFO]    Восстановление продолжается... (60 сек.)
[2026-07-24 00:14:58] [INFO]    Восстановление продолжается... (70 сек.)
[2026-07-24 00:15:08] [INFO]    Восстановление продолжается... (80 сек.)
[2026-07-24 00:15:18] [INFO]    Восстановление продолжается... (90 сек.)
[2026-07-24 00:15:28] [INFO]    Восстановление продолжается... (100 сек.)
[2026-07-24 00:15:38] [INFO]    Восстановление продолжается... (110 сек.)
[2026-07-24 00:15:48] [INFO]    Восстановление продолжается... (120 сек.)
[2026-07-24 00:15:58] [INFO]    Восстановление продолжается... (130 сек.)
[2026-07-24 00:16:08] [INFO]    Восстановление продолжается... (140 сек.)
[2026-07-24 00:16:18] [INFO]    Восстановление продолжается... (150 сек.)
[2026-07-24 00:16:28] [INFO]    Восстановление продолжается... (160 сек.)
[2026-07-24 00:16:38] [INFO]    Восстановление продолжается... (170 сек.)
[2026-07-24 00:16:48] [INFO]    Восстановление продолжается... (180 сек.)
[2026-07-24 00:16:58] [INFO]    Восстановление продолжается... (190 сек.)
[2026-07-24 00:17:08] [INFO]    Восстановление продолжается... (200 сек.)
[2026-07-24 00:17:18] [INFO]    Восстановление продолжается... (210 сек.)
[2026-07-24 00:17:29] [INFO]    Восстановление продолжается... (220 сек.)
[2026-07-24 00:17:39] [INFO]    Восстановление продолжается... (230 сек.)
[2026-07-24 00:17:49] [INFO]    Восстановление продолжается... (240 сек.)
[2026-07-24 00:17:59] [INFO]    Восстановление продолжается... (250 сек.)
[2026-07-24 00:18:09] [INFO]    Восстановление продолжается... (260 сек.)
[2026-07-24 00:18:19] [INFO]    Восстановление продолжается... (270 сек.)
[2026-07-24 00:18:29] [INFO]    Восстановление продолжается... (280 сек.)
[2026-07-24 00:18:39] [INFO]    Восстановление продолжается... (290 сек.)
[2026-07-24 00:18:49] [INFO]    Восстановление продолжается... (300 сек.)
[2026-07-24 00:18:59] [INFO]    Восстановление продолжается... (310 сек.)
[2026-07-24 00:19:09] [INFO]    Восстановление продолжается... (320 сек.)
[2026-07-24 00:19:19] [INFO]    Восстановление продолжается... (330 сек.)
[2026-07-24 00:19:29] [INFO]    Восстановление продолжается... (340 сек.)
[2026-07-24 00:19:39] [INFO]    Восстановление продолжается... (350 сек.)
[2026-07-24 00:19:49] [INFO]    Восстановление продолжается... (360 сек.)
[2026-07-24 00:19:59] [INFO]    Восстановление продолжается... (370 сек.)
[2026-07-24 00:20:09] [INFO]    Восстановление продолжается... (380 сек.)
[2026-07-24 00:20:19] [INFO]    Восстановление продолжается... (390 сек.)
[2026-07-24 00:20:29] [INFO]    Восстановление продолжается... (400 сек.)
[2026-07-24 00:20:39] [INFO]    Восстановление продолжается... (410 сек.)
[2026-07-24 00:20:49] [INFO]    Восстановление продолжается... (420 сек.)
[2026-07-24 00:20:59] [INFO]    Восстановление продолжается... (430 сек.)
[2026-07-24 00:21:09] [INFO]    Восстановление продолжается... (440 сек.)
[2026-07-24 00:21:19] [INFO]    Восстановление продолжается... (450 сек.)
[2026-07-24 00:21:29] [INFO]    Восстановление продолжается... (460 сек.)
[2026-07-24 00:21:39] [INFO]    Восстановление продолжается... (470 сек.)
[2026-07-24 00:21:49] [INFO]    Восстановление продолжается... (480 сек.)
[2026-07-24 00:21:59] [INFO]    Восстановление продолжается... (490 сек.)
[2026-07-24 00:22:09] [INFO]    Восстановление продолжается... (500 сек.)
[2026-07-24 00:28:36] [INFO] ================================================================================
[2026-07-24 00:28:36] [INFO] 🚀 ВОССТАНОВЛЕНИЕ БАЗЫ ДАННЫХ ИЗ СЕТЕВОГО ПУТИ
[2026-07-24 00:28:36] [INFO] ================================================================================
[2026-07-24 00:28:36] [INFO] 📋 Параметры:
[2026-07-24 00:28:36] [INFO]    Архив: \\nsshare.trbonet.com\Share\Tester_common\bd_for_test\!bd_migration\bd_6.4\TRBOnet_6.4.zip
[2026-07-24 00:28:36] [INFO]    База данных: TRBOnet_64_auto_script
[2026-07-24 00:28:36] [INFO]    Путь для данных: C:\Database_Backups
[2026-07-24 00:28:36] [INFO]    SQL Server: S0343\SQLEXPRESS
[2026-07-24 00:28:36] [INFO]    Очистка .bak: Да
[2026-07-24 00:28:36] [INFO]    Сетевой пользователь: TRBONET\u.test
[2026-07-24 00:28:36] [INFO] ================================================================================
[2026-07-24 00:28:36] [INFO] 
📌 ШАГ 0: Подключение к сетевой папке
[2026-07-24 00:28:36] [INFO] ----------------------------------------
[2026-07-24 00:28:36] [INFO] 🔗 Подключение к сетевой папке: \\nsshare.trbonet.com\Share\Tester_common\bd_for_test\!bd_migration\bd_6.4
[2026-07-24 00:28:36] [INFO] ✅ Папка уже доступна
[2026-07-24 00:28:36] [INFO] 
📌 ШАГ 1: Распаковка архива в сетевой папке
[2026-07-24 00:28:36] [INFO] ----------------------------------------
[2026-07-24 00:28:36] [INFO] 📦 Распаковка архива: \\nsshare.trbonet.com\Share\Tester_common\bd_for_test\!bd_migration\bd_6.4\TRBOnet_6.4.zip
[2026-07-24 00:28:36] [INFO]    Назначение: \\nsshare.trbonet.com\Share\Tester_common\bd_for_test\!bd_migration\bd_6.4
[2026-07-24 00:29:55] [INFO] ✅ .bak файл уже существует: TRBOnet_6.4.bak
[2026-07-24 00:29:55] [INFO]    Размер: 4.72 ГБ
[2026-07-24 00:29:55] [INFO] 
📌 ШАГ 2: Восстановление базы данных
[2026-07-24 00:29:55] [INFO] ----------------------------------------
[2026-07-24 00:29:55] [INFO] 🔄 Восстановление базы данных TRBOnet_64_auto_script из TRBOnet_6.4.bak
[2026-07-24 00:29:55] [INFO]    Размер .bak: 4.72 ГБ
[2026-07-24 00:29:55] [INFO]    Источник: \\nsshare.trbonet.com\Share\Tester_common\bd_for_test\!bd_migration\bd_6.4\TRBOnet_6.4.bak
[2026-07-24 00:29:55] [INFO]    Получение информации о файлах из бэкапа...
[2026-07-24 00:29:56] [INFO]    Файл данных: TRBOnet → C:\Database_Backups\TRBOnet_64_auto_script.mdf
[2026-07-24 00:29:56] [INFO]    Файл лога: TRBOnet_log → C:\Database_Backups\TRBOnet_64_auto_script_log.ldf
[2026-07-24 00:29:56] [INFO]    Проверка и удаление существующей БД...
[2026-07-24 00:29:56] [INFO]    База TRBOnet_64_auto_script не существует
[2026-07-24 00:29:56] [INFO]    Выполнение восстановления...
[2026-07-24 00:29:56] [INFO]    Выполняется RESTORE...
[2026-07-24 00:29:59] [INFO]    ✅ RESTORE выполнен
[2026-07-24 00:30:01] [INFO]    Проверка состояния базы...
[2026-07-24 00:30:11] [INFO]    Восстановление продолжается... (10 сек.)
[2026-07-24 00:30:21] [INFO]    Восстановление продолжается... (20 сек.)
[2026-07-24 00:30:31] [INFO]    Восстановление продолжается... (30 сек.)
[2026-07-24 00:30:41] [INFO]    Восстановление продолжается... (40 сек.)
[2026-07-24 00:30:51] [INFO]    Восстановление продолжается... (50 сек.)
[2026-07-24 00:31:01] [INFO]    Восстановление продолжается... (60 сек.)
[2026-07-24 00:31:11] [INFO]    Восстановление продолжается... (70 сек.)
[2026-07-24 00:31:21] [INFO]    Восстановление продолжается... (80 сек.)
[2026-07-24 00:31:31] [INFO]    Восстановление продолжается... (90 сек.)
[2026-07-24 00:31:41] [INFO]    Восстановление продолжается... (100 сек.)
[2026-07-24 00:31:51] [INFO]    Восстановление продолжается... (110 сек.)
[2026-07-24 00:32:01] [INFO]    Восстановление продолжается... (120 сек.)
[2026-07-24 00:32:01] [WARNING] ⚠️ База в состоянии RESTORING, пробуем принудительный RECOVERY...
[2026-07-24 00:32:01] [ERROR] ❌ Ошибка RECOVERY: ('42000', '[42000] [Microsoft][ODBC Driver 18 for SQL Server][SQL Server]The database cannot be recovered because the log was not restored. (4333) (SQLExecDirectW); [42000] [Microsoft][ODBC Driver 18 for SQL Server][SQL Server]RESTORE DATABASE is terminating abnormally. (3013)')
[2026-07-24 00:38:30] [INFO] ================================================================================
[2026-07-24 00:38:30] [INFO] 🚀 ВОССТАНОВЛЕНИЕ БАЗЫ ДАННЫХ ИЗ СЕТЕВОГО ПУТИ
[2026-07-24 00:38:30] [INFO] ================================================================================
[2026-07-24 00:38:30] [INFO] 📋 Параметры:
[2026-07-24 00:38:30] [INFO]    Архив: \\nsshare.trbonet.com\Share\Tester_common\bd_for_test\!bd_migration\bd_6.4\TRBOnet_6.4.zip
[2026-07-24 00:38:30] [INFO]    База данных: TRBOnet_64_auto_script
[2026-07-24 00:38:30] [INFO]    Путь для данных: C:\Database_Backups
[2026-07-24 00:38:30] [INFO]    SQL Server: S0343\SQLEXPRESS
[2026-07-24 00:38:30] [INFO]    Очистка .bak: Да
[2026-07-24 00:38:30] [INFO]    Сетевой пользователь: TRBONET\u.test
[2026-07-24 00:38:30] [INFO] ================================================================================
[2026-07-24 00:38:30] [INFO] 
📌 ШАГ 0: Подключение к сетевой папке
[2026-07-24 00:38:30] [INFO] ----------------------------------------
[2026-07-24 00:38:30] [INFO] 🔗 Подключение к сетевой папке: \\nsshare.trbonet.com\Share\Tester_common\bd_for_test\!bd_migration\bd_6.4
[2026-07-24 00:38:30] [INFO] ✅ ✅ Доступ получен
[2026-07-24 00:38:30] [INFO] 
📌 ШАГ 1: Распаковка архива в сетевой папке
[2026-07-24 00:38:30] [INFO] ----------------------------------------
[2026-07-24 00:38:30] [INFO] 📦 Распаковка архива: \\nsshare.trbonet.com\Share\Tester_common\bd_for_test\!bd_migration\bd_6.4\TRBOnet_6.4.zip
[2026-07-24 00:38:30] [INFO]    Назначение: \\nsshare.trbonet.com\Share\Tester_common\bd_for_test\!bd_migration\bd_6.4
[2026-07-24 00:39:49] [INFO] ✅ .bak файл уже существует: TRBOnet_6.4.bak
[2026-07-24 00:39:49] [INFO]    Размер: 4.72 ГБ
[2026-07-24 00:39:49] [INFO] 
📌 ШАГ 2: Восстановление базы данных
[2026-07-24 00:39:49] [INFO] ----------------------------------------
[2026-07-24 00:39:49] [INFO] 🔄 Восстановление базы данных TRBOnet_64_auto_script из TRBOnet_6.4.bak
[2026-07-24 00:39:49] [INFO]    Размер .bak: 4.72 ГБ
[2026-07-24 00:39:49] [INFO]    Источник: \\nsshare.trbonet.com\Share\Tester_common\bd_for_test\!bd_migration\bd_6.4\TRBOnet_6.4.bak
[2026-07-24 00:39:49] [INFO]    Получение информации о файлах из бэкапа...
[2026-07-24 00:39:49] [INFO]    Файл данных: TRBOnet → C:\Database_Backups\TRBOnet_64_auto_script.mdf
[2026-07-24 00:39:49] [INFO]    Файл лога: TRBOnet_log → C:\Database_Backups\TRBOnet_64_auto_script_log.ldf
[2026-07-24 00:39:49] [INFO]    Проверка и удаление существующей БД...
[2026-07-24 00:39:49] [INFO]    База TRBOnet_64_auto_script не существует
[2026-07-24 00:39:49] [INFO]    Выполнение восстановления...
[2026-07-24 00:39:49] [INFO]    Выполняется RESTORE...
[2026-07-24 00:40:33] [INFO]    ✅ Команда RESTORE отправлена, ожидаем завершения...
[2026-07-24 00:40:38] [INFO] ✅    ✅ База данных ONLINE (через 5 сек.)
[2026-07-24 00:40:40] [INFO]    Финальная проверка состояния...
[2026-07-24 00:40:40] [INFO] ✅ ✅ База данных TRBOnet_64_auto_script восстановлена за 50 сек
[2026-07-24 00:40:40] [INFO]    ✅ База данных переведена в MULTI_USER
[2026-07-24 00:40:40] [INFO] 
📌 ШАГ 3: Очистка .bak файла
[2026-07-24 00:40:40] [INFO] ----------------------------------------
[2026-07-24 00:40:40] [INFO]    🗑️ Удалён сетевой .bak: TRBOnet_6.4.bak
[2026-07-24 00:40:40] [INFO] 
================================================================================
[2026-07-24 00:40:40] [INFO] ✅ ✅ БАЗА ДАННЫХ ВОССТАНОВЛЕНА: TRBOnet_64_auto_script
[2026-07-24 00:40:40] [INFO] ================================================================================
[2026-07-24 00:40:40] [INFO]    SQL Server: S0343\SQLEXPRESS
[2026-07-24 00:40:40] [INFO]    Время начала: 2026-07-24 00:38:30
[2026-07-24 00:40:40] [INFO]    Время окончания: 2026-07-24 00:40:40
[2026-07-24 00:40:40] [INFO]    Общее время: 2 мин 10 сек
[2026-07-24 00:40:40] [INFO] ================================================================================
